VAR1,ApotekNr,Navn,TypeID,Adresse,PostNr,Startdato,Slutdato,amt,Kommune,Region,Adresse_v2,latitudes,longitudes,Stdato,Sldato,Styear,Slyear,dummy,geometry,Year,GNS_OMS,GNS_MED_PROFIT,ALDER,d65,d17,samlet_ind,Besk,Besk1864,DK,Befolkning,yderkom
348,243,København Amagerbro,6,Reberbanegade 3,2300,"01Jan1913 0:00:00,000",,1084,101,1084,"Reberbanegade 3, 2300 Denmark",55.662829,12.603788,1913-01-01,,1913,2025,2008,POINT (12.603788 55.662829),2011,37041854.164,13283735.603,35.55,0.1039358893,0.1764684455,185214.51431,0.5256724657,0.7025419352,0.780968585,549050,0
349,341,København Apoteket R,6,Tuborgvej 269,2400,"01Jan1935 0:00:00,000",,1084,101,1084,"Tuborgvej 269, 2400 Denmark",55.71175,12.53244,1935-01-01,,1935,2025,2008,POINT (12.53244 55.71175),2011,37041854.164,13283735.603,35.55,0.1039358893,0.1764684455,185214.51431,0.5256724657,0.7025419352,0.780968585,549050,0
352,242,København Apoteket S,6,Nørrebrogade 224,2200,"01Jan1913 0:00:00,000",,1084,101,1084,"Nørrebrogade 224, 2200 Denmark",55.700139,12.540203,1913-01-01,,1913,2025,2008,POINT (12.540203 55.700139),2011,37041854.164,13283735.603,35.55,0.1039358893,0.1764684455,185214.51431,0.5256724657,0.7025419352,0.780968585,549050,0
353,232,København Apoteket T,6,Ndr. Frihavnsgade 3,2100,"01Jan1909 0:00:00,000",,1084,101,1084,"Ndr. Frihavnsgade 3, 2100 Denmark",55.700024,12.578069,1909-01-01,,1909,2025,2008,POINT (12.578069 55.700024),2011,37041854.164,13283735.603,35.55,0.1039358893,0.1764684455,185214.51431,0.5256724657,0.7025419352,0.780968585,549050,0
358,029,København Christians,6,Torvegade 47,1400,01-01-1753 00:00,,1084,101,1084,"Torvegade 47, 1400 Denmark",55.672344,12.591926,1753-01-01,,1753,2025,2008,POINT (12.591926 55.672344),2011,37041854.164,13283735.603,35.55,0.1039358893,0.1764684455,185214.51431,0.5256724657,0.7025419352,0.780968585,549050,0
361,309,København Enghave Ap,13,Enghave Plads 25,1670,"01Jan1922 0:00:00,000",,1084,101,1084,"Enghave Plads 25, 1670 Denmark",55.666133,12.544116,1922-01-01,,1922,2025,2008,POINT (12.544116 55.666133),2011,37041854.164,13283735.603,35.55,0.1039358893,0.1764684455,185214.51431,0.5256724657,0.7025419352,0.780968585,549050,0
367,334,København Grøndalsa,13,Godthåbsvej 187A,2720,"01Jan1935 0:00:00,000",,1084,101,1084,"Godthåbsvej 187A, 2720 Denmark",55.6908748,12.5159263,1935-01-01,,1935,2025,2008,POINT (12.5159263 55.6908748),2011,37041854.164,13283735.603,35.55,0.1039358893,0.1764684455,185214.51431,0.5256724657,0.7025419352,0.780968585,549050,0
371,341-2,København Hamlets Ap,7,Hamletsgade 2,2200,"01Jun2009 0:00:00,000",,1084,101,1084,"Hamletsgade 2, 2200 Denmark",55.703088,12.547708,2009-06-01,,2009,2025,2009,POINT (12.547708 55.703088),2011,37041854.164,13283735.603,35.55,0.1039358893,0.1764684455,185214.51431,0.5256724657,0.7025419352,0.780968585,549050,0
374,322,København Husum Apot,6,Frederikssundsvej 320,2700,"01Jan1929 0:00:00,000",,1084,101,1084,"Frederikssundsvej 320, 2700 Denmark",55.711998,12.47255,1929-01-01,,1929,2025,2008,POINT (12.47255 55.711998),2011,37041854.164,13283735.603,35.55,0.1039358893,0.1764684455,185214.51431,0.5256724657,0.7025419352,0.780968585,549050,0
375,029-1,København Islands Br,7,Islands Brygge 3-5,2300,"01Feb2003 0:00:00,000",,1084,101,1084,"Islands Brygge 3-5, 2300 Denmark",55.6695424,12.5797902,2003-02-01,,2003,2025,2008,POINT (12.5797902 55.6695424),2011,37041854.164,13283735.603,35.55,0.1039358893,0.1764684455,185214.51431,0.5256724657,0.7025419352,0.780968585,549050,0
379,021,København Kongelig H,6,Store Kongensgade 45,1264,01-01-1753 00:00,,1084,101,1084,"Store Kongensgade 45, 1264 Denmark",55.683269,12.586637,1753-01-01,,1753,2025,2008,POINT (12.586637 55.683269),2011,37041854.164,13283735.603,35.55,0.1039358893,0.1764684455,185214.51431,0.5256724657,0.7025419352,0.780968585,549050,0
382,338,København Linde Apot,6,Frederikssundsvej 152,2700,"01Jan1937 0:00:00,000",,1084,101,1084,"Frederikssundsvej 152, 2700 Denmark",55.704659,12.500087,1937-01-01,,1937,2025,2008,POINT (12.500087 55.704659),2011,37041854.164,13283735.603,35.55,0.1039358893,0.1764684455,185214.51431,0.5256724657,0.7025419352,0.780968585,549050,0
384,090,København Nørrebro,6,Nørrebrogade 8,2200,01-01-1843 00:00,,1084,101,1084,"Nørrebrogade 8, 2200 Denmark",55.687462,12.56233,1843-01-01,,1843,2025,2008,POINT (12.56233 55.687462),2011,37041854.164,13283735.603,35.55,0.1039358893,0.1764684455,185214.51431,0.5256724657,0.7025419352,0.780968585,549050,0
389,134,København Sct. Stefa,13,Nørrebrogade 140,2200,01-01-1881 00:00,,1084,101,1084,"Nørrebrogade 140, 2200 Denmark",55.694695,12.548836,1881-01-01,,1881,2025,2008,POINT (12.548836 55.694695),2011,37041854.164,13283735.603,35.55,0.1039358893,0.1764684455,185214.51431,0.5256724657,0.7025419352,0.780968585,549050,0
392,183,København Steno Apot,6,Vesterbrogade 6 C,1620,"01Jan1900 0:00:00,000",,1084,101,1084,"Vesterbrogade 6 C, 1620 Denmark",55.6726557,12.550866,1900-01-01,,1900,2025,2008,POINT (12.550866 55.6726557),2011,37041854.164,13283735.603,35.55,0.1039358893,0.1764684455,185214.51431,0.5256724657,0.7025419352,0.780968585,549050,0
397,332,København Sydhavnsap,13,Borgbjergsvej 15,2450,"01Jan1933 0:00:00,000",,1084,101,1084,"Borgbjergsvej 15, 2450 Denmark",55.651462,12.537598,1933-01-01,,1933,2025,2008,POINT (12.537598 55.651462),2011,37041854.164,13283735.603,35.55,0.1039358893,0.1764684455,185214.51431,0.5256724657,0.7025419352,0.780968585,549050,0
399,199,København Sønderbro,6,Amagerbrogade 158,2300,"01Jan1902 0:00:00,000",,1084,101,1084,"Amagerbrogade 158, 2300 Denmark",55.654731,12.610199,1902-01-01,,1902,2025,2008,POINT (12.610199 55.654731),2011,37041854.164,13283735.603,35.55,0.1039358893,0.1764684455,185214.51431,0.5256724657,0.7025419352,0.780968585,549050,0
400,318,København Trekroner,6,Vigerslev Allé 38,2500,"01Jan1925 0:00:00,000",,1084,101,1084,"Vigerslev Allé 38, 2500 Denmark",55.661884,12.518641,1925-01-01,,1925,2025,2008,POINT (12.518641 55.661884),2011,37041854.164,13283735.603,35.55,0.1039358893,0.1764684455,185214.51431,0.5256724657,0.7025419352,0.780968585,549050,0
401,031,København Vaisenhus,13,Landemærket 3-5,1119,01-01-1753 00:00,,1084,101,1084,"Landemærket 3-5, 1119 Denmark",55.6827864,12.5776629,1753-01-01,,1753,2025,2008,POINT (12.5776629 55.6827864),2011,37041854.164,13283735.603,35.55,0.1039358893,0.1764684455,185214.51431,0.5256724657,0.7025419352,0.780968585,549050,0
402,197,København Valby Apot,6,Valby Langgade 49,2500,"01Jan1902 0:00:00,000",,1084,101,1084,"Valby Langgade 49, 2500 Denmark",55.666526,12.516945,1902-01-01,,1902,2025,2008,POINT (12.516945 55.666526),2011,37041854.164,13283735.603,35.55,0.1039358893,0.1764684455,185214.51431,0.5256724657,0.7025419352,0.780968585,549050,0
406,202,København Øresunds,6,Østerbrogade 151,2100,"01Jan1902 0:00:00,000",,1084,101,1084,"Østerbrogade 151, 2100 Denmark",55.714092,12.577286,1902-01-01,,1902,2025,2008,POINT (12.577286 55.714092),2011,37041854.164,13283735.603,35.55,0.1039358893,0.1764684455,185214.51431,0.5256724657,0.7025419352,0.780968585,549050,0
408,320,København Østerbro,13,Østerbrogade 101,2100,"01Jan1929 0:00:00,000",,1084,101,1084,"Østerbrogade 101, 2100 Denmark",55.709432,12.577196,1929-01-01,,1929,2025,2008,POINT (12.577196 55.709432),2011,37041854.164,13283735.603,35.55,0.1039358893,0.1764684455,185214.51431,0.5256724657,0.7025419352,0.780968585,549050,0
700,343,Vanløse Løve Apotek,6,"Vanløse Torv 1, st. 123",2720,"01Jan1937 0:00:00,000",,1084,101,1084,"Vanløse Torv 1, st. 123, 2720 Denmark",55.708988,12.583695,1937-01-01,,1937,2025,2008,POINT (12.583695 55.708988),2011,37041854.164,13283735.603,35.55,0.1039358893,0.1764684455,185214.51431,0.5256724657,0.7025419352,0.780968585,549050,0
147,111,Frederiksberg Apotek,6,Gammel Kongevej 162,1850,01-01-1867 00:00,,1084,147,1084,"Gammel Kongevej 162, 1850 Denmark",55.6760515,12.5432969,1867-01-01,,1867,2025,2008,POINT (12.5432969 55.6760515),2011,35341227.6,12728116.41,38.91,0.1621513745,0.1717208003,209206.77701,0.5189916539,0.7372132183,0.83429018,100215,0
149,184,Frederiksberg Apoteke,6,Godthåbsvej 4,2000,"12Nov1901 0:00:00,000",,1084,147,1084,"Godthåbsvej 4, 2000 Denmark",55.685538,12.538161,1901-11-12,,1901,2025,2008,POINT (12.538161 55.685538),2011,35341227.6,12728116.41,38.91,0.1621513745,0.1717208003,209206.77701,0.5189916539,0.7372132183,0.83429018,100215,0
150,327,Frederiksberg Dalgas,6,Dalgas Boulevard 91,2000,01.03.1994,,1084,147,1084,"Dalgas Boulevard 91, 2000 Denmark",55.681633,12.510563,1994-01-03,,1994,2025,2008,POINT (12.510563 55.681633),2011,35341227.6,12728116.41,38.91,0.1621513745,0.1717208003,209206.77701,0.5189916539,0.7372132183,0.83429018,100215,0
152,262,Frederiksberg Gl. Kon,13,Gammel Kongevej 76,1850,"01Jan1916 0:00:00,000",,1084,147,1084,"Gammel Kongevej 76, 1850 Denmark",55.674336,12.551359,1916-01-01,,1916,2025,2008,POINT (12.551359 55.674336),2011,35341227.6,12728116.41,38.91,0.1621513745,0.1717208003,209206.77701,0.5189916539,0.7372132183,0.83429018,100215,0
154,185,Frederiksberg Smalleg,6,Smallegade 46,2000,"01Jan1900 0:00:00,000",,1084,147,1084,"Smallegade 46, 2000 Denmark",55.679679,12.523739,1900-01-01,,1900,2025,2008,POINT (12.523739 55.679679),2011,35341227.6,12728116.41,38.91,0.1621513745,0.1717208003,209206.77701,0.5189916539,0.7372132183,0.83429018,100215,0
59,225,Ballerup Apotek,6,Centrumgaden 24-26,2750,"01Jan1907 0:00:00,000",,1084,151,1084,"Centrumgaden 24-26, 2750 Denmark",55.7281229,12.3598013,1907-01-01,,1907,2025,2008,POINT (12.3598013 55.7281229),2011,31677825.05,11534573.52,40.44,0.1940659249,0.2227986832,173036.57884,0.4609924636,0.7334478563,0.8650550093,47994,0
467,225-1,Maaløv Apotek,7,Stationsvej 7,2760,01.04.2000,,1084,151,1084,"Stationsvej 7, 2760 Denmark",55.748557,12.318699,2000-01-04,,2000,2025,2008,POINT (12.318699 55.748557),2011,31677825.05,11534573.52,40.44,0.1940659249,0.2227986832,173036.57884,0.4609924636,0.7334478563,0.8650550093,47994,0
595,360,Skovlunde Apotek,6,Torvestrædet 2,2740,"01Jan1966 0:00:00,000",,1084,151,1084,"Torvestrædet 2, 2740 Denmark",55.8697314,12.3554134,1966-01-01,,1966,2025,2008,POINT (12.3554134 55.8697314),2011,31677825.05,11534573.52,40.44,0.1940659249,0.2227986832,173036.57884,0.4609924636,0.7334478563,0.8650550093,47994,0
90,355-1,Brøndby Strand Apote,7,Brøndby Strand Centrum 16,2660,01.01.1992,,1084,153,1084,"Brøndby Strand Centrum 16, 2660 Denmark",55.621545,12.42262,1992-01-01,,1992,2025,2008,POINT (12.42262 55.621545),2011,,,40.74,0.1848667997,0.2137659899,155415.69805,0.4482079906,0.6918644399,0.7315511163,34084,0
92,354,Brøndbyøster Apotek,6,Nygårds Plads 29A,2605,"01Jan1957 0:00:00,000",,1084,153,1084,"Nygårds Plads 29A, 2605 Denmark",55.667523,12.437595,1957-01-01,,1957,2025,2008,POINT (12.437595 55.667523),2011,,,40.74,0.1848667997,0.2137659899,155415.69805,0.4482079906,0.6918644399,0.7315511163,34084,0
109,350-1,Dragør Apotek,7,Maglebytorv 18,2791,"01Sep2006 0:00:00,000",,1084,155,1084,"Maglebytorv 18, 2791 Denmark",55.59519,12.660578,2006-09-01,,2006,2025,2008,POINT (12.660578 55.59519),2011,,,42.89,0.2188869413,0.2299883143,211344.19641,0.4894177957,0.8031632111,0.9310142805,13692,0
102,159,Charlottenlund Apotek,6,"Lindegårdsvej 51, st",2920,01-01-1894 00:00,,1084,157,1084,"Lindegårdsvej 51, st, 2920 Denmark",55.75463,12.569751,1894-01-01,,1894,2025,2008,POINT (12.569751 55.75463),2011,33201141.75,12040880.123,40.66,0.1823687752,0.2347762793,276404.05535,0.501839303,0.7797320132,0.8744710275,72814,0
165,215,Gentofte Apotek,13,Gentoftegade 35,2820,"01Jan1904 0:00:00,000",,1084,157,1084,"Gentoftegade 35, 2820 Denmark",55.747369,12.541228,1904-01-01,,1904,2025,2008,POINT (12.541228 55.747369),2011,33201141.75,12040880.123,40.66,0.1823687752,0.2347762793,276404.05535,0.501839303,0.7797320132,0.8744710275,72814,0
220,182,Hellerup Apotek,13,Strandvejen 165,2900,"01Jan1900 0:00:00,000",,1084,157,1084,"Strandvejen 165, 2900 Denmark",55.732495,12.575353,1900-01-01,,1900,2025,2008,POINT (12.575353 55.732495),2011,33201141.75,12040880.123,40.66,0.1823687752,0.2347762793,276404.05535,0.501839303,0.7797320132,0.8744710275,72814,0
523,325,Ordrup Apotek,6,Ordrupvej 80,2920,"01Jan1930 0:00:00,000",,1084,157,1084,"Ordrupvej 80, 2920 Denmark",55.761535,12.574219,1930-01-01,,1930,2025,2008,POINT (12.574219 55.761535),2011,33201141.75,12040880.123,40.66,0.1823687752,0.2347762793,276404.05535,0.501839303,0.7797320132,0.8744710275,72814,0
58,353,Bagsværd Apotek,6,Bagsværd Torv 6,2880,"01Jan1956 0:00:00,000",,1084,159,1084,"Bagsværd Torv 6, 2880 Denmark",55.76157,12.452301,1956-01-01,,1956,2025,2008,POINT (12.452301 55.76157),2011,42112411.35,15179109.06,39.15,0.1624887065,0.2300200603,187117.46404,0.4909755049,0.7502903307,0.8442200258,65303,0
98,358,Buddinge Apotek,13,Søborg Hovedgade 201,2860,"01Jan1961 0:00:00,000",,1084,159,1084,"Søborg Hovedgade 201, 2860 Denmark",55.741866,12.497438,1961-01-01,,1961,2025,2008,POINT (12.497438 55.741866),2011,42112411.35,15179109.06,39.15,0.1624887065,0.2300200603,187117.46404,0.4909755049,0.7502903307,0.8442200258,65303,0
646,312,Søborg Apotek,6,Søborg Hovedgade 86,2860,"01Jan1925 0:00:00,000",,1084,159,1084,"Søborg Hovedgade 86, 2860 Denmark",55.734786,12.513729,1925-01-01,,1925,2025,2008,POINT (12.513729 55.734786),2011,42112411.35,15179109.06,39.15,0.1624887065,0.2300200603,187117.46404,0.4909755049,0.7502903307,0.8442200258,65303,0
174,109,Glostrup Apotek,6,Hovedvejen 101,2600,01-01-1863 00:00,,1084,161,1084,"Hovedvejen 101, 2600 Denmark",55.665658,12.396538,1863-01-01,,1863,2025,2008,POINT (12.396538 55.665658),2011,,,40.55,0.1853117783,0.2030484988,182615.85482,0.4979393378,0.7614324652,0.8611715675,21650,0
229,351,Herlev Apotek,6,Herlev Torv 13,2730,"01Jan1951 0:00:00,000",,1084,163,1084,"Herlev Torv 13, 2730 Denmark",55.724141,12.438964,1951-01-01,,1951,2025,2008,POINT (12.438964 55.724141),2011,,,40.80,0.184192724,0.2191446182,175472.87795,0.4809053932,0.7502050603,0.8502937632,26608,0
0,359,Albertslund Apotek,6,Bytorvet 5,2620,"01Jan1966 0:00:00,000",,1084,165,1084,"Bytorvet 5, 2620 Denmark",55.656514,12.353695,1966-01-01,,1966,2025,2008,POINT (12.353695 55.656514),2011,,,37.78,0.152670112,0.2347473442,155526.47222,0.4546862618,0.6861661473,0.7366904402,27864,0
159,355,Friheden Apotek,6,Strandmarksvej 20,2650,"01Jan1958 0:00:00,000",,1084,167,1084,"Strandmarksvej 20, 2650 Denmark",55.626891,12.484661,1958-01-01,,1958,2025,2008,POINT (12.484661 55.626891),2011,,,39.51,0.1689920949,0.2200592885,174141.00019,0.4873480379,0.7473356872,0.8449887142,50600,0
280,348,Hvidovre Apotek,6,Hvidovrevej 178,2650,"01Jan1950 0:00:00,000",,1084,167,1084,"Hvidovrevej 178, 2650 Denmark",55.65347,12.474295,1950-01-01,,1950,2025,2008,POINT (12.474295 55.65347),2011,,,39.51,0.1689920949,0.2200592885,174141.00019,0.4873480379,0.7473356872,0.8449887142,50600,0
218,252-1,Hedehusene Apotek,7,Hovedgaden 421,2640,01.01.1992,,1084,169,1084,"Hovedgaden 421, 2640 Denmark",55.649489,12.200141,1992-01-01,,1992,2025,2008,POINT (12.200141 55.649489),2011,,,38.64,0.1576090348,0.2332522202,173709.9251,0.4790394196,0.7263150694,0.780450689,48081,0
682,252,Taastrup Apotek,6,Taastrup Hovedgade 60,2630,"01Jan1908 0:00:00,000",,1084,169,1084,"Taastrup Hovedgade 60, 2630 Denmark",55.65025,12.301525,1908-01-01,,1908,2025,2008,POINT (12.301525 55.65025),2011,,,38.64,0.1576090348,0.2332522202,173709.9251,0.4790394196,0.7263150694,0.780450689,48081,0
430,342,Lyngby Løve Apotek,6,Jernbanepladsen 43,2800,11.04.1979,,1084,173,1084,"Jernbanepladsen 43, 2800 Denmark",55.768562,12.503108,1979-11-04,,1979,2025,2008,POINT (12.503108 55.768562),2011,35004342.5,12536625.81,41.18,0.1936865035,0.2157330379,224994.03778,0.4896859635,0.7662582169,0.8854623891,53251,0
432,059,Lyngby Svane Apotek,6,Lyngby Hovedgade 27,2800,01-01-1806 00:00,,1084,173,1084,"Lyngby Hovedgade 27, 2800 Denmark",55.771531,12.502527,1806-01-01,,1806,2025,2008,POINT (12.502527 55.771531),2011,35004342.5,12536625.81,41.18,0.1936865035,0.2157330379,224994.03778,0.4896859635,0.7662582169,0.8854623891,53251,0
734,349,Virum Apotek,13,Frederiksdalsvej 73,2830,"01Jan1950 0:00:00,000",,1084,173,1084,"Frederiksdalsvej 73, 2830 Denmark",55.795311,12.473014,1950-01-01,,1950,2025,2008,POINT (12.473014 55.795311),2011,35004342.5,12536625.81,41.18,0.1936865035,0.2157330379,224994.03778,0.4896859635,0.7662582169,0.8854623891,53251,0
562,339,Rødovre Apotek,6,"Rødovre Centrum 1C, st. 124",2610,"01Jan1937 0:00:00,000",,1084,175,1084,"Rødovre Centrum 1C, st. 124, 2610 Denmark",55.711942,12.547045,1937-01-01,,1937,2025,2008,POINT (12.547045 55.711942),2011,,,40.72,0.1868882683,0.2103408074,171820.46398,0.4818455856,0.7469494349,0.8464003476,36883,0
302,365-1,Ishøj Apotek,7,"Ishøj Nørregade 12, Ishøj Byce",2635,01.01.1991,,1084,183,1084,"Ishøj Nørregade 12, Ishøj Bycenter, 2635 Den",55.6154,12.3518,1991-01-01,,1991,2025,2008,POINT (12.3518 55.6154),2011,,,37.38,0.1370512638,0.2380139422,157324.2349,0.4618674269,0.6841865411,0.6637681159,21087,0
322,350,Kastrup Apotek,6,Skottegården 2,2770,"01Jan1950 0:00:00,000",,1084,185,1084,"Skottegården 2, 2770 Denmark",55.6377,12.635151,1950-01-01,,1950,2025,2008,POINT (12.635151 55.6377),2011,,,40.92,0.1806274453,0.2192899322,180726.17569,0.4943426527,0.7702439815,0.8952234956,41151,0
679,323,Tårnby Apotek,6,Kamillevej 4,2770,"01Jan1929 0:00:00,000",,1084,185,1084,"Kamillevej 4, 2770 Denmark",55.632714,12.622263,1929-01-01,,1929,2025,2008,POINT (12.622263 55.632714),2011,,,40.92,0.1806274453,0.2192899322,180726.17569,0.4943426527,0.7702439815,0.8952234956,41151,0
696,359-1,Vallensbæk Apotek,7,Vallensbæk Stationstorv 60,2665,01.01.1992,01-APR-2020,1084,187,1084,"Vallensbæk Stationstorv 60, 2665 Denmark",55.62323,12.388825,1992-01-01,2020-04-01,1992,2020,2008,POINT (12.388825 55.62323),2011,,,38.92,0.17082046,0.2430484037,197405.5164,0.5098686473,0.8010557185,0.8240836256,14565,0
134,278,Farum Apotek,6,Farum Bytorv 69,3520,01-01-1885 00:00,,1084,190,1084,"Farum Bytorv 69, 3520 Denmark",55.814654,12.381689,1885-01-01,,1885,2025,2008,POINT (12.381689 55.814654),2011,,,40.87,0.1926888581,0.2506079544,220505.91248,0.4886345781,0.7918645662,0.8826271408,38243,0
744,362,Værløse Apotek,6,Bymidten 13,3500,"01Jan1967 0:00:00,000",,1084,190,1084,"Bymidten 13, 3500 Denmark",55.784539,12.373718,1967-01-01,,1967,2025,2008,POINT (12.373718 55.784539),2011,,,40.87,0.1926888581,0.2506079544,220505.91248,0.4886345781,0.7918645662,0.8826271408,38243,0
2,346-1,Allerød Apotek,7,Allerød Stationsvej 9,3450,07.03.2008,,1084,201,1084,"Allerød Stationsvej 9, 3450 Denmark",55.871124,12.355782,2008-07-03,,2008,2025,2008,POINT (12.355782 55.871124),2011,,,40.05,0.1796364846,0.2631535166,226807.43276,0.5072041309,0.826733413,0.9352044641,24043,0
144,154-2,Fredensborg Apotek,7,Jernbanegade 3,3480,01.01.1992,,1084,210,1084,"Jernbanegade 3, 3480 Denmark",55.979023,12.398907,1992-01-01,,1992,2025,2008,POINT (12.398907 55.979023),2011,26612130.25,9624056.9,41.04,0.1811702262,0.2374826235,203640.61035,0.4922632765,0.7668350902,0.8611948236,39565,0
271,154,Humlebæk Apotek,6,Humlebæk Center 23,3050,01-01-1893 00:00,,1084,210,1084,"Humlebæk Center 23, 3050 Denmark",55.964006,12.529982,1893-01-01,,1893,2025,2008,POINT (12.529982 55.964006),2011,26612130.25,9624056.9,41.04,0.1811702262,0.2374826235,203640.61035,0.4922632765,0.7668350902,0.8611948236,39565,0
479,079-1,Nivå Apotek,7,Nivå Center 75,2990,01.01.1992,,1084,210,1084,"Nivå Center 75, 2990 Denmark",55.93464,12.504554,1992-01-01,,1992,2025,2008,POINT (12.504554 55.93464),2011,26612130.25,9624056.9,41.04,0.1811702262,0.2374826235,203640.61035,0.4922632765,0.7668350902,0.8611948236,39565,0
128,154-1,Espergærde Apotek,7,Nørremarken 3,3060,01.01.1992,,1084,217,1084,"Nørremarken 3, 3060 Denmark",55.996762,12.5432234,1992-01-01,,1992,2025,2008,POINT (12.5432234 55.996762),2011,32910831.825,12091276.508,41.82,0.201388776,0.2225619176,178059.70335,0.470398383,0.7397957741,0.8865651692,61493,0
224,364,Helsingør Axeltorvs,6,Groskenstræde 2 A,3000,"01Jan1968 0:00:00,000",,1084,217,1084,"Groskenstræde 2 A, 3000 Denmark",56.0367464,12.6107202,1968-01-01,,1968,2025,2008,POINT (12.6107202 56.0367464),2011,32910831.825,12091276.508,41.82,0.201388776,0.2225619176,178059.70335,0.470398383,0.7397957741,0.8865651692,61493,0
225,238,Helsingør Stengades,6,Stengade 46,3000,"01Jan1912 0:00:00,000",,1084,217,1084,"Stengade 46, 3000 Denmark",56.0356385,12.6154715,1912-01-01,,1912,2025,2008,POINT (12.6154715 56.0356385),2011,32910831.825,12091276.508,41.82,0.201388776,0.2225619176,178059.70335,0.470398383,0.7397957741,0.8865651692,61493,0
257,113-1,Hornbæk Apotek,7,Sauntevej 2,3100,01.01.1992,,1084,217,1084,"Sauntevej 2, 3100 Denmark",56.0806998,12.4792214,1992-01-01,,1992,2025,2008,POINT (12.4792214 56.0806998),2011,32910831.825,12091276.508,41.82,0.201388776,0.2225619176,178059.70335,0.470398383,0.7397957741,0.8865651692,61493,0
234,044,Hillerød Frederiksbo,6,Slotsgade 26,3400,01-01-1792 00:00,,1084,219,1084,"Slotsgade 26, 3400 Denmark",55.930404,12.299802,1792-01-01,,1792,2025,2008,POINT (12.299802 55.930404),2011,,,39.36,0.168226044,0.2461465054,197390.10232,0.5069418464,0.7917715907,0.9057031218,48203,0
235,367,Hillerød Krone Apote,6,Helsingørsgade 10,3400,"01Jan1998 0:00:00,000",,1084,219,1084,"Helsingørsgade 10, 3400 Denmark",55.9303626,12.3050612,1998-01-01,,1998,2025,2008,POINT (12.3050612 55.9303626),2011,,,39.36,0.168226044,0.2461465054,197390.10232,0.5069418464,0.7917715907,0.9057031218,48203,0
294,079,Hørsholm Apotek,6,Hørsholm Midtpunkt 78,2970,01-01-1840 00:00,,1084,223,1084,"Hørsholm Midtpunkt 78, 2970 Denmark",55.882527,12.49756,1840-01-01,,1840,2025,2008,POINT (12.49756 55.882527),2011,,,44.20,0.2469525959,0.2209316643,258155.76732,0.4766896892,0.7880216383,0.9088554514,24365,0
71,346,Birkerød Apotek,6,Teglporten 27,3460,"01Jan1938 0:00:00,000",,1084,230,1084,"Teglporten 27, 3460 Denmark",55.838563,12.431699,1938-01-01,,1938,2025,2008,POINT (12.431699 55.838563),2011,34326953.75,12514660.18,41.99,0.2137470254,0.2394654951,252958.02281,0.4802020202,0.7847100767,0.8992102847,54630,0
255,283,Holte Apotek,6,"Holte Midtpunkt 20, 1. sal",2840,"01Jan1919 0:00:00,000",,1084,230,1084,"Holte Midtpunkt 20, 1. sal, 2840 Denmark",55.811887,12.471571,1919-01-01,,1919,2025,2008,POINT (12.471571 55.811887),2011,34326953.75,12514660.18,41.99,0.2137470254,0.2394654951,252958.02281,0.4802020202,0.7847100767,0.8992102847,54630,0
494,138,Nærum Apotek,6,Nærum Vænge Torv 35,2850,01-01-1873 00:00,,1084,230,1084,"Nærum Vænge Torv 35, 2850 Denmark",55.816,12.5385,1873-01-01,,1873,2025,2008,POINT (12.5385 55.816),2011,34326953.75,12514660.18,41.99,0.2137470254,0.2394654951,252958.02281,0.4802020202,0.7847100767,0.8992102847,54630,0
620,369,Stenløse Apotek,13,Egedal Centret 2,3660,"01Jun2004 0:00:00,000",,1084,240,1084,"Egedal Centret 2, 3660 Denmark",55.76822,12.194889,2004-06-01,,2004,2025,2008,POINT (12.194889 55.76822),2011,,,38.74,0.1591066689,0.262882284,208310.11162,0.5187339893,0.8237363911,0.9342335225,41821,0
157,068,Frederikssund Apotek,6,"Nygade 1, 1. sal 18",3600,01-01-1815 00:00,,1084,250,1084,"Nygade 1, 1. sal 18, 3600 Denmark",55.836515,12.06505,1815-01-01,,1815,2025,2008,POINT (12.06505 55.836515),2011,,,41.49,0.1982185139,0.2283008231,180564.35393,0.4915866742,0.7813951657,0.9390852626,44345,0
589,130,Skibby Apotek,6,Hovedgaden 40,4050,01-01-1876 00:00,,1084,250,1084,"Hovedgaden 40, 4050 Denmark",55.751455,11.959362,1876-01-01,,1876,2025,2008,POINT (11.959362 55.751455),2011,,,41.49,0.1982185139,0.2283008231,180564.35393,0.4915866742,0.7813951657,0.9390852626,44345,0
179,370,Greve Apotek,6,Greve Midtby Center 14 B,2670,"27Jun2005 0:00:00,000",,1085,253,1085,"Greve Midtby Center 14 B, 2670 Denmark",55.5822503,12.2952687,2005-06-27,,2005,2025,2008,POINT (12.2952687 55.5822503),2011,,,40.43,0.1824913437,0.2382253556,194272.13307,0.5022360612,0.7852559481,0.8859190838,47942,0
274,365,Hundige Apotek,6,Over Bølgen 19H,2670,"01Jan1976 0:00:00,000",,1085,253,1085,"Over Bølgen 19H, 2670 Denmark",55.5970596,12.3268903,1976-01-01,,1976,2025,2008,POINT (12.3268903 55.5970596),2011,,,40.43,0.1824913437,0.2382253556,194272.13307,0.5022360612,0.7852559481,0.8859190838,47942,0
76,180,Borup Apotek,6,Hovedgaden 15,4140,01-01-1899 00:00,,1085,259,1085,"Hovedgaden 15, 4140 Denmark",55.494647,11.97249,1899-01-01,,1899,2025,2008,POINT (11.97249 55.494647),2011,26669543.512,9605926.4025,39.75,0.1730155129,0.2389585914,179280.17324,0.483951049,0.7524528751,0.9109615385,57307,0
410,368,Køge Boholte Apotek,6,Marksvinget 31,4600,"01Jan1999 0:00:00,000",,1085,259,1085,"Marksvinget 31, 4600 Denmark",55.4495706,12.172474,1999-01-01,,1999,2025,2008,POINT (12.172474 55.4495706),2011,26669543.512,9605926.4025,39.75,0.1730155129,0.2389585914,179280.17324,0.483951049,0.7524528751,0.9109615385,57307,0
412,014,Køge Torvets Apotek,6,Brogade 1,4600,19.11.1979,,1085,259,1085,"Brogade 1, 4600 Denmark",55.4545499,12.1812478,1979-11-19,,1979,2025,2008,POINT (12.1812478 55.4545499),2011,26669543.512,9605926.4025,39.75,0.1730155129,0.2389585914,179280.17324,0.483951049,0.7524528751,0.9109615385,57307,0
749,368-1,Ølby Apotek,7,Ølby Center 25,4600,01.01.1992,,1085,259,1085,"Ølby Center 25, 4600 Denmark",55.458,12.1821,1992-01-01,,1992,2025,2008,POINT (12.1821 55.458),2011,26669543.512,9605926.4025,39.75,0.1730155129,0.2389585914,179280.17324,0.483951049,0.7524528751,0.9109615385,57307,0
158,080,Frederiksværk Apotek,6,Nørregade 4,3300,11-12-1857 00:00,,1084,260,1084,"Nørregade 4, 3300 Denmark",55.973217,12.021654,1857-11-12,,1857,2025,2008,POINT (12.021654 55.973217),2011,,,42.71,0.2088766946,0.2101355713,161510.6937,0.4593921759,0.7279452664,0.9158745554,30980,0
273,080-1,Hundested Apotek,6,Nørregade 54,3390,01.01.1992,,1084,260,1084,"Nørregade 54, 3390 Denmark",55.9572481,11.8536231,1992-01-01,,1992,2025,2008,POINT (11.8536231 55.9572481),2011,,,42.71,0.2088766946,0.2101355713,161510.6937,0.4593921759,0.7279452664,0.9158745554,30980,0
314,170-1,Jyllinge Apotek,7,Jyllinge Center 31,4040,"01Dec2001 0:00:00,000",,1085,265,1085,"Jyllinge Center 31, 4040 Denmark",55.7535209,12.1086079,2001-12-01,,2001,2025,2008,POINT (12.1086079 55.7535209),2011,47615946.55,17337973.3,39.92,0.1741703453,0.2239676678,194686.54089,0.499668511,0.763797661,0.9112814764,83137,0
546,017,Roskilde Dom Apotek,6,Algade 51,4000,01-01-1753 00:00,,1085,265,1085,"Algade 51, 4000 Denmark",55.640674,12.089246,1753-01-01,,1753,2025,2008,POINT (12.089246 55.640674),2011,47615946.55,17337973.3,39.92,0.1741703453,0.2239676678,194686.54089,0.499668511,0.763797661,0.9112814764,83137,0
548,170,Roskilde Svane Apotek,6,Skomagergade 19,4000,01-01-1898 00:00,,1085,265,1085,"Skomagergade 19, 4000 Denmark",55.640778,12.077801,1898-01-01,,1898,2025,2008,POINT (12.077801 55.640778),2011,47615946.55,17337973.3,39.92,0.1741703453,0.2239676678,194686.54089,0.499668511,0.763797661,0.9112814764,83137,0
213,370-1,Havdrup Apotek,7,Møllemarken 8,4622,"27Jun2005 0:00:00,000",,1085,269,1085,"Møllemarken 8, 4622 Denmark",55.543764,12.115263,2005-06-27,,2005,2025,2008,POINT (12.115263 55.543764),2011,,,39.81,0.1683210437,0.248912838,205098.69468,0.5158113994,0.8035743298,0.9388846809,21156,0
612,014-1,Solrød Apotek,7,Solrød Center 78,2680,01.01.1992,,1085,269,1085,"Solrød Center 78, 2680 Denmark",55.533005,12.21967,1992-01-01,,1992,2025,2008,POINT (12.21967 55.533005),2011,,,39.81,0.1683210437,0.248912838,205098.69468,0.5158113994,0.8035743298,0.9388846809,21156,0
167,113,Gilleleje Apotek,6,Vesterbrogade 6 B,3250,01-01-1869 00:00,,1084,270,1084,"Vesterbrogade 6 B, 3250 Denmark",56.1256179,12.3056349,1869-01-01,,1869,2025,2008,POINT (12.3056349 56.1256179),2011,,,43.13,0.2164618378,0.2151565155,177541.66375,0.4890051581,0.7699453078,0.9461980799,40603,0
223,191,Helsinge Apotek,6,Østergade 35,3200,"01Jan1901 0:00:00,000",,1084,270,1084,"Østergade 35, 3200 Denmark",56.0261355,12.2163846,1901-01-01,,1901,2025,2008,POINT (12.2163846 56.0261355),2011,,,43.13,0.2164618378,0.2151565155,177541.66375,0.4890051581,0.7699453078,0.9461980799,40603,0
47,216,Asnæs Apotek,6,Asnæs Centret 7,4550,"01Jan1905 0:00:00,000",,1085,306,1085,"Asnæs Centret 7, 4550 Denmark",55.811989,11.500561,1905-01-01,,1905,2025,2008,POINT (11.500561 55.811989),2011,,,45.40,0.245557598,0.187254902,141370.56297,0.4322044297,0.6834279535,0.9565003988,32640,0
488,062,Nykøbing Apotek,6,Algade 20,4500,01-01-1809 00:00,,1085,306,1085,"Algade 20, 4500 Denmark",55.922181,11.668122,1809-01-01,,1809,2025,2008,POINT (11.668122 55.922181),2011,,,45.40,0.245557598,0.187254902,141370.56297,0.4322044297,0.6834279535,0.9565003988,32640,0
248,026,Holbæk Elefant Apote,13,Ahlgade 32,4300,01-01-1753 00:00,,1085,316,1085,"Ahlgade 32, 4300 Denmark",55.71768,11.711049,1753-01-01,,1753,2025,2008,POINT (11.711049 55.71768),2011,51290560.6,18303704.67,40.26,0.1714614997,0.229820644,168555.92169,0.4865087271,0.7428151574,0.9261553121,69415,0
249,239,Holbæk Løve Apotek,6,Labæk 4-6,4300,"01Jan1913 0:00:00,000",,1085,316,1085,"Labæk 4-6, 4300 Denmark",55.716936,11.7184847,1913-01-01,,1913,2025,2008,POINT (11.7184847 55.716936),2011,51290560.6,18303704.67,40.26,0.1714614997,0.229820644,168555.92169,0.4865087271,0.7428151574,0.9261553121,69415,0
313,116,Jyderup Apotek,6,Sølystvej 1,4450,01-01-1870 00:00,,1085,316,1085,"Sølystvej 1, 4450 Denmark",55.660084,11.395909,1870-01-01,,1870,2025,2008,POINT (11.395909 55.660084),2011,51290560.6,18303704.67,40.26,0.1714614997,0.229820644,168555.92169,0.4865087271,0.7428151574,0.9261553121,69415,0
129,206,Fakse Apotek,6,Rønnedevej 15,4640,01-01-1892 00:00,,1085,320,1085,"Rønnedevej 15, 4640 Denmark",55.255616,12.116181,1892-01-01,,1892,2025,2008,POINT (12.116181 55.255616),2011,22904564.8,8167116.76,41.58,0.1848476218,0.2221589291,167996.37023,0.4828776896,0.74550178,0.9559956623,35110,0
209,100,Haslev Apotek,6,Jernbanegade 11,4690,01-01-1856 00:00,,1085,320,1085,"Jernbanegade 11, 4690 Denmark",55.328899,11.963527,1856-01-01,,1856,2025,2008,POINT (11.963527 55.328899),2011,22904564.8,8167116.76,41.58,0.1848476218,0.2221589291,167996.37023,0.4828776896,0.74550178,0.9559956623,35110,0
318,067-1,Karise Apotek,7,Syrenvænget 20,4653,"01Jul2010 0:00:00,000",,1085,320,1085,"Syrenvænget 20, 4653 Denmark",55.303771,12.199332,2010-07-01,,2010,2025,2010,POINT (12.199332 55.303771),2011,22904564.8,8167116.76,41.58,0.1848476218,0.2221589291,167996.37023,0.4828776896,0.74550178,0.9559956623,35110,0
191,254-1,Gørlev Apotek,7,Algade 29,4281,01.01.1991,,1085,326,1085,"Algade 29, 4281 Denmark",55.539444,11.226409,1991-01-01,,1991,2025,2008,POINT (11.226409 55.539444),2011,35779589.1,12912030.31,42.11,0.198778582,0.2159072216,155956.6041,0.4550117414,0.7086910626,0.9497177934,48632,0
291,254,Høng Apotek,6,Centervej 35,4270,"01Jan1907 0:00:00,000",,1085,326,1085,"Centervej 35, 4270 Denmark",55.504303,11.288948,1907-01-01,,1907,2025,2008,POINT (11.288948 55.504303),2011,35779589.1,12912030.31,42.11,0.198778582,0.2159072216,155956.6041,0.4550117414,0.7086910626,0.9497177934,48632,0
317,023,Kalundborg Svane Apot,6,Elmegade 15,4400,01-01-1753 00:00,,1085,326,1085,"Elmegade 15, 4400 Denmark",55.678817,11.097264,1753-01-01,,1753,2025,2008,POINT (11.097264 55.678817),2011,35779589.1,12912030.31,42.11,0.198778582,0.2159072216,155956.6041,0.4550117414,0.7086910626,0.9497177934,48632,0
543,077,Ringsted Apotek,6,Sct. Hansgade 23,4100,01-01-1808 00:00,,1085,329,1085,"Sct. Hansgade 23, 4100 Denmark",55.4426,11.7901,1808-01-01,,1808,2025,2008,POINT (11.7901 55.4426),2011,,,39.37,0.1584170362,0.23180406,174179.3588,0.4967966153,0.75079255,0.9003022061,33153,0
341,043,Korsør Apotek,6,Algade 49,4220,01-01-1761 00:00,,1085,330,1085,"Algade 49, 4220 Denmark",55.3278702,11.1399915,1761-01-01,,1761,2025,2008,POINT (11.1399915 55.3278702),2011,39010618.912,13829575.043,41.09,0.1888888889,0.2101797956,155151.36731,0.4621972868,0.7054982003,0.9128108115,77310,0
596,058,Skælskør Apotek,6,Algade 21,4230,01-01-1805 00:00,,1085,330,1085,"Algade 21, 4230 Denmark",55.253746,11.294236,1805-01-01,,1805,2025,2008,POINT (11.294236 55.253746),2011,39010618.912,13829575.043,41.09,0.1888888889,0.2101797956,155151.36731,0.4621972868,0.7054982003,0.9128108115,77310,0
601,169,Slagelse Rådhusapote,6,Smedegade 8,4200,01-01-1897 00:00,,1085,330,1085,"Smedegade 8, 4200 Denmark",55.4070549,11.3657424,1897-01-01,,1897,2025,2008,POINT (11.3657424 55.4070549),2011,39010618.912,13829575.043,41.09,0.1888888889,0.2101797956,155151.36731,0.4621972868,0.7054982003,0.9128108115,77310,0
602,022,Slagelse Svane Apotek,6,"Jernbanegade 7, st. 4",4200,01-01-1753 00:00,,1085,330,1085,"Jernbanegade 7, st. 4, 4200 Denmark",55.4028,11.3546,1753-01-01,,1753,2025,2008,POINT (11.3546 55.4028),2011,39010618.912,13829575.043,41.09,0.1888888889,0.2101797956,155151.36731,0.4621972868,0.7054982003,0.9128108115,77310,0
622,067,Stevns Apotek,6,Nytorv 5,4660,01-01-1815 00:00,,1085,336,1085,"Nytorv 5, 4660 Denmark",55.309773,12.387836,1815-01-01,,1815,2025,2008,POINT (12.387836 55.309773),2011,,,42.88,0.2080988332,0.2107069321,169811.23754,0.4890397138,0.7586533155,0.9571218931,21855,0
108,207-1,Dianalund Apotek,7,Torvet 5,4293,01.11.2008,,1085,340,1085,"Torvet 5, 4293 Denmark",55.526943,11.49729,2008-01-11,,2008,2025,2008,POINT (11.49729 55.526943),2011,20956764.7,7351422.03,40.96,0.1800088456,0.2319259688,167434.44826,0.4798582237,0.7479434596,0.9573307886,29393,0
617,007,Sorø Apotek,6,Storgade 19 A,4180,01-01-1753 00:00,,1085,340,1085,"Storgade 19 A, 4180 Denmark",55.4312798,11.5558778,1753-01-01,,1753,2025,2008,POINT (11.5558778 55.4312798),2011,20956764.7,7351422.03,40.96,0.1800088456,0.2319259688,167434.44826,0.4798582237,0.7479434596,0.9573307886,29393,0
619,207,Stenlille Apotek,6,Hovedgaden 48,4295,"01Jan1903 0:00:00,000",,1085,340,1085,"Hovedgaden 48, 4295 Denmark",55.540055,11.590952,1903-01-01,,1903,2025,2008,POINT (11.590952 55.540055),2011,20956764.7,7351422.03,40.96,0.1800088456,0.2319259688,167434.44826,0.4798582237,0.7479434596,0.9573307886,29393,0
277,119,Hvalsø Apotek,6,Roskildevej 4,4330,01-01-1871 00:00,,1085,350,1085,"Roskildevej 4, 4330 Denmark",55.589584,11.863888,1871-01-01,,1871,2025,2008,POINT (11.863888 55.589584),2011,,,40.89,0.1817607022,0.2456205601,194237.55156,0.5072625698,0.8016125886,0.9556424581,26887,0
457,025,Maribo Apotek,6,Vestergade 1,4930,01-01-1753 00:00,,1085,360,1085,"Vestergade 1, 4930 Denmark",54.774378,11.500548,1753-01-01,,1753,2025,2008,POINT (11.500548 54.774378),2011,37636178.55,13785845.66,45.54,0.2453084591,0.1812294158,129486.05161,0.3970171712,0.6220636451,0.9396353337,45241,0
470,013,Nakskov Løve Apotek,6,Nygade 17-19,4900,01-01-1753 00:00,,1085,360,1085,"Nygade 17-19, 4900 Denmark",54.8296618,11.1403936,1753-01-01,,1753,2025,2008,POINT (11.1403936 54.8296618),2011,37636178.55,13785845.66,45.54,0.2453084591,0.1812294158,129486.05161,0.3970171712,0.6220636451,0.9396353337,45241,0
558,081,Rødby Løve Apotek,13,Østergade 51,4970,01-01-1819 00:00,,1085,360,1085,"Østergade 51, 4970 Denmark",54.695624,11.393973,1819-01-01,,1819,2025,2008,POINT (11.393973 54.695624),2011,37636178.55,13785845.66,45.54,0.2453084591,0.1812294158,129486.05161,0.3970171712,0.6220636451,0.9396353337,45241,0
162,137-1,Fuglebjerg Apotek,7,Byagervej 6 A,4250,"01Aug2007 0:00:00,000",,1085,370,1085,"Byagervej 6 A, 4250 Denmark",55.3016809,11.5476596,2007-08-01,,2007,2025,2008,POINT (11.5476596 55.3016809),2011,30210347.64,10870611.948,40.86,0.1810966277,0.2177331753,162679.42747,0.4762540648,0.7272745961,0.9351607997,81012,0
175,137,Glumsø Apotek,13,Østergade 8,4171,01-01-1883 00:00,,1085,370,1085,"Østergade 8, 4171 Denmark",55.352931,11.692252,1883-01-01,,1883,2025,2008,POINT (11.692252 55.352931),2011,30210347.64,10870611.948,40.86,0.1810966277,0.2177331753,162679.42747,0.4762540648,0.7272745961,0.9351607997,81012,0
498,012,Næstved Løve Apotek,6,"Apotekergaarden, Axeltorv 12",4700,01-01-1753 00:00,,1085,370,1085,"Apotekergaarden, Axeltorv 12, 4700 Denmark",55.2299,11.7609,1753-01-01,,1753,2025,2008,POINT (11.7609 55.2299),2011,30210347.64,10870611.948,40.86,0.1810966277,0.2177331753,162679.42747,0.4762540648,0.7272745961,0.9351607997,81012,0
499,188-1,Næstved Sct. Jørgen,7,Sct. Jørgens Park 34,4700,01.01.1991,,1085,370,1085,"Sct. Jørgens Park 34, 4700 Denmark",55.2158,11.757241,1991-01-01,,1991,2025,2008,POINT (11.757241 55.2158),2011,30210347.64,10870611.948,40.86,0.1810966277,0.2177331753,162679.42747,0.4762540648,0.7272745961,0.9351607997,81012,0
502,188,Næstved Svane Apotek,6,Torvestræde 8,4700,"01Jan1900 0:00:00,000",,1085,370,1085,"Torvestræde 8, 4700 Denmark",55.230064,11.760045,1900-01-01,,1900,2025,2008,POINT (11.760045 55.230064),2011,30210347.64,10870611.948,40.86,0.1810966277,0.2177331753,162679.42747,0.4762540648,0.7272745961,0.9351607997,81012,0
446,018,Løve Apotek Nykøbin,6,Langgade 5,4800,01-01-1753 00:00,,1085,376,1085,"Langgade 5, 4800 Denmark",54.76734,11.867126,1753-01-01,,1753,2025,2008,POINT (11.867126 54.76734),2011,22145439.15,8060645.095,44.11,0.2273028282,0.1883933907,140032.79945,0.4395778706,0.6845167188,0.9430578486,61913,0
489,136,Nykøbing F. Svane Ap,6,Slotsbryggen 1-3,4800,01-01-1882 00:00,,1085,376,1085,"Slotsbryggen 1-3, 4800 Denmark",54.771697,11.8642607,1882-01-01,,1882,2025,2008,POINT (11.8642607 54.771697),2011,22145439.15,8060645.095,44.11,0.2273028282,0.1883933907,140032.79945,0.4395778706,0.6845167188,0.9430578486,61913,0
493,075,Nysted Apotek,6,Adelgade 13,4880,01-01-1827 00:00,30-JUN-2013,1085,376,1085,"Adelgade 13, 4880 Denmark",54.668997,11.728762,1827-01-01,2013-06-30,1827,2013,2008,POINT (11.728762 54.668997),2011,22145439.15,8060645.095,44.11,0.2273028282,0.1883933907,140032.79945,0.4395778706,0.6845167188,0.9430578486,61913,0
503,195,Nørre Alslev Apotek,6,Apotekergade 1,4840,"01Jan1902 0:00:00,000",,1085,376,1085,"Apotekergade 1, 4840 Denmark",54.898671,11.879174,1902-01-01,,1902,2025,2008,POINT (11.879174 54.898671),2011,22145439.15,8060645.095,44.11,0.2273028282,0.1883933907,140032.79945,0.4395778706,0.6845167188,0.9430578486,61913,0
570,056,Sakskøbing Apotek,6,Søndergade 9,4990,01-01-1804 00:00,01-DEC-2017,1085,376,1085,"Søndergade 9, 4990 Denmark",54.798908,11.636579,1804-01-01,2017-12-01,1804,2017,2008,POINT (11.636579 54.798908),2011,22145439.15,8060645.095,44.11,0.2273028282,0.1883933907,140032.79945,0.4395778706,0.6845167188,0.9430578486,61913,0
637,195-1,Stubbekøbing Apotek,7,Torvet 2,4850,"01Jan2006 0:00:00,000",,1085,376,1085,"Torvet 2, 4850 Denmark",54.890308,12.043139,2006-01-01,,2006,2025,2008,POINT (12.043139 54.890308),2011,22145439.15,8060645.095,44.11,0.2273028282,0.1883933907,140032.79945,0.4395778706,0.6845167188,0.9430578486,61913,0
426,032-1,Lundby Apotek,7,Lundby Hovedgade 90,4750,01.10.1991,,1085,390,1085,"Lundby Hovedgade 90, 4750 Denmark",55.109002,11.876402,1991-01-10,,1991,2025,2008,POINT (11.876402 55.109002),2011,24908599.837,9011485.6425,43.84,0.2231464501,0.2031481967,144066.37403,0.4372335075,0.6947260117,0.9514573721,45804,0
531,086,Præstø Apotek,6,Svend Gønges Torv 12,4720,01-01-1816 00:00,,1085,390,1085,"Svend Gønges Torv 12, 4720 Denmark",55.121942,12.040149,1816-01-01,,1816,2025,2008,POINT (12.040149 55.121942),2011,24908599.837,9011485.6425,43.84,0.2231464501,0.2031481967,144066.37403,0.4372335075,0.6947260117,0.9514573721,45804,0
618,028,Stege Apotek,6,Storegade 6,4780,01-01-1753 00:00,,1085,390,1085,"Storegade 6, 4780 Denmark",54.983005,12.283544,1753-01-01,,1753,2025,2008,POINT (12.283544 54.983005),2011,24908599.837,9011485.6425,43.84,0.2231464501,0.2031481967,144066.37403,0.4372335075,0.6947260117,0.9514573721,45804,0
741,032,Vordingborg Apotek,13,Voldgade 20,4760,01-01-1753 00:00,,1085,390,1085,"Voldgade 20, 4760 Denmark",55.00956,11.909083,1753-01-01,,1753,2025,2008,POINT (11.909083 55.00956),2011,24908599.837,9011485.6425,43.84,0.2231464501,0.2031481967,144066.37403,0.4372335075,0.6947260117,0.9514573721,45804,0
4,175,Allinge Apotek,6,Kirkegade 13,3770,01-01-1898 00:00,01-MAY-2016,1084,400,1084,"Kirkegade 13, 3770 Denmark",55.2759,14.8024,1898-01-01,2016-05-01,1898,2016,2008,POINT (14.8024 55.2759),2011,28372379.75,10383697.85,45.34,0.2378277607,0.1883882527,135651.67583,0.432835459,0.6830474098,0.9569613501,41303,0
474,082,Nexø Apotek,6,Strandgade 7,3730,01-01-1830 00:00,,1084,400,1084,"Strandgade 7, 3730 Denmark",55.063241,15.133632,1830-01-01,,1830,2025,2008,POINT (15.133632 55.063241),2011,28372379.75,10383697.85,45.34,0.2378277607,0.1883882527,135651.67583,0.432835459,0.6830474098,0.9569613501,41303,0
568,042,Rønne Apotek,6,Store Torvegade 12,3700,01-01-1760 00:00,,1084,400,1084,"Store Torvegade 12, 3700 Denmark",55.103619,14.6995,1760-01-01,,1760,2025,2008,POINT (14.6995 55.103619),2011,28372379.75,10383697.85,45.34,0.2378277607,0.1883882527,135651.67583,0.432835459,0.6830474098,0.9569613501,41303,0
119,189,Ejby Apotek,6,Algade 4,5592,"01Jan1901 0:00:00,000",,1083,410,1083,"Algade 4, 5592 Denmark",55.429067,9.928937,1901-01-01,,1901,2025,2008,POINT (9.928936999999999 55.42906,2011,,,41.65,0.1933425502,0.2292087632,163795.40902,0.4789857774,0.7478453242,0.9507803761,37612,0
462,047,Middelfart Apotek,6,Jernbanegade 2C,5500,01-01-1799 00:00,,1083,410,1083,"Jernbanegade 2C, 5500 Denmark",55.50412,9.734367,1799-01-01,,1799,2025,2008,POINT (9.734367000000001 55.50412,2011,,,41.65,0.1933425502,0.2292087632,163795.40902,0.4789857774,0.7478453242,0.9507803761,37612,0
48,024,Assens Apotek,6,Østergade 35,5610,01-01-1753 00:00,,1083,420,1083,"Østergade 35, 5610 Denmark",55.270081,9.897483,1753-01-01,,1753,2025,2008,POINT (9.897482999999999 55.27008,2011,28487905.66,10448626.74,41.71,0.1924812393,0.2284101054,154572.21565,0.468271229,0.7305943691,0.9626649268,41443,0
297,024-1,Haarby Apotek,7,Algade 33,5683,01.05.1994,,1083,420,1083,"Algade 33, 5683 Denmark",55.22332,10.124086,1994-01-05,,1994,2025,2008,POINT (10.124086 55.22332),2011,28487905.66,10448626.74,41.71,0.1924812393,0.2284101054,154572.21565,0.468271229,0.7305943691,0.9626649268,41443,0
802,189-1,Aarup Apotek,7,Bredgade 60,5560,"01Jan2009 0:00:00,000",,1083,420,1083,"Bredgade 60, 5560 Denmark",55.37892,10.0475,2009-01-01,,2009,2025,2009,POINT (10.0475 55.37892),2011,28487905.66,10448626.74,41.71,0.1924812393,0.2284101054,154572.21565,0.468271229,0.7305943691,0.9626649268,41443,0
163,034,Faaborg Løve Apotek,6,Herregårdscentret 6,5600,01-01-1753 00:00,,1083,430,1083,"Herregårdscentret 6, 5600 Denmark",55.100625,10.240043,1753-01-01,,1753,2025,2008,POINT (10.240043 55.100625),2011,,,42.47,0.2085213518,0.2199283432,149397.15066,0.4583664682,0.7201411509,0.9562232093,51635,0
541,091,Ringe Apotek,13,Torvet 5,5750,01-01-1842 00:00,,1083,430,1083,"Torvet 5, 5750 Denmark",55.237205,10.47977,1842-01-01,,1842,2025,2008,POINT (10.47977 55.237205),2011,,,42.47,0.2085213518,0.2199283432,149397.15066,0.4583664682,0.7201411509,0.9562232093,51635,0
324,052,Kerteminde Apotek,6,Langegade 37,5300,01-01-1796 00:00,,1083,440,1083,"Langegade 37, 5300 Denmark",55.4494452,10.6577907,1796-01-01,,1796,2025,2008,POINT (10.6577907 55.4494452),2011,,,42.45,0.2109443954,0.2201487833,155653.08906,0.444804648,0.704054454,0.9502357696,23793,0
415,152,Langeskov Apotek,6,Langeskov Centret 27,5550,01-01-1891 00:00,,1083,440,1083,"Langeskov Centret 27, 5550 Denmark",55.360559,10.587606,1891-01-01,,1891,2025,2008,POINT (10.587606 55.360559),2011,,,42.45,0.2109443954,0.2201487833,155653.08906,0.444804648,0.704054454,0.9502357696,23793,0
485,316,Nyborg Apotek,6,Kongegade 8,5800,"01Jan1924 0:00:00,000",,1083,450,1083,"Kongegade 8, 5800 Denmark",55.311506,10.790021,1924-01-01,,1924,2025,2008,POINT (10.790021 55.311506),2011,,,42.43,0.2081242457,0.2141586737,148811.71343,0.4414093554,0.694834131,0.9385314974,31486,0
754,152-1,Ørbæk Apotek,7,Nyborgvej 2,5853,04.04.2011,,1083,450,1083,"Nyborgvej 2, 5853 Denmark",55.258529,10.673193,2011-04-04,,2011,2025,2011,POINT (10.673193 55.258529),2011,,,42.43,0.2081242457,0.2141586737,148811.71343,0.4414093554,0.694834131,0.9385314974,31486,0
509,177,Odense Albani Apotek,6,Albanigade 54 F,5000,01-01-1899 00:00,,1083,461,1083,"Albanigade 54 F, 5000 Denmark",55.3923896,10.3971025,1899-01-01,,1899,2025,2008,POINT (10.3971025 55.3923896),2011,34604339.922,12570073.701,38.64,0.159093993,0.2033401179,153858.4844,0.4574062351,0.6707071038,0.8631862009,191610,0
511,282,Odense Apoteket Ørne,6,Vestergade 80,5000,"01Jan1919 0:00:00,000",,1083,461,1083,"Vestergade 80, 5000 Denmark",55.394452,10.382394,1919-01-01,,1919,2025,2008,POINT (10.382394 55.394452),2011,34604339.922,12570073.701,38.64,0.159093993,0.2033401179,153858.4844,0.4574062351,0.6707071038,0.8631862009,191610,0
512,123,Odense Bellinge Apote,6,Elmegårdsvej 2,5250,01-01-1871 00:00,,1083,461,1083,"Elmegårdsvej 2, 5250 Denmark",55.336904,10.315616,1871-01-01,,1871,2025,2008,POINT (10.315616 55.336904),2011,34604339.922,12570073.701,38.64,0.159093993,0.2033401179,153858.4844,0.4574062351,0.6707071038,0.8631862009,191610,0
513,357,Odense Bolbro Apotek,13,Middelfartvej 129,5200,"01Jan1960 0:00:00,000",,1083,461,1083,"Middelfartvej 129, 5200 Denmark",55.394098,10.347762,1960-01-01,,1960,2025,2008,POINT (10.347762 55.394098),2011,34604339.922,12570073.701,38.64,0.159093993,0.2033401179,153858.4844,0.4574062351,0.6707071038,0.8631862009,191610,0
514,345,Odense Dalum Apotek,6,Dalumvej 34,5250,"01Jan1938 0:00:00,000",,1083,461,1083,"Dalumvej 34, 5250 Denmark",55.372132,10.370652,1938-01-01,,1938,2025,2008,POINT (10.370652 55.372132),2011,34604339.922,12570073.701,38.64,0.159093993,0.2033401179,153858.4844,0.4574062351,0.6707071038,0.8631862009,191610,0
516,151-1,Odense Rosengården A,7,Ørbækvej 75,5220,01.01.1996,,1083,461,1083,"Ørbækvej 75, 5220 Denmark",55.382488,10.428085,1996-01-01,,1996,2025,2008,POINT (10.428085 55.382488),2011,34604339.922,12570073.701,38.64,0.159093993,0.2033401179,153858.4844,0.4574062351,0.6707071038,0.8631862009,191610,0
517,198,Odense Sct. Hans Apot,6,Skibhusvej 66,5000,"01Jan1902 0:00:00,000",,1083,461,1083,"Skibhusvej 66, 5000 Denmark",55.406309,10.392826,1902-01-01,,1902,2025,2008,POINT (10.392826 55.406309),2011,34604339.922,12570073.701,38.64,0.159093993,0.2033401179,153858.4844,0.4574062351,0.6707071038,0.8631862009,191610,0
518,151,Odense Sct. Knuds Apo,6,Kongensgade 51,5000,01-01-1889 00:00,,1083,461,1083,"Kongensgade 51, 5000 Denmark",55.397363,10.380987,1889-01-01,,1889,2025,2008,POINT (10.380987 55.397363),2011,34604339.922,12570073.701,38.64,0.159093993,0.2033401179,153858.4844,0.4574062351,0.6707071038,0.8631862009,191610,0
520,198-1,Odense Vollsmose Apot,7,"Vollsmose Allé 10, Center Øst",5240,01.01.1992,,1083,461,1083,"Vollsmose Allé 10, Center Øst, 5240 Denmark",55.3902,10.5201,1992-01-01,,1992,2025,2008,POINT (10.5201 55.3902),2011,34604339.922,12570073.701,38.64,0.159093993,0.2033401179,153858.4844,0.4574062351,0.6707071038,0.8631862009,191610,0
655,357-1,Tarup Apotek,7,Rugvang 36-40,5210,01.01.1992,,1083,461,1083,"Rugvang 36-40, 5210 Denmark",55.4104908,10.3378925,1992-01-01,,1992,2025,2008,POINT (10.3378925 55.4104908),2011,34604339.922,12570073.701,38.64,0.159093993,0.2033401179,153858.4844,0.4574062351,0.6707071038,0.8631862009,191610,0
233,117,Hesselager Apotek,6,Langgade 20,5874,01-01-1870 00:00,01-JUN-2012,1083,479,1083,"Langgade 20, 5874 Denmark",55.169293,10.734126,1870-01-01,2012-06-01,1870,2012,2008,POINT (10.734126 55.169293),2011,27471293.775,10089378.638,41.91,0.1955218527,0.2091168383,150159.61733,0.4483590156,0.6898541571,0.9343606232,58551,0
640,035,Svendborg Løve Apote,6,Vestergade 16,5700,01-01-1753 00:00,,1083,479,1083,"Vestergade 16, 5700 Denmark",55.059434,10.604763,1753-01-01,,1753,2025,2008,POINT (10.604763 55.059434),2011,27471293.775,10089378.638,41.91,0.1955218527,0.2091168383,150159.61733,0.4483590156,0.6898541571,0.9343606232,58551,0
641,161,Svendborg Sct. Nicola,6,Gerritsgade 7,5700,01-01-1896 00:00,,1083,479,1083,"Gerritsgade 7, 5700 Denmark",55.058854,10.608782,1896-01-01,,1896,2025,2008,POINT (10.608782 55.058854),2011,27471293.775,10089378.638,41.91,0.1955218527,0.2091168383,150159.61733,0.4483590156,0.6898541571,0.9343606232,58551,0
716,161-1,Vester-Skerninge Apot,7,Fåborgvej 40,5762,01.01.2008,,1083,479,1083,"Fåborgvej 40, 5762 Denmark",55.074208,10.454324,2008-01-01,,2008,2025,2008,POINT (10.454324 55.074208),2011,27471293.775,10089378.638,41.91,0.1955218527,0.2091168383,150159.61733,0.4483590156,0.6898541571,0.9343606232,58551,0
74,048,Bogense Apotek,13,Vestergade 9,5400,01-01-1799 00:00,31-OCT-2017,1083,480,1083,"Vestergade 9, 5400 Denmark",55.564572,10.088154,1799-01-01,2017-10-31,1799,2017,2008,POINT (10.088154 55.564572),2011,17829704.9,6598306.49,41.69,0.1914422093,0.2255028981,154394.10159,0.4692964481,0.7282309539,0.9585382514,29330,0
524,121,Otterup Apotek,6,Nørregade 2,5450,01-01-1871 00:00,,1083,480,1083,"Nørregade 2, 5450 Denmark",55.515298,10.39833,1871-01-01,,1871,2025,2008,POINT (10.39833 55.515298),2011,17829704.9,6598306.49,41.69,0.1914422093,0.2255028981,154394.10159,0.4692964481,0.7282309539,0.9585382514,29330,0
652,165,Søndersø Apotek,6,Odensevej 23,5471,01-01-1881 00:00,01-JUN-2015,1083,480,1083,"Odensevej 23, 5471 Denmark",55.484384,10.251017,1881-01-01,2015-06-01,1881,2015,2008,POINT (10.251017 55.484384),2011,17829704.9,6598306.49,41.69,0.1914422093,0.2255028981,154394.10159,0.4692964481,0.7282309539,0.9585382514,29330,0
269,027-1,Humble Apotek,7,Hovedgaden 2,5932,"30Sep1998 0:00:00,000",,1083,482,1083,"Hovedgaden 2, 5932 Denmark",54.826367,10.69893,1998-09-30,,1998,2025,2008,POINT (10.69893 54.826367),2011,,,48.28,0.2823430579,0.1614479914,124343.24402,0.4088651127,0.6488528644,0.9575085976,13094,0
550,027,Rudkøbing Apotek,6,Engdraget 1,5900,01-01-1753 00:00,,1083,482,1083,"Engdraget 1, 5900 Denmark",54.934778,10.715505,1753-01-01,,1753,2025,2008,POINT (10.715505 54.934778),2011,,,48.28,0.2823430579,0.1614479914,124343.24402,0.4088651127,0.6488528644,0.9575085976,13094,0
460,315,Marstal Apotek,6,Kirkestræde 23,5960,"01Jan1902 0:00:00,000",,1083,492,1083,"Kirkestræde 23, 5960 Denmark",54.853986,10.518279,1902-01-01,,1902,2025,2008,POINT (10.518279 54.853986),2011,,,48.82,0.3022905365,0.1638034961,126534.10754,0.4127968537,0.673463608,0.9491756164,6636,0
176,286-1,Gram Apotek,7,Torvet 3,6510,01.01.1992,,1083,510,1083,"Torvet 3, 6510 Denmark",55.2885535,9.0484581,1992-01-01,,1992,2025,2008,POINT (9.0484581 55.2885535),2011,27742781.932,10101746.775,41.19,0.191571154,0.2190859258,152810.99286,0.4665632633,0.7180580762,0.9246403166,56188,0
192,291,Haderslev Hjorte Apot,6,Bispebroen 2 A,6100,01-01-1753 00:00,,1083,510,1083,"Bispebroen 2 A, 6100 Denmark",55.25049,9.4842702,1753-01-01,,1753,2025,2008,POINT (9.484270199999999 55.25049,2011,27742781.932,10101746.775,41.19,0.191571154,0.2190859258,152810.99286,0.4665632633,0.7180580762,0.9246403166,56188,0
194,292,Haderslev Løve Apote,13,Jomfrustien 40,6100,01-01-1802 00:00,,1083,510,1083,"Jomfrustien 40, 6100 Denmark",55.250568,9.496685,1802-01-01,,1802,2025,2008,POINT (9.496684999999999 55.25056,2011,27742781.932,10101746.775,41.19,0.191571154,0.2190859258,152810.99286,0.4665632633,0.7180580762,0.9246403166,56188,0
740,311,Vojens Apotek,6,Rådhuscentret 11A,6500,"01Jan1922 0:00:00,000",,1083,510,1083,"Rådhuscentret 11A, 6500 Denmark",55.246032,9.291409,1922-01-01,,1922,2025,2008,POINT (9.291409 55.246032),2011,27742781.932,10101746.775,41.19,0.191571154,0.2190859258,152810.99286,0.4665632633,0.7180580762,0.9246403166,56188,0
181,088,Grindsted Apotek,6,Borgergade 29,7200,01-01-1842 00:00,,1083,530,1083,"Borgergade 29, 7200 Denmark",55.756261,8.931128,1842-01-01,,1842,2025,2008,POINT (8.931127999999999 55.75626,2011,,,40.45,0.1813882532,0.2345156369,164438.94536,0.5035138645,0.7744931328,0.9306775647,26220,0
86,289-1,Broager Apotek,7,Storegade 6 A,6310,01.01.1992,,1083,540,1083,"Storegade 6 A, 6310 Denmark",54.8877739,9.6740659,1992-01-01,,1992,2025,2008,POINT (9.6740659 54.8877739),2011,31781720.52,11444906.202,41.89,0.2095303178,0.2151549399,149878.31996,0.4435887969,0.7049240428,0.8921752202,76094,0
184,289,Gråsten Apotek,6,Sundsnæs 13,6300,01-01-1828 00:00,,1083,540,1083,"Sundsnæs 13, 6300 Denmark",54.910857,9.588866,1828-01-01,,1828,2025,2008,POINT (9.588865999999999 54.91085,2011,31781720.52,11444906.202,41.89,0.2095303178,0.2151549399,149878.31996,0.4435887969,0.7049240428,0.8921752202,76094,0
480,297,Nordborg Apotek,6,Storegade 28,6430,01-01-1835 00:00,11-JUL-2014,1083,540,1083,"Storegade 28, 6430 Denmark",55.057527,9.745282,1835-01-01,2014-07-11,1835,2014,2008,POINT (9.745282 55.057527),2011,31781720.52,11444906.202,41.89,0.2095303178,0.2151549399,149878.31996,0.4435887969,0.7049240428,0.8921752202,76094,0
648,285,Sønderborg Jernbane,6,Jernbanegade 10,6400,01-01-1799 00:00,,1083,540,1083,"Jernbanegade 10, 6400 Denmark",54.910436,9.793249,1799-01-01,,1799,2025,2008,POINT (9.793248999999999 54.91043,2011,31781720.52,11444906.202,41.89,0.2095303178,0.2151549399,149878.31996,0.4435887969,0.7049240428,0.8921752202,76094,0
649,298,Sønderborg Løve Apo,6,Grundtvigs Allé 179,6400,01-01-1753 00:00,,1083,540,1083,"Grundtvigs Allé 179, 6400 Denmark",54.921095,9.808285,1753-01-01,,1753,2025,2008,POINT (9.808285 54.921095),2011,31781720.52,11444906.202,41.89,0.2095303178,0.2151549399,149878.31996,0.4435887969,0.7049240428,0.8921752202,76094,0
441,302-1,Løgumkloster Apotek,7,Østergade 5B,6240,"01Jul2010 0:00:00,000",,1083,550,1083,"Østergade 5B, 6240 Denmark",55.05874,8.9538,2010-07-01,,2010,2025,2010,POINT (8.953799999999999 55.05874,2011,21244620.825,7733025.7425,42.47,0.203157383,0.2130337999,141505.55755,0.4686146354,0.7210078132,0.9229014482,39083,0
598,295-1,Skærbæk Apotek,7,Storegade 40,6780,"01Jun2001 0:00:00,000",,1083,550,1083,"Storegade 40, 6780 Denmark",55.15857,8.762733,2001-06-01,,2001,2025,2008,POINT (8.762733000000001 55.15857,2011,21244620.825,7733025.7425,42.47,0.203157383,0.2130337999,141505.55755,0.4686146354,0.7210078132,0.9229014482,39083,0
666,295,Toftlund Apotek,6,Søndergade 2,6520,01-12-1876 00:00,,1083,550,1083,"Søndergade 2, 6520 Denmark",55.192524,9.063839,1876-01-12,,1876,2025,2008,POINT (9.063839 55.192524),2011,21244620.825,7733025.7425,42.47,0.203157383,0.2130337999,141505.55755,0.4686146354,0.7210078132,0.9229014482,39083,0
676,302,Tønder Løve Apotek,6,Storegade 28,6270,01-01-1753 00:00,,1083,550,1083,"Storegade 28, 6270 Denmark",54.935097,8.869037,1753-01-01,,1753,2025,2008,POINT (8.869037000000001 54.93509,2011,21244620.825,7733025.7425,42.47,0.203157383,0.2130337999,141505.55755,0.4686146354,0.7210078132,0.9229014482,39083,0
78,253,Bramminge Apotek,6,"Storegade 2, st.",6740,"01Jan1907 0:00:00,000",,1083,561,1083,"Storegade 2, st., 6740 Denmark",55.464728,8.702538,1907-01-01,,1907,2025,2008,POINT (8.702538000000001 55.46472,2011,49049567.7,17846525.994,40.16,0.1720498297,0.2133487386,162789.9079,0.4805793973,0.717690543,0.9129076063,115112,0
123,363,Esbjerg Jerne Apotek,6,Strandby Kirkevej 80,6705,"01Jan1967 0:00:00,000",,1083,561,1083,"Strandby Kirkevej 80, 6705 Denmark",55.478814,8.480168,1967-01-01,,1967,2025,2008,POINT (8.480168000000001 55.47881,2011,49049567.7,17846525.994,40.16,0.1720498297,0.2133487386,162789.9079,0.4805793973,0.717690543,0.9129076063,115112,0
124,158,Esbjerg Krone Apotek,6,Kongensgade 36,6700,"01Jan1929 0:00:00,000",,1083,561,1083,"Kongensgade 36, 6700 Denmark",55.465863,8.452508,1929-01-01,,1929,2025,2008,POINT (8.452508 55.465863),2011,49049567.7,17846525.994,40.16,0.1720498297,0.2133487386,162789.9079,0.4805793973,0.717690543,0.9129076063,115112,0
127,233,Esbjerg Neptun Apotek,6,Stormgade 2,6700,"01Jan1910 0:00:00,000",,1083,561,1083,"Stormgade 2, 6700 Denmark",55.466783,8.442996,1910-01-01,,1910,2025,2008,POINT (8.442996000000001 55.46678,2011,49049567.7,17846525.994,40.16,0.1720498297,0.2133487386,162789.9079,0.4805793973,0.717690543,0.9129076063,115112,0
540,008,Ribe Apotek,13,J. Lauritzens Plads 14-16,6760,01-01-1753 00:00,,1083,561,1083,"J. Lauritzens Plads 14-16, 6760 Denmark",55.3310398,8.7678062,1753-01-01,,1753,2025,2008,POINT (8.767806200000001 55.33103,2011,49049567.7,17846525.994,40.16,0.1720498297,0.2133487386,162789.9079,0.4805793973,0.717690543,0.9129076063,115112,0
131,363-1,Fanø Apotek,7,Hovedgaden 64,6720,01.03.2008,,1083,563,1083,"Hovedgaden 64, 6720 Denmark",55.444787,8.403412,2008-01-03,,2008,2025,2008,POINT (8.403411999999999 55.44478,2011,,,46.52,0.253152876,0.1888649646,164497.23473,0.4770416025,0.7426836002,0.9365177196,3251,0
505,124,Nørre-Nebel Apotek,13,Bredgade 12,6830,"01Mar2003 0:00:00,000",,1083,573,1083,"Bredgade 12, 6830 Denmark",55.779635,8.286604,2003-03-01,,2003,2025,2008,POINT (8.286604000000001 55.77963,2011,30964118.77,11354416.66,40.88,0.1862610324,0.2323033092,159082.47588,0.5060005192,0.7782890896,0.9378581841,50193,0
701,051,Varde Apotek,6,Vestergade 3,6800,01-01-1800 00:00,,1083,573,1083,"Vestergade 3, 6800 Denmark",55.620822,8.47965,1800-01-01,,1800,2025,2008,POINT (8.479649999999999 55.62082,2011,30964118.77,11354416.66,40.88,0.1862610324,0.2323033092,159082.47588,0.5060005192,0.7782890896,0.9378581841,50193,0
750,098-1,Ølgod Apotek,7,Torvet 4,6870,"01Oct2010 0:00:00,000",,1083,573,1083,"Torvet 4, 6870 Denmark",55.807494,8.619919,2010-10-01,,2010,2025,2010,POINT (8.619918999999999 55.80749,2011,30964118.77,11354416.66,40.88,0.1862610324,0.2323033092,159082.47588,0.5060005192,0.7782890896,0.9378581841,50193,0
97,253-1,Brørup Apotek,7,Søndergade 17,6650,01.01.1992,,1083,575,1083,"Søndergade 17, 6650 Denmark",55.481467,9.018186,1992-01-01,,1992,2025,2008,POINT (9.018186 55.481467),2011,20652866.138,7517506.5075,40.15,0.1828444548,0.2390791165,153835.87371,0.491989882,0.7689036491,0.9379801387,42785,0
253,253-2,Holsted Apotek,7,Søndergade 16,6670,"01Jun2005 0:00:00,000",,1083,575,1083,"Søndergade 16, 6670 Denmark",55.509966,8.916999,2005-06-01,,2005,2025,2008,POINT (8.916999000000001 55.50996,2011,20652866.138,7517506.5075,40.15,0.1828444548,0.2390791165,153835.87371,0.491989882,0.7689036491,0.9379801387,42785,0
559,286,Rødding Apotek,6,Kongevej 2,6630,01-01-1839 00:00,,1083,575,1083,"Kongevej 2, 6630 Denmark",55.369002,9.059565,1839-01-01,,1839,2025,2008,POINT (9.059564999999999 55.36900,2011,20652866.138,7517506.5075,40.15,0.1828444548,0.2390791165,153835.87371,0.491989882,0.7689036491,0.9379801387,42785,0
703,200,Vejen Apotek,6,Mindevej 1,6600,"01Jan1906 0:00:00,000",,1083,575,1083,"Mindevej 1, 6600 Denmark",55.474884,9.138007,1906-01-01,,1906,2025,2008,POINT (9.138007 55.474884),2011,20652866.138,7517506.5075,40.15,0.1828444548,0.2390791165,153835.87371,0.491989882,0.7689036491,0.9379801387,42785,0
526,301-1,Padborg Apotek,7,Bovvej 9,6330,01.01.1992,,1083,580,1083,"Bovvej 9, 6330 Denmark",54.82629,9.362908,1992-01-01,,1992,2025,2008,POINT (9.362907999999999 54.82629,2011,29726629.89,10677741.053,41.62,0.1930536913,0.220352349,151451.17268,0.4601015536,0.7159025788,0.8910653037,59600,0
665,301,Tinglev Apotek,6,Jernbanegade 1,6360,01-01-1897 00:00,,1083,580,1083,"Jernbanegade 1, 6360 Denmark",54.936593,9.257234,1897-01-01,,1897,2025,2008,POINT (9.257234 54.936593),2011,29726629.89,10677741.053,41.62,0.1930536913,0.220352349,151451.17268,0.4601015536,0.7159025788,0.8910653037,59600,0
762,288,Aabenraa Løve Apotek,6,Madevej 9,6200,01-01-1753 00:00,,1083,580,1083,"Madevej 9, 6200 Denmark",55.043839,9.42051,1753-01-01,,1753,2025,2008,POINT (9.42051 55.043839),2011,29726629.89,10677741.053,41.62,0.1930536913,0.220352349,151451.17268,0.4601015536,0.7159025788,0.8910653037,59600,0
763,287,Aabenraa Svane Apotek,6,Opnørplads 1-3,6200,01-01-1851 00:00,,1083,580,1083,"Opnørplads 1-3, 6200 Denmark",55.0433499,9.4227116,1851-01-01,,1851,2025,2008,POINT (9.4227116 55.0433499),2011,29726629.89,10677741.053,41.62,0.1930536913,0.220352349,151451.17268,0.4601015536,0.7159025788,0.8910653037,59600,0
145,223,Fredericia Krone Apot,13,Prinsessegade 45-49,7000,"01Jan1907 0:00:00,000",,1083,607,1083,"Prinsessegade 45-49, 7000 Denmark",55.5656138,9.757674,1907-01-01,,1907,2025,2008,POINT (9.757674 55.5656138),2011,36803677.8,12930223.72,40.43,0.1825154902,0.2201502202,164233.85125,0.4608414498,0.7083889928,0.9148970142,50193,0
449,015-1,Løve Apoteket Centru,7,Jyllandsgade 23,7000,01-01-1753 00:00,,1083,607,1083,"Jyllandsgade 23, 7000 Denmark",55.565725,9.75506,1753-01-01,,1753,2025,2008,POINT (9.75506 55.565725),2011,36803677.8,12930223.72,40.43,0.1825154902,0.2201502202,164233.85125,0.4608414498,0.7083889928,0.9148970142,50193,0
450,015,Løve Apoteket Lilleb,6,Strevelinsvej 11,7000,19.11.1979,,1083,607,1083,"Strevelinsvej 11, 7000 Denmark",55.535377,9.717685,1979-11-19,,1979,2025,2008,POINT (9.717684999999999 55.53537,2011,36803677.8,12930223.72,40.43,0.1825154902,0.2201502202,164233.85125,0.4608414498,0.7083889928,0.9148970142,50193,0
263,166,Horsens Løve Apotek,6,Nørretorv 2,8700,01-01-1897 00:00,,1082,615,1082,"Nørretorv 2, 8700 Denmark",55.868006,9.845432,1897-01-01,,1897,2025,2008,POINT (9.845432000000001 55.86800,2011,27132520.1,9675473.55,38.98,0.1605899663,0.2230675375,163988.87615,0.4866037713,0.7286069748,0.895371558,83598,0
264,118,Horsens Svane Apotek,6,Grønlandsvej 1 D,8700,01-01-1870 00:00,,1082,615,1082,"Grønlandsvej 1 D, 8700 Denmark",55.8562579,9.8606515,1870-01-01,,1870,2025,2008,POINT (9.860651499999999 55.85625,2011,27132520.1,9675473.55,38.98,0.1605899663,0.2230675375,163988.87615,0.4866037713,0.7286069748,0.895371558,83598,0
265,019,Horsens Søndergades,6,Søndergade 12,8700,01-01-1753 00:00,,1082,615,1082,"Søndergade 12, 8700 Denmark",55.861753,9.846627,1753-01-01,,1753,2025,2008,POINT (9.846627 55.861753),2011,27132520.1,9675473.55,38.98,0.1605899663,0.2230675375,163988.87615,0.4866037713,0.7286069748,0.895371558,83598,0
268,166-1,Hovedgård Apotek,7,Ørridslevvej 1,8732,01.01.1992,,1082,615,1082,"Ørridslevvej 1, 8732 Denmark",55.938138,9.955858,1992-01-01,,1992,2025,2008,POINT (9.955857999999999 55.93813,2011,27132520.1,9675473.55,38.98,0.1605899663,0.2230675375,163988.87615,0.4866037713,0.7286069748,0.895371558,83598,0
330,101,Kløver Apoteket Bræ,6,Søndergade 32,8740,01-01-1856 00:00,,1082,615,1082,"Søndergade 32, 8740 Denmark",55.969331,9.611604,1856-01-01,,1856,2025,2008,POINT (9.611604 55.969331),2011,27132520.1,9675473.55,38.98,0.1605899663,0.2230675375,163988.87615,0.4866037713,0.7286069748,0.895371558,83598,0
331,101-1,Kløver Apoteket Øst,7,H.C. Andersensvej 2A,8752,01.01.1991,,1082,615,1082,"H.C. Andersensvej 2A, 8752 Denmark",55.9926847,12.0324152,1991-01-01,,1991,2025,2008,POINT (12.0324152 55.9926847),2011,27132520.1,9675473.55,38.98,0.1605899663,0.2230675375,163988.87615,0.4866037713,0.7286069748,0.895371558,83598,0
104,291-1,Christiansfeld Apotek,7,Lindegade 35 C,6070,01.06.2008,,1083,621,1083,"Lindegade 35 C, 6070 Denmark",55.3556396,9.4876889,2008-01-06,,2008,2025,2008,POINT (9.4876889 55.3556396),2011,43463717.52,15527464.185,39.34,0.1663646938,0.2268040084,170719.74456,0.4942835366,0.7484028214,0.9077743902,89412,0
333,005,Kolding Løve Apotek,6,"Sundhedshuset, Jernbanegade 26",6000,01-01-1753 00:00,,1083,621,1083,"Sundhedshuset, Jernbanegade 26, 6000 Denmark",55.4904,9.4722,1753-01-01,,1753,2025,2008,POINT (9.472200000000001 55.4904),2011,43463717.52,15527464.185,39.34,0.1663646938,0.2268040084,170719.74456,0.4942835366,0.7484028214,0.9077743902,89412,0
690,304,Ulve Apoteket - Koldi,6,Søndergade 7,6000,"01Jan1921 0:00:00,000",,1083,621,1083,"Søndergade 7, 6000 Denmark",55.4884032,9.4731474,1921-01-01,,1921,2025,2008,POINT (9.4731474 55.4884032),2011,43463717.52,15527464.185,39.34,0.1663646938,0.2268040084,170719.74456,0.4942835366,0.7484028214,0.9077743902,89412,0
698,286-2,Vamdrup Apotek,7,Torvet 6,6580,25.02.2008,,1083,621,1083,"Torvet 6, 6580 Denmark",55.425942,9.283247,2008-02-25,,2008,2025,2008,POINT (9.283246999999999 55.42594,2011,43463717.52,15527464.185,39.34,0.1663646938,0.2268040084,170719.74456,0.4942835366,0.7484028214,0.9077743902,89412,0
99,276,Børkop Apotek,13,Ny Boder 16,7080,"01Jan1907 0:00:00,000",,1083,630,1083,"Ny Boder 16, 7080 Denmark",55.641515,9.650983,1907-01-01,,1907,2025,2008,POINT (9.650983 55.641515),2011,33509880.65,12077607.43,39.54,0.1684116977,0.2345840161,171336.42498,0.4948892517,0.7558502461,0.9125143769,108021,0
116,122,Egtved Apotek,13,Aftensang 10,6040,01-01-1871 00:00,,1083,630,1083,"Aftensang 10, 6040 Denmark",55.6193992,9.3069804,1871-01-01,,1871,2025,2008,POINT (9.3069804 55.6193992),2011,33509880.65,12077607.43,39.54,0.1684116977,0.2345840161,171336.42498,0.4948892517,0.7558502461,0.9125143769,108021,0
169,115,Give Apotek,6,Østergade 8-14,7323,01-01-1869 00:00,,1083,630,1083,"Østergade 8-14, 7323 Denmark",55.8463179,9.2395159,1869-01-01,,1869,2025,2008,POINT (9.239515900000001 55.84631,2011,33509880.65,12077607.43,39.54,0.1684116977,0.2345840161,171336.42498,0.4948892517,0.7558502461,0.9125143769,108021,0
706,234,Vejle Gorms Apotek,6,Vestergade 29,7100,"01Jan1910 0:00:00,000",,1083,630,1083,"Vestergade 29, 7100 Denmark",55.7140717,9.5368635,1910-01-01,,1910,2025,2008,POINT (9.536863500000001 55.71407,2011,33509880.65,12077607.43,39.54,0.1684116977,0.2345840161,171336.42498,0.4948892517,0.7558502461,0.9125143769,108021,0
707,036,Vejle Løve Apotek,6,Søndergade 29,7100,01-01-1753 00:00,,1083,630,1083,"Søndergade 29, 7100 Denmark",55.706083,9.532766,1753-01-01,,1753,2025,2008,POINT (9.532766000000001 55.70608,2011,33509880.65,12077607.43,39.54,0.1684116977,0.2345840161,171336.42498,0.4948892517,0.7558502461,0.9125143769,108021,0
708,271,Vejle St. Thomas Apot,6,Nørretorv 1 B,7100,"01Jan1917 0:00:00,000",,1083,630,1083,"Nørretorv 1 B, 7100 Denmark",55.7115483,9.5373041,1917-01-01,,1917,2025,2008,POINT (9.5373041 55.7115483),2011,33509880.65,12077607.43,39.54,0.1684116977,0.2345840161,171336.42498,0.4948892517,0.7558502461,0.9125143769,108021,0
230,078,Herning Løve Apotek,6,Bredgade 45,7400,01-01-1832 00:00,,1082,657,1082,"Bredgade 45, 7400 Denmark",56.136107,8.969861,1832-01-01,,1832,2025,2008,POINT (8.969861 56.136107),2011,53845692.7,19480727.08,39.13,0.1637443832,0.2312850327,160296.40033,0.4973938078,0.7469303967,0.9186566211,86348,0
231,281,Herning Østergades A,6,Østergade 5,7400,"15Sep1920 0:00:00,000",,1082,657,1082,"Østergade 5, 7400 Denmark",56.136348,8.976014,1920-09-15,,1920,2025,2008,POINT (8.976013999999999 56.13634,2011,53845692.7,19480727.08,39.13,0.1637443832,0.2312850327,160296.40033,0.4973938078,0.7469303967,0.9186566211,86348,0
728,246,Vildbjerg Apotek,6,Søndergade 7,7480,"01Jan1914 0:00:00,000",,1082,657,1082,"Søndergade 7, 7480 Denmark",56.196415,8.766971,1914-01-01,,1914,2025,2008,POINT (8.766971 56.196415),2011,53845692.7,19480727.08,39.13,0.1637443832,0.2312850327,160296.40033,0.4973938078,0.7469303967,0.9186566211,86348,0
251,030,Holstebro Løveapotek,6,Store Torv 8,7500,01-01-1753 00:00,,1082,661,1082,"Store Torv 8, 7500 Denmark",56.357962,8.617337,1753-01-01,,1753,2025,2008,POINT (8.617336999999999 56.35796,2011,24637492.425,8932886.9625,39.70,0.1723968996,0.2291743216,163445.6961,0.501104643,0.7598454016,0.934264974,57153,0
252,275,Holstebro Svane Apote,6,Nørregade 51,7500,"01Jan1917 0:00:00,000",,1082,661,1082,"Nørregade 51, 7500 Denmark",56.361775,8.618734,1917-01-01,,1917,2025,2008,POINT (8.618734 56.361775),2011,24637492.425,8932886.9625,39.70,0.1723968996,0.2291743216,163445.6961,0.501104643,0.7598454016,0.934264974,57153,0
686,120,Ulfborg Apotek,13,Bredgade 9,6990,01-01-1871 00:00,,1082,661,1082,"Bredgade 9, 6990 Denmark",56.272171,8.322184,1871-01-01,,1871,2025,2008,POINT (8.322184 56.272171),2011,24637492.425,8932886.9625,39.70,0.1723968996,0.2291743216,163445.6961,0.501104643,0.7598454016,0.934264974,57153,0
730,213,Vinderup Apotek,6,Søndergade 14,7830,"01Jan1904 0:00:00,000",01-SEP-2012,1082,661,1082,"Søndergade 14, 7830 Denmark",56.481051,8.778564,1904-01-01,2012-09-01,1904,2012,2008,POINT (8.778563999999999 56.48105,2011,24637492.425,8932886.9625,39.70,0.1723968996,0.2291743216,163445.6961,0.501104643,0.7598454016,0.934264974,57153,0
101,120-1,Bøvlingbjerg Apotek,7,"Fårevej 143, Lejlighed 1",7650,02.03.2009,,1082,665,1082,"Fårevej 143, Lejlighed 1, 7650 Denmark",56.438621,8.20251,2009-02-03,,2009,2025,2009,POINT (8.20251 56.438621),2011,,,42.56,0.20781893,0.2190890385,156067.86132,0.4910070258,0.7680993626,0.9568618267,21384,0
419,064,Lemvig Apotek,6,Vasen 6,7620,01-01-1813 00:00,,1082,665,1082,"Vasen 6, 7620 Denmark",56.549513,8.310131,1813-01-01,,1813,2025,2008,POINT (8.310131 56.549513),2011,,,42.56,0.20781893,0.2190890385,156067.86132,0.4910070258,0.7680993626,0.9568618267,21384,0
632,150,Struer Apotek,6,Østergade 11,7600,01-01-1878 00:00,,1082,671,1082,"Østergade 11, 7600 Denmark",56.492144,8.593388,1878-01-01,,1878,2025,2008,POINT (8.593387999999999 56.49214,2011,,,41.92,0.2000181012,0.2230971129,153784.1801,0.4705482247,0.7365401242,0.9359724301,22098,0
114,070,Ebeltoft Apotek,6,Bryggerivej 4,8400,01-01-1815 00:00,,1082,706,1082,"Bryggerivej 4, 8400 Denmark",56.199654,10.681064,1815-01-01,,1815,2025,2008,POINT (10.681064 56.199654),2011,28830272.55,10325930.01,42.31,0.2034198254,0.2230300132,158371.62788,0.4722515096,0.7399749373,0.948193233,41815,0
259,104,Hornslet Apotek,6,Byvej 8,8543,01-01-1857 00:00,,1082,706,1082,"Byvej 8, 8543 Denmark",56.316491,10.3204,1857-01-01,,1857,2025,2008,POINT (10.3204 56.316491),2011,28830272.55,10325930.01,42.31,0.2034198254,0.2230300132,158371.62788,0.4722515096,0.7399749373,0.948193233,41815,0
337,070-1,Kolind Apotek,7,Drasbeksgade 16,8560,02.07.2008,,1082,706,1082,"Drasbeksgade 16, 8560 Denmark",56.362668,10.588453,2008-02-07,,2008,2025,2008,POINT (10.588453 56.362668),2011,28830272.55,10325930.01,42.31,0.2034198254,0.2230300132,158371.62788,0.4722515096,0.7399749373,0.948193233,41815,0
55,104-1,Auning Apotek,7,Centervej 4B,8963,29.12.2009,,1082,707,1082,"Centervej 4B, 8963 Denmark",56.4321198,10.3727707,2009-12-29,,2009,2025,2009,POINT (10.3727707 56.4321198),2011,,,42.70,0.2050638927,0.2028197275,149790.63081,0.4671110053,0.7111736083,0.9481075934,37876,0
178,037,Grenaa Apotek,6,Kannikegade 12,8500,01-01-1753 00:00,,1082,707,1082,"Kannikegade 12, 8500 Denmark",56.41217,10.876357,1753-01-01,,1753,2025,2008,POINT (10.876357 56.41217),2011,,,42.70,0.2050638927,0.2028197275,149790.63081,0.4671110053,0.7111736083,0.9481075934,37876,0
195,164,Hadsten Apotek,6,Vesselbjergvej 8,8370,01-01-1896 00:00,,1082,710,1082,"Vesselbjergvej 8, 8370 Denmark",56.328232,10.047822,1896-01-01,,1896,2025,2008,POINT (10.047822 56.328232),2011,28292505.85,10013620.7,38.68,0.1551881487,0.2628350701,175345.45625,0.5087152453,0.7945815686,0.9589108069,47117,0
201,087,Hammel Frijsenborg Ap,13,Østergade 1,8450,01-01-1841 00:00,,1082,710,1082,"Østergade 1, 8450 Denmark",56.2572838,9.8686624,1841-01-01,,1841,2025,2008,POINT (9.8686624 56.2572838),2011,28292505.85,10013620.7,38.68,0.1551881487,0.2628350701,175345.45625,0.5087152453,0.7945815686,0.9589108069,47117,0
237,164-1,Hinnerup Apotek,7,Storegade 5,8382,"01Oct2006 0:00:00,000",,1082,710,1082,"Storegade 5, 8382 Denmark",56.264038,10.062066,2006-10-01,,2006,2025,2008,POINT (10.062066 56.264038),2011,28292505.85,10013620.7,38.68,0.1551881487,0.2628350701,175345.45625,0.5087152453,0.7945815686,0.9589108069,47117,0
508,096,Odder Apotek,6,Rosensgade 14,8300,01-01-1850 00:00,,1082,727,1082,"Rosensgade 14, 8300 Denmark",55.972531,10.147434,1850-01-01,,1850,2025,2008,POINT (10.147434 55.972531),2011,,,41.32,0.1879166858,0.2322405628,168094.72973,0.4848777793,0.7620634921,0.9466464116,21749,0
534,274,Randers Jernbane Apot,6,Vestertorv 2,8900,"01Jan1917 0:00:00,000",,1082,730,1082,"Vestertorv 2, 8900 Denmark",56.4610003,10.0305557,1917-01-01,,1917,2025,2008,POINT (10.0305557 56.4610003),2011,67039902.55,23768470.15,40.35,0.1791637078,0.217699152,157281.15173,0.4743089618,0.7200644725,0.9394459144,95756,0
536,011,Randers Løve Apotek,6,Østervold 24,8900,01-01-1753 00:00,,1082,730,1082,"Østervold 24, 8900 Denmark",56.460735,10.039052,1753-01-01,,1753,2025,2008,POINT (10.039052 56.460735),2011,67039902.55,23768470.15,40.35,0.1791637078,0.217699152,157281.15173,0.4743089618,0.7200644725,0.9394459144,95756,0
539,326,Randers Sønderbros A,6,Dytmærsken 10,8900,"01Jan1931 0:00:00,000",,1082,730,1082,"Dytmærsken 10, 8900 Denmark",56.458931,10.03876,1931-01-01,,1931,2025,2008,POINT (10.03876 56.458931),2011,67039902.55,23768470.15,40.35,0.1791637078,0.217699152,157281.15173,0.4743089618,0.7200644725,0.9394459144,95756,0
328,112,Kjellerup Apotek,6,Bryggerstræde 5,8620,01-01-1868 00:00,,1082,740,1082,"Bryggerstræde 5, 8620 Denmark",56.288676,9.431164,1868-01-01,,1868,2025,2008,POINT (9.431164000000001 56.28867,2011,41751052.327,14951564.955,39.37,0.1631067526,0.2405068959,170996.03253,0.4946312565,0.7552943389,0.9413196899,89328,0
577,204,Silkeborg Himmelbjerg,6,Borgergade 20,8600,"01Jan1903 0:00:00,000",,1082,740,1082,"Borgergade 20, 8600 Denmark",56.17723,9.55455,1903-01-01,,1903,2025,2008,POINT (9.554550000000001 56.17723,2011,41751052.327,14951564.955,39.37,0.1631067526,0.2405068959,170996.03253,0.4946312565,0.7552943389,0.9413196899,89328,0
579,344,Silkeborg Svane Apote,6,Torvet 9,8600,"01Jan1938 0:00:00,000",,1082,740,1082,"Torvet 9, 8600 Denmark",56.169873,9.549949,1938-01-01,,1938,2025,2008,POINT (9.549949 56.169873),2011,41751052.327,14951564.955,39.37,0.1631067526,0.2405068959,170996.03253,0.4946312565,0.7552943389,0.9413196899,89328,0
580,089,Silkeborg Ørne Apote,13,Vestergade 9,8600,01-01-1842 00:00,,1082,740,1082,"Vestergade 9, 8600 Denmark",56.1645514,9.5290969,1842-01-01,,1842,2025,2008,POINT (9.529096900000001 56.16455,2011,41751052.327,14951564.955,39.37,0.1631067526,0.2405068959,170996.03253,0.4946312565,0.7552943389,0.9413196899,89328,0
574,096-1,Samsø Apotek,7,"Langgade 6, Tranebjerg",8305,"01Jan2005 0:00:00,000",,1082,741,1082,"Langgade 6, Tranebjerg, 8305 Denmark",55.8326137,10.5894103,2005-01-01,,2005,2025,2008,POINT (10.5894103 55.8326137),2011,,,48.42,0.2823347904,0.1769092312,131841.06306,0.4422680412,0.7223809524,0.9440721649,3889,0
164,129,Galten Apotek,13,Torvet 3,8464,01-01-1876 00:00,,1082,746,1082,"Torvet 3, 8464 Denmark",56.155132,9.90418,1876-01-01,,1876,2025,2008,POINT (9.90418 56.155132),2011,,,38.51,0.147858916,0.2647738243,185829.87989,0.5143646409,0.8006403478,0.9506906077,58008,0
585,060,Skanderborg Apotek,6,Adelgade 61,8660,01-01-1806 00:00,,1082,746,1082,"Adelgade 61, 8660 Denmark",56.033381,9.931795,1806-01-01,,1806,2025,2008,POINT (9.931794999999999 56.03338,2011,,,38.51,0.147858916,0.2647738243,185829.87989,0.5143646409,0.8006403478,0.9506906077,58008,0
435,178-1,Lystrup Apotek,7,Lystrup Centervej 85,8520,"03Dec2001 0:00:00,000",,1082,751,1082,"Lystrup Centervej 85, 8520 Denmark",56.237686,10.234262,2001-12-03,,2001,2025,2008,POINT (10.234262 56.237686),2011,50526319.983,17762817.562,36.90,0.1325215788,0.1961945032,167848.62729,0.4924425818,0.6900103036,0.8528831096,314545,0
785,366,Aarhus City Vest Apot,6,Gudrunsvej 7 st. 129,8220,"01Jan1998 0:00:00,000",,1082,751,1082,"Gudrunsvej 7 st. 129, 8220 Denmark",56.1531,10.1057,1998-01-01,,1998,2025,2008,POINT (10.1057 56.1531),2011,50526319.983,17762817.562,36.90,0.1325215788,0.1961945032,167848.62729,0.4924425818,0.6900103036,0.8528831096,314545,0
786,132,Aarhus Jernbane Apote,6,Banegårdspladsen 8,8000,01-01-1878 00:00,,1082,751,1082,"Banegårdspladsen 8, 8000 Denmark",56.150812,10.204054,1878-01-01,,1878,2025,2008,POINT (10.204054 56.150812),2011,50526319.983,17762817.562,36.90,0.1325215788,0.1961945032,167848.62729,0.4924425818,0.6900103036,0.8528831096,314545,0
787,006,Aarhus Løve Apotek,6,Store Torv 5,8000,01-01-1753 00:00,,1082,751,1082,"Store Torv 5, 8000 Denmark",56.157192,10.208629,1753-01-01,,1753,2025,2008,POINT (10.208629 56.157192),2011,50526319.983,17762817.562,36.90,0.1325215788,0.1961945032,167848.62729,0.4924425818,0.6900103036,0.8528831096,314545,0
789,241,Aarhus Marselisborg A,6,Rundhøj Torv 3,8270,"01Jan1913 0:00:00,000",,1082,751,1082,"Rundhøj Torv 3, 8270 Denmark",56.1112,10.2099,1913-01-01,,1913,2025,2008,POINT (10.2099 56.1112),2011,50526319.983,17762817.562,36.90,0.1325215788,0.1961945032,167848.62729,0.4924425818,0.6900103036,0.8528831096,314545,0
791,347,Aarhus Sct. Lukas Apo,6,Frederiks Allé 178,8000,"01Jan1939 0:00:00,000",,1082,751,1082,"Frederiks Allé 178, 8000 Denmark",56.146221,10.193331,1939-01-01,,1939,2025,2008,POINT (10.193331 56.146221),2011,50526319.983,17762817.562,36.90,0.1325215788,0.1961945032,167848.62729,0.4924425818,0.6900103036,0.8528831096,314545,0
793,352,Aarhus Stjerne Apotek,6,Funch Thomsens Gade 3,8200,"01Jan1953 0:00:00,000",,1082,751,1082,"Funch Thomsens Gade 3, 8200 Denmark",56.174689,10.203284,1953-01-01,,1953,2025,2008,POINT (10.203284 56.174689),2011,50526319.983,17762817.562,36.90,0.1325215788,0.1961945032,167848.62729,0.4924425818,0.6900103036,0.8528831096,314545,0
796,317,Aarhus Trøjborg Apot,13,Tordenskjoldsgade 30,8200,"01Jan1924 0:00:00,000",,1082,751,1082,"Tordenskjoldsgade 30, 8200 Denmark",56.170728,10.216452,1924-01-01,,1924,2025,2008,POINT (10.216452 56.170728),2011,50526319.983,17762817.562,36.90,0.1325215788,0.1961945032,167848.62729,0.4924425818,0.6900103036,0.8528831096,314545,0
797,178,Aarhus Vejlby Apotek,6,Vejlbygade 16 A,8240,01-01-1899 00:00,,1082,751,1082,"Vejlbygade 16 A, 8240 Denmark",56.195078,10.2138928,1899-01-01,,1899,2025,2008,POINT (10.2138928 56.195078),2011,50526319.983,17762817.562,36.90,0.1325215788,0.1961945032,167848.62729,0.4924425818,0.6900103036,0.8528831096,314545,0
798,331,Aarhus Viby Apotek,6,"Viby Ringvej 10, ST. 26",8260,"01Jan1933 0:00:00,000",,1082,751,1082,"Viby Ringvej 10, ST. 26, 8260 Denmark",56.191264,10.0726946,1933-01-01,,1933,2025,2008,POINT (10.0726946 56.191264),2011,50526319.983,17762817.562,36.90,0.1325215788,0.1961945032,167848.62729,0.4924425818,0.6900103036,0.8528831096,314545,0
799,337,Aarhus Åbyhøj Apote,6,Haslevej 17,8230,"01Jan1936 0:00:00,000",,1082,751,1082,"Haslevej 17, 8230 Denmark",56.156458,10.164773,1936-01-01,,1936,2025,2008,POINT (10.164773 56.156458),2011,50526319.983,17762817.562,36.90,0.1325215788,0.1961945032,167848.62729,0.4924425818,0.6900103036,0.8528831096,314545,0
79,115-1,Brande Apotek,7,Storegade 13,7330,"01May2009 0:00:00,000",,1082,756,1082,"Storegade 13, 7330 Denmark",55.943996,9.126554,2009-05-01,,2009,2025,2009,POINT (9.126554 55.943996),2011,24207899.6,8820657.91,39.62,0.1699050617,0.2387721974,159242.03606,0.4946255116,0.7529696161,0.9186677186,40658,0
300,249,Ikast Apotek,13,Østergade 15,7430,"01Jan1914 0:00:00,000",,1082,756,1082,"Østergade 15, 7430 Denmark",56.13988,9.157542,1914-01-01,,1914,2025,2008,POINT (9.157541999999999 56.13988,2011,24207899.6,8820657.91,39.62,0.1699050617,0.2387721974,159242.03606,0.4946255116,0.7529696161,0.9186677186,40658,0
506,156-1,Nørre-Snede Apotek,7,Bredgade 22,8766,"01Jun2009 0:00:00,000",,1082,756,1082,"Bredgade 22, 8766 Denmark",55.9685793,9.3977107,2009-06-01,,2009,2025,2009,POINT (9.397710699999999 55.96857,2011,24207899.6,8820657.91,39.62,0.1699050617,0.2387721974,159242.03606,0.4946255116,0.7529696161,0.9186677186,40658,0
542,038,Ringkøbing Løve Apo,6,Torvegade 5,6950,01-01-1753 00:00,,1082,760,1082,"Torvegade 5, 6950 Denmark",56.0909433,8.2415235,1753-01-01,,1753,2025,2008,POINT (8.2415235 56.0909433),2011,26364761.497,9656894.5575,40.60,0.1856560492,0.2356284115,160460.88966,0.5028992782,0.7750067283,0.9352638776,57892,0
594,305,Skjern Apotek,13,Bredgade 44B,6900,"01Jan1921 0:00:00,000",,1082,760,1082,"Bredgade 44B, 6900 Denmark",55.946996,8.494403,1921-01-01,,1921,2025,2008,POINT (8.494403 55.946996),2011,26364761.497,9656894.5575,40.60,0.1856560492,0.2356284115,160460.88966,0.5028992782,0.7750067283,0.9352638776,57892,0
654,098,Tarm Apotek,6,Storegade 27,6880,09-12-1851 00:00,,1082,760,1082,"Storegade 27, 6880 Denmark",55.907132,8.520984,1851-09-12,,1851,2025,2008,POINT (8.520984 55.907132),2011,26364761.497,9656894.5575,40.60,0.1856560492,0.2356284115,160460.88966,0.5028992782,0.7750067283,0.9352638776,57892,0
725,038-1,Videbæk Apotek,7,Bredgade 32,6920,"01May2009 0:00:00,000",,1082,760,1082,"Bredgade 32, 6920 Denmark",56.091332,8.6306,2009-05-01,,2009,2025,2009,POINT (8.630599999999999 56.09133,2011,26364761.497,9656894.5575,40.60,0.1856560492,0.2356284115,160460.88966,0.5028992782,0.7750067283,0.9352638776,57892,0
219,248,Hedensted Apotek,6,Bytorvet 21 B,8722,"01Jan1914 0:00:00,000",,1082,766,1082,"Bytorvet 21 B, 8722 Denmark",55.7691036,9.7011606,1914-01-01,,1914,2025,2008,POINT (9.7011606 55.7691036),2011,29674735,10488678.95,39.88,0.1721088879,0.2476264963,167453.9586,0.5099677897,0.794467144,0.9525550622,46029,0
260,108,Hornsyld Apotek,6,Apotekerbakken 23,8783,01-01-1860 00:00,27-MAY-2015,1082,766,1082,"Apotekerbakken 23, 8783 Denmark",55.753975,9.85203,1860-01-01,2015-05-27,1860,2015,2008,POINT (9.852029999999999 55.75397,2011,29674735,10488678.95,39.88,0.1721088879,0.2476264963,167453.9586,0.5099677897,0.794467144,0.9525550622,46029,0
685,156,Uldum Apotek,6,Søndergade 18,7171,01-01-1873 00:00,,1082,766,1082,"Søndergade 18, 7171 Denmark",55.846443,9.58943,1873-01-01,,1873,2025,2008,POINT (9.58943 55.846443),2011,29674735,10488678.95,39.88,0.1721088879,0.2476264963,167453.9586,0.5099677897,0.794467144,0.9525550622,46029,0
491,314,Nykøbing Mors Sct. C,6,Algade 3,7900,"01Jan1923 0:00:00,000",,1081,773,1081,"Algade 3, 7900 Denmark",56.794109,8.857267,1923-01-01,,1923,2025,2008,POINT (8.857267 56.794109),2011,,,42.98,0.2140262643,0.2109527801,138049.22413,0.4545454545,0.7029767216,0.9592589136,21474,0
757,314-1,Øster Jølby Apotek,7,Doktor Lunds Vej 4,7950,01.11.2007,,1081,773,1081,"Doktor Lunds Vej 4, 7950 Denmark",56.83329,8.718862,2007-01-11,,2007,2025,2008,POINT (8.718862 56.83329),2011,,,42.98,0.2140262643,0.2109527801,138049.22413,0.4545454545,0.7029767216,0.9592589136,21474,0
61,143-1,Balling Apotek,7,"Vestergade 1, Balling",7860,"01Dec2003 0:00:00,000",,1082,779,1082,"Vestergade 1, Balling, 7860 Denmark",56.6157838,8.8821834,2003-12-01,,2003,2025,2008,POINT (8.882183400000001 56.61578,2011,24990487.987,8975109.0825,41.39,0.1942461151,0.2190256195,150912.68245,0.4794609822,0.7382240212,0.9550538177,47620,0
549,143,Roslev Apotek,6,Jernbanegade 15,7870,01-01-1885 00:00,,1082,779,1082,"Jernbanegade 15, 7870 Denmark",56.70287,8.990748,1885-01-01,,1885,2025,2008,POINT (8.990748 56.70287),2011,24990487.987,8975109.0825,41.39,0.1942461151,0.2190256195,150912.68245,0.4794609822,0.7382240212,0.9550538177,47620,0
591,053,Skive Løve Apotek,6,Posthustorvet 1A,7800,01-01-1801 00:00,,1082,779,1082,"Posthustorvet 1A, 7800 Denmark",56.565328,9.026396,1801-01-01,,1801,2025,2008,POINT (9.026396 56.565328),2011,24990487.987,8975109.0825,41.39,0.1942461151,0.2190256195,150912.68245,0.4794609822,0.7382240212,0.9550538177,47620,0
593,273,Skive Svane Apotek,6,Sdr. Boulevard 7,7800,"01Jan1917 0:00:00,000",,1082,779,1082,"Sdr. Boulevard 7, 7800 Denmark",56.5356707,9.0420999,1917-01-01,,1917,2025,2008,POINT (9.0420999 56.5356707),2011,24990487.987,8975109.0825,41.39,0.1942461151,0.2190256195,150912.68245,0.4794609822,0.7382240212,0.9550538177,47620,0
275,277,Hurup Apotek,6,Sundsvej 1,7760,"15Dec1918 0:00:00,000",,1081,787,1081,"Sundsvej 1, 7760 Denmark",56.7484,8.420189,1918-12-15,,1918,2025,2008,POINT (8.420189000000001 56.7484),2011,34248563,12361248.42,41.80,0.1951100027,0.217912176,148391.87842,0.485759529,0.7355845932,0.9429042978,44908,0
659,247,Thisted Løve Apotek,6,Sydhavnsvej 11,7700,"01Jan1914 0:00:00,000",,1081,787,1081,"Sydhavnsvej 11, 7700 Denmark",56.951526,8.693209,1914-01-01,,1914,2025,2008,POINT (8.693209 56.951526),2011,34248563,12361248.42,41.80,0.1951100027,0.217912176,148391.87842,0.485759529,0.7355845932,0.9429042978,44908,0
660,039,Thisted Svane Apotek,6,Storegade 5,7700,01-01-1753 00:00,,1081,787,1081,"Storegade 5, 7700 Denmark",56.9547778,8.6944876,1753-01-01,,1753,2025,2008,POINT (8.6944876 56.9547778),2011,34248563,12361248.42,41.80,0.1951100027,0.217912176,148391.87842,0.485759529,0.7355845932,0.9429042978,44908,0
72,145,Bjerringbro Apotek,6,Nørregade 4,8850,01-01-1877 00:00,,1082,791,1082,"Nørregade 4, 8850 Denmark",56.3819536,9.6657851,1877-01-01,,1877,2025,2008,POINT (9.665785100000001 56.38195,2011,32765871.24,11716234.68,39.74,0.170082819,0.2338758674,164129.61009,0.4968595783,0.7579974924,0.9424362836,93819,0
203,131-1,Hammershøj Apotek,7,Randersvej 8,8830,01.01.1992,,1082,791,1082,"Randersvej 8, 8830 Denmark",56.499378,9.751857,1992-01-01,,1992,2025,2008,POINT (9.751856999999999 56.49937,2011,32765871.24,11716234.68,39.74,0.170082819,0.2338758674,164129.61009,0.4968595783,0.7579974924,0.9424362836,93819,0
321,246-1,Karup Apotek,7,Herningvej 2,7470,"09Jan2006 0:00:00,000",,1082,791,1082,"Herningvej 2, 7470 Denmark",56.309049,9.165571,2006-01-09,,2006,2025,2008,POINT (9.165571 56.309049),2011,32765871.24,11716234.68,39.74,0.170082819,0.2338758674,164129.61009,0.4968595783,0.7579974924,0.9424362836,93819,0
624,250,Stoholm Apotek,6,Johan Bittmannsvej 2 C,7850,"01Jan1914 0:00:00,000",01-SEP-2018,1082,791,1082,"Johan Bittmannsvej 2 C, 7850 Denmark",56.5476,8.9522,1914-01-01,2018-09-01,1914,2018,2008,POINT (8.952199999999999 56.5476),2011,32765871.24,11716234.68,39.74,0.170082819,0.2338758674,164129.61009,0.4968595783,0.7579974924,0.9424362836,93819,0
720,131,Viborg Løve Apotek,6,Sct. Mathias Gade 66 st.,8800,01-01-1877 00:00,,1082,791,1082,"Sct. Mathias Gade 66 st., 8800 Denmark",56.4532,9.402,1877-01-01,,1877,2025,2008,POINT (9.401999999999999 56.4532),2011,32765871.24,11716234.68,39.74,0.170082819,0.2338758674,164129.61009,0.4968595783,0.7579974924,0.9424362836,93819,0
723,003,Viborg Svane Apotek,6,Lille Sct. Peder Stræde 10-12,8800,01-01-1753 00:00,,1082,791,1082,"Lille Sct. Peder Stræde 10-12, 8800 Denmark",56.4485855,9.4078033,1753-01-01,,1753,2025,2008,POINT (9.407803299999999 56.44858,2011,32765871.24,11716234.68,39.74,0.170082819,0.2338758674,164129.61009,0.4968595783,0.7579974924,0.9424362836,93819,0
93,172,Brønderslev Apotek,6,Peder Møllers Plads 10,9700,01-01-1883 00:00,,1081,810,1081,"Peder Møllers Plads 10, 9700 Denmark",57.2685538,9.9482643,1883-01-01,,1883,2025,2008,POINT (9.9482643 57.2685538),2011,,,41.23,0.1928735246,0.2283940258,151740.85381,0.4697674419,0.7376240019,0.9599047352,35754,0
112,144,Dronninglund Apotek,6,Slotsgade 64,9330,01-01-1876 00:00,,1081,810,1081,"Slotsgade 64, 9330 Denmark",57.159268,10.289593,1876-01-01,,1876,2025,2008,POINT (10.289593 57.159268),2011,,,41.23,0.1928735246,0.2283940258,151740.85381,0.4697674419,0.7376240019,0.9599047352,35754,0
155,066,Frederikshavn Løve A,6,Hangaardsvej 7,9900,01-01-1810 00:00,,1081,813,1081,"Hangaardsvej 7, 9900 Denmark",57.438716,10.534169,1810-01-01,,1810,2025,2008,POINT (10.534169 57.438716),2011,26025330.12,9433251.51,43.60,0.2200693286,0.1975702279,151904.8782,0.4576318375,0.7151128475,0.9523255814,61158,0
156,313,Frederikshavn Svane A,6,Søndergade 1,9900,"01Jan1923 0:00:00,000",,1081,813,1081,"Søndergade 1, 9900 Denmark",57.4339935,10.5297631,1923-01-01,,1923,2025,2008,POINT (10.5297631 57.4339935),2011,26025330.12,9433251.51,43.60,0.2200693286,0.1975702279,151904.8782,0.4576318375,0.7151128475,0.9523255814,61158,0
583,212,Skagen Apotek,6,Sct. Laurentiivej 44,9990,"01Jan1903 0:00:00,000",,1081,813,1081,"Sct. Laurentiivej 44, 9990 Denmark",57.7209,10.5839,1903-01-01,,1903,2025,2008,POINT (10.5839 57.7209),2011,26025330.12,9433251.51,43.60,0.2200693286,0.1975702279,151904.8782,0.4576318375,0.7151128475,0.9523255814,61158,0
645,069,Sæby Apotek,6,Søndergade 7,9300,01-01-1815 00:00,,1081,813,1081,"Søndergade 7, 9300 Denmark",57.334915,10.520444,1815-01-01,,1815,2025,2008,POINT (10.520444 57.334915),2011,26025330.12,9433251.51,43.60,0.2200693286,0.1975702279,151904.8782,0.4576318375,0.7151128475,0.9523255814,61158,0
760,069-1,Østervrå Apotek,7,Industrivej 10,9750,"01Aug2005 0:00:00,000",,1081,813,1081,"Industrivej 10, 9750 Denmark",57.340565,10.238498,2005-08-01,,2005,2025,2008,POINT (10.238498 57.340565),2011,26025330.12,9433251.51,43.60,0.2200693286,0.1975702279,151904.8782,0.4576318375,0.7151128475,0.9523255814,61158,0
132,107,Farsø Apotek,6,Nørregade 11,9640,01-01-1860 00:00,01-MAY-2018,1081,820,1081,"Nørregade 11, 9640 Denmark",56.773242,9.339891,1860-01-01,2018-05-01,1860,2018,2008,POINT (9.339891 56.773242),2011,19971692.963,7273933.785,41.54,0.1970746523,0.2218788299,148780.38948,0.4735900926,0.7347135512,0.9476072277,37534,0
436,084,Løgstør Apotek,13,Østerbrogade 1 B,9670,01-01-1832 00:00,01-MAY-2018,1081,820,1081,"Østerbrogade 1 B, 9670 Denmark",56.9686243,9.2526334,1832-01-01,2018-05-01,1832,2018,2008,POINT (9.252633400000001 56.96862,2011,19971692.963,7273933.785,41.54,0.1970746523,0.2218788299,148780.38948,0.4735900926,0.7347135512,0.9476072277,37534,0
781,260,Aalestrup Apotek,13,Borgergade 5,9620,"01Jan1905 0:00:00,000",01-JUN-2016,1081,820,1081,"Borgergade 5, 9620 Denmark",56.694251,9.496357,1905-01-01,2016-06-01,1905,2016,2008,POINT (9.496357 56.694251),2011,19971692.963,7273933.785,41.54,0.1970746523,0.2218788299,148780.38948,0.4735900926,0.7347135512,0.9476072277,37534,0
800,259,Aars Apotek,6,Søndergade 34,9600,"01Jan1905 0:00:00,000",,1081,820,1081,"Søndergade 34, 9600 Denmark",56.802114,9.519024,1905-01-01,,1905,2025,2008,POINT (9.519024 56.802114),2011,19971692.963,7273933.785,41.54,0.1970746523,0.2218788299,148780.38948,0.4735900926,0.7347135512,0.9476072277,37534,0
599,220,Skørping Apotek,6,Sverriggårdsvej 10,9520,"01Jan1906 0:00:00,000",,1081,840,1081,"Sverriggårdsvej 10, 9520 Denmark",56.836407,9.889342,1906-01-01,,1906,2025,2008,POINT (9.889341999999999 56.83640,2011,,,39.80,0.1680675176,0.2474144789,171697.37471,0.5035871487,0.7882631891,0.9612865213,28911,0
638,220-1,Støvring Apotek,6,Hobrovej 84,9530,01.01.2000,,1081,840,1081,"Hobrovej 84, 9530 Denmark",56.890056,9.836933,2000-01-01,,2000,2025,2008,POINT (9.836933 56.890056),2011,,,39.80,0.1680675176,0.2474144789,171697.37471,0.5035871487,0.7882631891,0.9612865213,28911,0
197,218,Hadsund Apotek,6,Storegade 23-25,9560,"01Jan1905 0:00:00,000",,1081,846,1081,"Storegade 23-25, 9560 Denmark",56.7161045,10.1140172,1905-01-01,,1905,2025,2008,POINT (10.1140172 56.7161045),2011,30960330,11321598.46,41.37,0.1873482759,0.2201324566,156517.13264,0.4796060556,0.7375304015,0.9487966746,42429,0
247,054,Hobro Apotek,6,Adelgade 18,9500,01-01-1803 00:00,,1081,846,1081,"Adelgade 18, 9500 Denmark",56.639388,9.793265,1803-01-01,,1803,2025,2008,POINT (9.793265 56.639388),2011,30960330,11321598.46,41.37,0.1873482759,0.2201324566,156517.13264,0.4796060556,0.7375304015,0.9487966746,42429,0
456,218-1,Mariager Apotek,7,Østergade 10,9550,12.10.2007,,1081,846,1081,"Østergade 10, 9550 Denmark",56.651484,9.983627,2007-12-10,,2007,2025,2008,POINT (9.983627 56.651484),2011,30960330,11321598.46,41.37,0.1873482759,0.2201324566,156517.13264,0.4796060556,0.7375304015,0.9487966746,42429,0
87,105-3,Brovst Apotek,7,Østergade 16,9460,"01Nov2009 0:00:00,000",,1081,849,1081,"Østergade 16, 9460 Denmark",57.097293,9.524836,2009-11-01,,2009,2025,2009,POINT (9.524836000000001 57.09729,2011,25858719.4,9433990.81,41.78,0.1964207091,0.2240812204,153345.77138,0.4716917488,0.7339658954,0.9614945511,38611,0
139,039-1,Fjerritslev Apotek,7,Østergade 11-13,9690,"01Jul2010 0:00:00,000",,1081,849,1081,"Østergade 11-13, 9690 Denmark",57.0878623,9.2811498,2010-07-01,,2010,2025,2010,POINT (9.2811498 57.0878623),2011,25858719.4,9433990.81,41.78,0.1964207091,0.2240812204,153345.77138,0.4716917488,0.7339658954,0.9614945511,38611,0
764,105,Aabybro Apotek,6,Østergade 36,9440,07.05.2008,,1081,849,1081,"Østergade 36, 9440 Denmark",57.159459,9.732615,2008-07-05,,2008,2025,2008,POINT (9.732614999999999 57.15945,2011,25858719.4,9433990.81,41.78,0.1964207091,0.2240812204,153345.77138,0.4716917488,0.7339658954,0.9614945511,38611,0
199,144-1,Hals Apotek,7,Havnegade 7A,9370,"01Feb2006 0:00:00,000",,1081,851,1081,"Havnegade 7A, 9370 Denmark",56.993303,10.307272,2006-02-01,,2006,2025,2008,POINT (10.307272 56.993303),2011,37377143.295,13633365.96,39.14,0.1656043989,0.1954390431,162707.30863,0.4783536722,0.7012683917,0.9169205911,201142,0
475,057,Nibe Apotek,13,Mellemgade 9,9240,01-01-1804 00:00,30-SEP-2013,1081,851,1081,"Mellemgade 9, 9240 Denmark",56.982515,9.638064,1804-01-01,2013-09-30,1804,2013,2008,POINT (9.638064 56.982515),2011,37377143.295,13633365.96,39.14,0.1656043989,0.1954390431,162707.30863,0.4783536722,0.7012683917,0.9169205911,201142,0
628,176,Storvorde Sejlflod Ap,13,Rødhøjvej 2,9280,01-01-1899 00:00,,1081,851,1081,"Rødhøjvej 2, 9280 Denmark",57.000115,10.101044,1899-01-01,,1899,2025,2008,POINT (10.101044 57.000115),2011,37377143.295,13633365.96,39.14,0.1656043989,0.1954390431,162707.30863,0.4783536722,0.7012683917,0.9169205911,201142,0
767,181,Aalborg Budolfi Apote,6,Algade 60,9000,"01Jan1900 0:00:00,000",,1081,851,1081,"Algade 60, 9000 Denmark",57.048407,9.916179,1900-01-01,,1900,2025,2008,POINT (9.916179 57.048407),2011,37377143.295,13633365.96,39.14,0.1656043989,0.1954390431,162707.30863,0.4783536722,0.7012683917,0.9169205911,201142,0
768,063,Aalborg Løve Apotek,6,Nytorv 3,9000,01-01-1813 00:00,,1081,851,1081,"Nytorv 3, 9000 Denmark",57.048682,9.922587,1813-01-01,,1813,2025,2008,POINT (9.922587 57.048682),2011,37377143.295,13633365.96,39.14,0.1656043989,0.1954390431,162707.30863,0.4783536722,0.7012683917,0.9169205911,201142,0
769,092,Aalborg Nørresundby,6,Torvet 3A,9400,01-01-1844 00:00,,1081,851,1081,"Torvet 3A, 9400 Denmark",57.058676,9.923124,1844-01-01,,1844,2025,2008,POINT (9.923124 57.058676),2011,37377143.295,13633365.96,39.14,0.1656043989,0.1954390431,162707.30863,0.4783536722,0.7012683917,0.9169205911,201142,0
770,255,Aalborg Reberbane Apo,6,Reberbansgade 25,9000,"01Jan1920 0:00:00,000",,1081,851,1081,"Reberbansgade 25, 9000 Denmark",57.049627,9.911455,1920-01-01,,1920,2025,2008,POINT (9.911455 57.049627),2011,37377143.295,13633365.96,39.14,0.1656043989,0.1954390431,162707.30863,0.4783536722,0.7012683917,0.9169205911,201142,0
773,010,Aalborg Svane Apotek,6,Østerågade 9,9000,01-01-1753 00:00,31-DEC-2013,1081,851,1081,"Østerågade 9, 9000 Denmark",57.048437,9.921128,1753-01-01,2013-12-31,1753,2013,2008,POINT (9.921128 57.048437),2011,37377143.295,13633365.96,39.14,0.1656043989,0.1954390431,162707.30863,0.4783536722,0.7012683917,0.9169205911,201142,0
774,306,Aalborg Vejgaard Apot,6,Hadsundvej 33 B,9000,"01Jan1922 0:00:00,000",,1081,851,1081,"Hadsundvej 33 B, 9000 Denmark",57.0336005,9.9544176,1922-01-01,,1922,2025,2008,POINT (9.954417599999999 57.03360,2011,37377143.295,13633365.96,39.14,0.1656043989,0.1954390431,162707.30863,0.4783536722,0.7012683917,0.9169205911,201142,0
777,361,Aalborg Aalborghus Ap,6,Grønlands Torv 10,9210,"01Jan1966 0:00:00,000",,1081,851,1081,"Grønlands Torv 10, 9210 Denmark",57.022597,9.941768,1966-01-01,,1966,2025,2008,POINT (9.941768 57.022597),2011,37377143.295,13633365.96,39.14,0.1656043989,0.1954390431,162707.30863,0.4783536722,0.7012683917,0.9169205911,201142,0
238,356,Hirtshals Apotek,6,Jørgen Fibigersgade 18,9850,"01Jan1959 0:00:00,000",,1081,860,1081,"Jørgen Fibigersgade 18, 9850 Denmark",57.590496,9.959974,1959-01-01,,1959,2025,2008,POINT (9.959974000000001 57.59049,2011,23892797.22,8612381.735,41.72,0.195518148,0.2156910151,151366.99274,0.4721847989,0.7267026471,0.9479420536,66178,0
245,045,Hjørring Løve Apote,6,Østergade 7 A,9800,01-01-1794 00:00,,1081,860,1081,"Østergade 7 A, 9800 Denmark",57.4575049,9.9940838,1794-01-01,,1794,2025,2008,POINT (9.9940838 57.4575049),2011,23892797.22,8612381.735,41.72,0.195518148,0.2156910151,151366.99274,0.4721847989,0.7267026471,0.9479420536,66178,0
246,236,Hjørring Svane Apote,6,Strømgade 5,9800,"01Jan1911 0:00:00,000",30-JUN-2019,1081,860,1081,"Strømgade 5, 9800 Denmark",57.460316,9.9865145,1911-01-01,2019-06-30,1911,2019,2008,POINT (9.9865145 57.460316),2011,23892797.22,8612381.735,41.72,0.195518148,0.2156910151,151366.99274,0.4721847989,0.7267026471,0.9479420536,66178,0
443,160-1,Løkken Apotek,7,Jyllandsgade 13,9480,01.03.1994,,,860,,"Jyllandsgade 13, 9480 Denmark",57.368501,9.712002,1994-01-03,2012-06-30,1994,2012,2008,POINT (9.712002 57.368501),2011,23892797.22,8612381.735,41.72,0.195518148,0.2156910151,151366.99274,0.4721847989,0.7267026471,0.9479420536,66178,0
582,356-1,Sindal Apotek,7,Vestergade 2 A,9870,"01Jan2005 0:00:00,000",,1081,860,1081,"Vestergade 2 A, 9870 Denmark",57.470677,10.1987474,2005-01-01,,2005,2025,2008,POINT (10.1987474 57.470677),2011,23892797.22,8612381.735,41.72,0.195518148,0.2156910151,151366.99274,0.4721847989,0.7267026471,0.9479420536,66178,0
742,160,Vrå Apotek,6,Jernbanegade 6,9760,"01Jan1907 0:00:00,000",31-AUG-2013,1081,860,1081,"Jernbanegade 6, 9760 Denmark",57.353965,9.942166,1907-01-01,2013-08-31,1907,2013,2008,POINT (9.942166 57.353965),2011,23892797.22,8612381.735,41.72,0.195518148,0.2156910151,151366.99274,0.4721847989,0.7267026471,0.9479420536,66178,0
