kommune;by;postnummer;2010;2011;2012;2013;2014;2015;2016;2017;2018;2019;2020
101;København;0900, 0910, 0913, 0914, 0917, 0918, 0919, 0929, 0960, 0999, 1001, 1002, 1003, 1004, 1005, 1006, 1007, 1008, 1009, 1010, 1011, 1012, 1013, 1014, 1015, 1016, 1017, 1018, 1019, 1020, 1021, 1022, 1023, 1024, 1025, 1026, 1045, 1050, 1051, 1052, 1053, 1054, 1055, 1055, 1056, 1057, 1058, 1059, 1060, 1061, 1062, 1063, 1064, 1065, 1066, 1067, 1068, 1069, 1070, 1071, 1072, 1073, 1074, 1092, 1093, 1095, 1098, 1100, 1101, 1102, 1103, 1104, 1105, 1106, 1107, 1110, 1111, 1112, 1113, 1114, 1115, 1116, 1117, 1118, 1119, 1120, 1121, 1122, 1123, 1124, 1125, 1126, 1127, 1128, 1129, 1130, 1131, 1140, 1147, 1148, 1150, 1151, 1152, 1153, 1154, 1155, 1156, 1157, 1158, 1159, 1160, 1161, 1162, 1164, 1165, 1165, 1166, 1167, 1168, 1169, 1170, 1171, 1172, 1173, 1174, 1175, 1200, 1201, 1202, 1203, 1204, 1205, 1206, 1207, 1208, 1209, 1210, 1211, 1212, 1213, 1214, 1215, 1216, 1217, 1218, 1218, 1218, 1218, 1218, 1218, 1219, 1220, 1221, 1240, 1250, 1251, 1252, 1253, 1254, 1255, 1256, 1257, 1259, 1259, 1260, 1261, 1263, 1263, 1264, 1265, 1266, 1267, 1268, 1270, 1271, 1300, 1301, 1302, 1303, 1304, 1306, 1307, 1307, 1308, 1309, 1310, 1311, 1312, 1313, 1314, 1315, 1316, 1317, 1318, 1319, 1320, 1321, 1322, 1323, 1324, 1325, 1326, 1327, 1328, 1329, 1350, 1352, 1353, 1354, 1355, 1356, 1357, 1358, 1359, 1359, 1360, 1361, 1361, 1362, 1363, 1364, 1365, 1366, 1367, 1368, 1369, 1370, 1371, 1400, 1400, 1401, 1402, 1402, 1402, 1402, 1402, 1403, 1406, 1407, 1408, 1409, 1410, 1411, 1411, 1412, 1413, 1414, 1415, 1416, 1417, 1418, 1419, 1420, 1421, 1422, 1423, 1424, 1425, 1426, 1427, 1428, 1429, 1430, 1432, 1432, 1432, 1433, 1433, 1433, 1433, 1433, 1433, 1433, 1434, 1434, 1435, 1436, 1436, 1436, 1436, 1436, 1436, 1437, 1437, 1437, 1437, 1437, 1437, 1437, 1437, 1437, 1437, 1437, 1437, 1438, 1438, 1438, 1438, 1438, 1439, 1439, 1439, 1439, 1439, 1439, 1439, 1439, 1439, 1439, 1439, 1439, 1439, 1439, 1439, 1440, 1440, 1440, 1440, 1440, 1440, 1440, 1440, 1440, 1440, 1440, 1441, 1441, 1441, 1448, 1450, 1451, 1452, 1453, 1454, 1455, 1456, 1457, 1458, 1459, 1460, 1461, 1462, 1463, 1464, 1465, 1466, 1467, 1468, 1470, 1471, 1472, 1473, 1500, 1501, 1502, 1503, 1504, 1505, 1506, 1507, 1508, 1509, 1510, 1532, 1533, 1550, 1550, 1551, 1552, 1553, 1553, 1554, 1555, 1556, 1557, 1558, 1559, 1560, 1561, 1561, 1562, 1563, 1564, 1567, 1568, 1569, 1570, 1570, 1571, 1572, 1573, 1574, 1575, 1576, 1577, 1577, 1577, 1592, 1599, 1600, 1601, 1602, 1603, 1604, 1605, 1606, 1607, 1608, 1609, 1610, 1611, 1612, 1613, 1614, 1615, 1616, 1617, 1618, 1619, 1620, 1620, 1621, 1622, 1623, 1624, 1630, 1631, 1632, 1633, 1634, 1635, 1650, 1651, 1652, 1653, 1654, 1655, 1656, 1657, 1658, 1659, 1660, 1660, 1661, 1662, 1663, 1664, 1665, 1666, 1667, 1668, 1669, 1670, 1671, 1671, 1672, 1673, 1674, 1675, 1676, 1677, 1699, 1700, 1701, 1702, 1703, 1704, 1705, 1706, 1707, 1708, 1709, 1710, 1711, 1711, 1712, 1714, 1715, 1716, 1717, 1718, 1719, 1720, 1721, 1722, 1723, 1724, 1725, 1726, 1727, 1728, 1729, 1730, 1731, 1732, 1733, 1734, 1735, 1736, 1737, 1738, 1739, 1749, 1750, 1751, 1752, 1753, 1754, 1755, 1756, 1757, 1758, 1759, 1760, 1761, 1762, 1763, 1764, 1765, 1766, 1770, 1771, 1772, 1773, 1774, 1775, 1777, 1780, 1782, 1785, 1786, 1787, 1790, 1799, 1799, 1799, 1799, 1799, 1799, 1799, 1799, 1799, 1799, 1799, 1799, 2100, 2150, 2200, 2300, 2400, 2450;528208;539542;549050;559440;569557;580184;591481;602481;613288;623404;632340
147;Frederiksberg;1800, 1801, 1802, 1803, 1804, 1805, 1806, 1807, 1808, 1809, 1810, 1811, 1812, 1813, 1814, 1815, 1816, 1817, 1818, 1819, 1820, 1822, 1823, 1824, 1825, 1826, 1827, 1828, 1829, 1835, 1850, 1851, 1852, 1853, 1854, 1855, 1856, 1857, 1860, 1861, 1862, 1863, 1864, 1865, 1866, 1867, 1868, 1870, 1871, 1872, 1873, 1874, 1875, 1876, 1877, 1878, 1879, 1900, 1901, 1902, 1903, 1904, 1905, 1906, 1908, 1909, 1910, 1911, 1912, 1913, 1914, 1915, 1916, 1917, 1920, 1921, 1922, 1923, 1924, 1925, 1926, 1927, 1928, 1931, 1950, 1951, 1952, 1953, 1954, 1955, 1956, 1957, 1958, 1959, 1960, 1961, 1962, 1963, 1964, 1965, 1966, 1967, 1970, 1971, 1972, 1973, 1974, 2000;96718;98782;100215;102029;102717;103192;104481;105037;104410;103960;104305
151;Ballerup;2750;38760;38890;38893;39087;39244;39163;39004;39019;39173;39442;39528
151;Smørum;2765;8442;8487;8539;8607;8835;8825;8894;8925;8848;8756;8797
153;Brøndby;2605;33588;33824;33886;34010;34363;34799;35035;35367;35349;35219;34882
155;Søvang;2791;1713;1707;1694;1711;1688;1685;1723;1736;1752;1736;1739
155;Dragør;2791;11573;11721;11683;11874;11951;11941;12042;12132;12085;12124;12309
157;Gentofte;2820;71052;71714;72814;73360;74282;74932;75350;75805;75803;75176;74830
159;Gladsaxe;2860;64102;64951;65303;66030;66656;67347;67914;68767;69260;69512;69112
161;Glostrup;2600;21296;21384;21563;21805;22002;22278;22362;22449;22544;22509;23043
163;Herlev;2730;26462;26506;26538;26890;27651;28093;28376;28350;28535;28756;28929
165;Albertslund;2620;27457;27475;27591;27613;27516;27610;27698;27709;27548;27692;27586
167;Hvidovre;2650;49724;50081;50502;51202;51704;52223;52648;52818;53147;53281;53505
169;Hedehusene;2640;11434;11421;11345;11472;11584;11720;11825;11943;11990;12250;12265
169;Taastrup;2630;32260;32406;32719;32984;33121;33440;33971;34154;34470;34248;34364
169;Sengeløse;2630;1394;1374;1419;1469;1510;1495;1560;1538;1550;1550;1488
173;Kongens Lyngby;2800;51887;52446;52895;53501;53859;54343;54623;54759;55054;55410;55903
175;Rødovre;2610;36233;36524;36692;37169;37399;37588;37864;38358;39188;39907;40551
183;Ishøj;2635;18707;18933;19193;19247;19587;20017;20355;20712;20868;20835;20826
183;Ishøj Landsby;2635;1037;1039;1033;1031;1065;1099;1097;1083;1190;1158;1170
185;Tårnby;2770;40045;40485;40771;41206;41542;42031;42317;42543;42607;42509;42539
187;Vallensbæk;2625;13477;13880;13992;14238;14556;14660;14881;15157;15739;16109;16098
190;Furesø;3450;3602;3621;3681;3699;3701;3678;3752;3776;3799;3806;3754
190;Smørum;2765;1193;1184;1177;1182;1179;1171;1179;1156;1249;1278;1279
190;Farum;3520;18631;18521;18422;18091;18335;18779;19664;19967;20302;20372;20345
190;Værløse;3500;12729;12849;12842;13114;13083;13124;13024;13127;13070;12977;12926
201;Blovstrød;3450;2193;2226;2211;2195;2169;2148;2202;2211;2264;2743;2913
201;Lynge;3540;4101;4072;4054;4061;4051;4075;4053;4036;4166;4107;4086
201;Lillerød;3500;15770;15775;15795;15904;16007;16248;16567;16793;16878;16906;16732
210;Humlebæk;3050;9248;9283;9273;9252;9286;9396;9601;9587;9643;9657;9746
210;Nivå;2990;7887;7869;7954;7821;7821;7801;7816;8024;8048;8090;8011
210;Hørsholm;2970;9581;9585;9716;9767;9826;9907;9999;10115;10220;10202;10171
210;Fredensborg;3480;8329;8377;8356;8406;8382;8425;8423;8519;8611;8703;8769
217;Kvistgård;3490;1017;1029;1057;1058;1057;1079;1137;1162;1157;1149;1150
217;Hornbæk;3100;3501;3503;3503;3494;3504;3523;3559;3571;3564;3608;3641
217;Hellebæk;3150;5487;5578;5558;5549;5510;5492;5510;5530;5520;5499;5455
217;Helsingør;3000;46125;46279;46300;46406;46336;46408;46736;47032;47267;47249;47360
219;Skævinge;3320;2457;2546;2551;2555;2583;2559;2577;2631;2638;2653;2642
219;Gørløse;3330;1064;1058;1041;1050;1071;1089;1110;1147;1188;1219;1231
219;Gadevang;3400;1117;1116;1118;1100;1098;1091;1109;1125;1153;1137;1130
219;Hillerød;3400;29951;30350;30570;30853;31181;31505;31889;32270;32689;33079;33391
219;Nødebo;3480;1935;1891;1909;1985;1993;1998;2021;2040;2058;2031;2059
219;Ny Hammersholt;3400;1377;1355;1364;1349;1336;1338;1314;1307;1307;1299;1287
219;Tulstrup;3400;1228;1249;1227;1220;1209;1217;1224;1207;1205;1198;1193
223;Hørsholm;2970;23814;23845;23784;23971;24107;24319;24446;24457;24507;24484;24341
230;Rudersdal;2840, 2850, 2942, 2950, 3460;19159;19309;19342;19383;19502;19681;19793;19878;19757;20014;19953
230;Birkerød;3460;19874;20008;19888;20079;20144;20191;20380;20541;20498;20700;20778
230;Skodsborg;2942;1166;1169;1177;1185;1242;1222;1208;1245;1248;1231;1253
230;Hørsholm;2970;12421;12443;12365;12366;12296;12491;12555;12722;12762;12801;12987
240;Ganløse;3660;2908;2936;2916;2920;2888;2875;2882;2895;2865;2895;2884
240;Smørum;2765;9343;9388;9431;9507;9571;9655;9664;9699;9719;9891;9949
240;Veksø;3670;1891;1900;1904;1884;1873;1873;1908;1892;1879;1820;1799
240;Ølstykke-Stenløse;3650, 3660;20648;20665;20984;21360;21545;21817;21966;21635;21746;22030;22003
250;Skibby;4050;3120;3185;3166;3139;3146;3127;3129;3191;3193;3190;3126
250;Slangerup;3550;6735;6822;6779;6831;6794;6729;6801;6864;6855;6860;6808
250;Græse Bakkeby;3600;2393;2368;2360;2328;2314;2347;2337;2314;2314;2291;2230
250;Jægerspris;3630;4058;4065;4060;4087;4107;4080;4099;4226;4195;4245;4057
250;Frederikssund;3600;15288;15468;15602;15654;15725;15865;16016;16186;16254;16268;16337
253;Greve Strand;2670;40762;40877;40901;40819;40773;41879;42437;42701;42824;43088;43309
253;Tune;4030;5051;5068;5016;5063;5101;5103;5173;5250;5235;5256;5280
259;Vemmedrup;4632;1747;1718;1688;1670;1665;1661;1667;1663;1672;1671;1653
259;Borup;4140;4194;4228;4190;4228;4428;4497;4608;4628;4633;4672;4647
259;Ejby;5592;2791;2806;2831;2861;2995;3118;3154;3142;3181;3129;3158
259;Bjæverskov;4632;2843;2842;2856;2904;2910;2917;2980;2995;3042;2994;3017
259;Køge;4600;34937;35104;35295;35618;35768;36424;36831;36864;37040;37557;37754
259;Lille Skensved kommune;4623;1444;1441;1450;1443;1515;1501;1534;1551;1541;1536;1561
260;Frederiksværk;3300;12303;12257;12191;12080;12029;12076;12282;12368;12451;12549;12694
260;Liseleje;3360;2559;2580;2588;2603;2556;2587;2550;2556;2578;2558;2499
260;Vinderød;3300;1032;1033;1054;1052;1045;1052;1058;1052;1059;1051;1049
260;Ølsted;3310;1838;1863;1910;1924;1905;1920;1943;1926;1916;1921;1910
260;Hundested;3390;8832;8861;8732;8632;8579;8543;8595;8588;8613;8597;8616
265;Gundsømagle;4000;2283;2288;2340;2359;2371;2395;2488;2584;2633;2649;2734
265;Ågerup;4000;1351;1370;1440;1440;1434;1415;1461;1495;1553;1535;1550
265;Veddelev;4000;1131;1169;1171;1138;1142;1137;1153;1146;1147;1144;1131
265;Svogerslev;4000;4276;4267;4273;4289;4320;4320;4317;4379;4363;4326;4274
265;Roskilde;4000;46701;47117;47828;48186;48721;49297;50046;50393;50781;51121;51262
265;Jyllinge;4040;10158;10153;10158;10126;10101;10092;10145;10207;10148;10105;10197
265;Gadstrup;4621;1893;1922;1916;1936;1938;1930;1928;1957;1983;2014;2018
265;Vindinge;4000;2103;2094;2111;2124;2189;2285;2341;2450;2464;2482;2572
265;Viby;4130;4548;4580;4537;4584;4591;4609;4581;4659;4636;4627;4667
269;Solrød Strand;2680;14911;15020;15159;15183;15381;15593;15679;15941;16255;16687;16860
269;Havdrup;4622;3971;3962;3992;3965;3967;3964;4083;4186;4234;4300;4368
270;Annisse Nord;3200;1417;1441;1430;1414;1446;1457;1494;1501;1519;1530;1537
270;Dronningmølle;3120;1748;1702;1677;1695;1689;1702;1697;1686;1684;1675;1693
270;Ramløse;3200;1653;1636;1631;1607;1605;1618;1604;1612;1622;1611;1589
270;Helsinge;3200;7264;7881;7854;7952;8051;8104;8117;8199;8229;8288;8225
270;Tisvilde;3220;1524;1531;1526;1533;1537;1518;1500;1493;1566;1560;1533
270;Vejby;3210;1036;1045;1061;1060;1072;1078;1102;1092;1092;1111;1089
270;Blistrup;3230;1129;1152;1167;1172;1153;1169;1193;1181;1198;1186;1174
270;Esbønderup;3230;1107;1170;1188;1131;1160;1158;1189;1169;1167;1143;1118
270;Græsted;3230;3385;3526;3514;3547;3576;3573;3621;3627;3680;3669;3674
270;Smidstrup;3250;1289;1333;1332;1380;1332;1344;1315;1317;1282;1275;1284
270;Gilleleje;3250;6465;6491;6482;6573;6514;6494;6566;6633;6611;6596;6658
270;Udsholt Strand;3230;1201;1161;1173;1153;1105;1134;1138;1109;1107;1113;1075
306;Højby;4573;1509;1462;1465;1437;1427;1429;1446;1470;1504;1455;1459
306;Rørvig;4581;1053;1056;1037;1037;1006;1012;1032;1032;1051;1058;1048
306;Vig;4560;1503;1514;1516;1540;1537;1526;1509;1537;1539;1553;1551
306;Fårevejle Stationsby;4540;1803;1794;1799;1778;1775;1792;1813;1822;1826;1825;1816
306;Hørve;4534;2396;2394;2379;2377;2431;2430;2493;2514;2504;2470;2456
306;Nykøbing S;4500;5163;5212;5144;5096;5139;5195;5243;5229;5194;5166;5095
306;Asnæs;4550;2933;2914;2870;2892;2902;2901;2931;2934;2942;3058;3018
316;Regstrup;4420;2042;2052;2096;2110;2088;2079;2094;2119;2132;2103;2097
316;Undløse;4340;1137;1149;1199;1146;1148;1139;1126;1133;1160;1156;1133
316;Gislinge;4532;1405;1442;1426;1438;1453;1448;1488;1543;1513;1543;1556
316;Jyderup;4450;3951;3937;4081;4123;4120;4163;4231;4323;4281;4307;4338
316;Svinninge;4520;2721;2741;2759;2764;2770;2790;2795;2873;2780;2772;2802
316;Mørkøv;4440;1821;1806;1795;1806;1829;1809;1805;1799;1813;1795;1814
316;Holbæk;4300;27157;27055;27195;27096;26942;26961;27579;28134;28264;28538;28833
316;Store Merløse;4370;1190;1197;1205;1218;1228;1212;1216;1241;1207;1210;1186
316;Tølløse;4340;3767;3797;3754;3743;3731;3728;3699;3759;3764;3798;3795
316;Vipperød;4390;2278;2253;2260;2233;2216;2202;2267;2266;2264;2164;2140
320;Karise;4653;2197;2187;2161;2170;2173;2168;2187;2214;2250;2425;2404
320;Faxe Ladeplads;4654;2902;2900;2867;2874;2872;2863;2843;2867;2889;2901;2883
320;Haslev;4690;10910;11088;11201;11306;11376;11407;11653;11748;11880;11897;11973
320;Dalby;5380;2152;2144;2121;2089;2044;2071;2040;2084;2178;2200;2235
320;Faxe;4640;3908;3868;3821;3828;3845;3887;3950;4017;4017;4158;4165
320;Rønnede;4683;2505;2491;2453;2462;2430;2402;2398;2456;2462;2457;2473
326;Kalundborg;4400;16447;16434;16303;16319;16316;16343;16431;16490;16523;16370;16295
326;Gørlev;4281;2469;2482;2477;2424;2433;2441;2452;2466;2472;2442;2443
326;Svebølle;4470;2230;2201;2237;2236;2246;2255;2251;2271;2326;2255;2265
326;Høng;4270;4383;4357;4295;4272;4263;4311;4328;4257;4194;4294;4269
326;Ubby;4490;1965;1943;1898;1892;1926;1928;1920;1932;1940;1912;1895
329;Ringsted;4100;20767;21151;21412;21423;21620;21866;22231;22490;22657;22900;22898
330;Forlev;4241;2500;2541;2510;2496;2465;2475;2498;2528;2511;2485;2525
330;Korsør;4220;14439;14412;14538;14501;14369;14392;14603;14702;14583;14647;14608
330;Svenstrup;9230;2016;2002;1967;1932;1928;1930;1930;1935;1951;1905;1856
330;Sørbymagle;4200;1139;1174;1165;1145;1128;1125;1113;1119;1114;1126;1100
330;Skælskør;4230;6536;6358;6385;6418;6550;6532;6510;6491;6454;6470;6455
330;Slagelse;4200;31918;31979;32133;32126;32005;32333;33000;33433;33777;33871;34015
336;Rødvig;4673;1621;1649;1643;1666;1686;1699;1741;1783;1818;1817;1810
336;Hårlev;4652;2529;2533;2516;2569;2577;2572;2598;2588;2633;2677;2753
336;Strøby Egede;4600;3822;3840;3907;3951;4000;4009;4096;4201;4408;4413;4532
336;Store Heddinge;4660;3488;3448;3327;3288;3287;3362;3406;3420;3398;3419;3430
340;Dianalund;4293;3924;3925;3979;3965;3971;4003;4038;4017;4013;4058;4063
340;Frederiksberg;2000;3397;3410;3421;3435;3443;3461;3463;3473;3569;3589;3761
340;Ruds Vedby;4291;1760;1740;1669;1690;1710;1716;1724;1764;1732;1798;1771
340;Stenlille;4295;2026;2023;2041;2008;2039;2073;2074;2083;2071;2033;2009
340;Sorø;4180;7743;7805;7764;7801;7845;7754;7866;7927;7958;7980;8005
350;Gevninge;4000;1726;1711;1695;1662;1655;1633;1685;1672;1682;1664;1653
350;Lejre;4320;2330;2343;2387;2402;2379;2415;2382;2411;2405;2442;2587
350;Kirke Såby;4060;1694;1676;1691;1702;1711;1713;1696;1695;1718;1677;1683
350;Kirke Hyllinge;4070;1973;1984;2014;1990;2003;2042;2127;2159;2191;2261;2261
350;Kirke Hvalsø;4330;3929;3941;3992;3988;4018;4035;4119;4086;4096;4197;4218
350;Ejby;5592;1885;1876;1853;1877;1907;1928;1935;1902;1930;1954;1973
350;Osted;4320;2086;2073;2118;2135;2133;2157;2156;2156;2144;2181;2137
360;Rødbyhavn;4970;1905;1814;1756;1679;1634;1589;1636;1669;1623;1624;1619
360;Rødby;4970;2206;2185;2132;2143;2092;2110;2111;2085;2094;2066;1993
360;Holeby;4960;1597;1558;1458;1436;1423;1441;1445;1447;1421;1397;1400
360;Nakskov;4900;13697;13560;13332;13243;12866;12665;12688;12758;12661;12691;12707
360;Søllested;4920;1505;1474;1447;1443;1458;1432;1431;1444;1409;1404;1354
360;Maribo;4930;6023;5963;6003;5936;5923;5966;5890;5735;5807;5830;5790
370;Glumsø;4171;2076;2098;2138;2116;2144;2129;2181;2167;2182;2183;2147
370;Fensmark;4684;4837;4868;4976;4961;4904;4968;4969;4977;5042;5049;5061
370;Gelsted;5591;1309;1307;1296;1261;1253;1233;1264;1244;1213;1232;1199
370;Holme-Olstrup;4684;1198;1189;1184;1200;1200;1186;1180;1185;1174;1209;1196
370;Næstved;4700;41729;41667;41857;42141;42424;42588;42979;43234;43508;43440;43803
370;Mogenstrup;4700;1826;1828;1861;1850;1848;1835;1844;1855;1862;1895;1990
370;Karrebæksminde;4736;1697;1700;1708;1694;1704;1707;1751;1810;1809;1807;1803
370;Fuglebjerg;4250;2129;2189;2160;2145;2188;2181;2184;2192;2198;2245;2213
370;Tappernøje;4733;1557;1559;1554;1589;1568;1587;1655;1647;1639;1600;1655
370;Herlufmagle;4160;1315;1295;1286;1313;1334;1377;1413;1419;1434;1447;1456
376;Nykøbing F;4800;16458;16464;16394;16354;16446;16503;16618;16904;16778;16770;16940
376;Sundby;4800;2873;2872;2842;2817;2847;2797;2820;2843;2921;2953;3038
376;Eskilstrup;4863;1121;1108;1091;1109;1070;1082;1074;1094;1069;1105;1070
376;Nørre Alslev;4840;2403;2407;2384;2375;2404;2379;2388;2393;2415;2417;2385
376;Nysted;4880;1366;1355;1362;1345;1336;1349;1382;1359;1352;1339;1312
376;Væggerløse;4873;1379;1368;1347;1362;1353;1312;1305;1332;1350;1337;1341
376;Idestrup;4872;1243;1261;1234;1212;1207;1188;1174;1174;1169;1197;1184
376;Sakskøbing;4990;4732;4701;4708;4565;4539;4519;4541;4545;4629;4670;4588
376;Stubbekøbing;4850;2266;2298;2304;2286;2253;2304;2297;2304;2304;2271;2223
376;Nordbyen;8305;1661;1678;1693;1710;1714;1731;1732;1733;1767;1748;1765
390;Stensved;4773;1571;1548;1548;1545;1583;1568;1566;1620;1587;1564;1532
390;Vordingborg;4760;11537;11612;11643;11686;11747;11843;11908;12014;12038;12005;12032
390;Stege;4780;3856;3823;3835;3826;3830;3841;3844;3813;3842;3818;3786
390;Præstø;4720;3887;3884;3853;3806;3808;3821;3835;3864;3891;3876;3814
390;Nyråd;4760;2432;2465;2479;2442;2439;2455;2507;2514;2517;2508;2469
390;Ørslev;4760;1828;1849;1870;1830;1837;1848;1865;1902;1901;1896;1871
400;Allinge-Sandvig;3770;1759;1723;1683;1633;1633;1582;1560;1517;1489;1494;1491
400;Hasle;3790;1741;1722;1705;1683;1644;1638;1652;1665;1622;1597;1603
400;Svaneke;3740;1120;1100;1067;1074;1059;1051;1049;1044;1078;1085;1101
400;Aakirkeby;3720;2090;2100;2108;2060;2052;2052;2100;2112;2083;2088;2108
400;Nexø;3730;3732;3762;3700;3660;3686;3642;3647;3654;3644;3615;3607
400;Rønne;3700;13924;13904;13887;13730;13568;13579;13639;13723;13737;13780;13772
410;Middelfart;5500;14589;14781;14762;14755;14815;15008;15044;15202;15246;15540;15922
410;Brenderup;5464;1383;1366;1360;1362;1397;1403;1423;1403;1417;1417;1386
410;Gelsted;5591;1691;1673;1678;1684;1701;1693;1699;1708;1709;1695;1685
410;Nørre Aaby;5580;2894;2877;2923;2944;2949;2932;2926;2954;2933;2964;3007
410;Strib;5500;4406;4365;4348;4425;4449;4456;4492;4526;4675;4712;4766
410;Ejby;5592;1994;1978;1973;1960;1967;1943;1978;2020;2047;2073;2088
420;Glamsbjerg;5620;3232;3227;3216;3205;3205;3214;3217;3239;3302;3247;3275
420;Assens;5610;6086;6060;6072;6017;5956;6012;6110;6231;6209;6155;6016
420;Tommerup Stationsby;5690;2409;2401;2393;2364;2365;2361;2418;2460;2462;2498;2480
420;Tommerup;5690;1649;1618;1595;1643;1609;1596;1601;1588;1598;1583;1567
420;Brylle;5690;1184;1183;1182;1200;1206;1241;1233;1220;1217;1239;1243
420;Ebberup;5631;1343;1308;1290;1298;1280;1278;1272;1263;1254;1233;1214
420;Haarby;5683;2526;2494;2473;2492;2460;2449;2462;2462;2481;2493;2480
420;Aarup;5560;3033;3014;3019;3115;3120;3118;3146;3157;3166;3185;3223
420;Vissenbjerg;5492;3131;3130;3140;3142;3118;3114;3204;3193;3229;3214;3233
430;Gislev;5854;1349;1337;1314;1307;1299;1282;1273;1284;1286;1272;1267
430;Faaborg;5600;7217;7178;7200;7249;7178;7150;7178;7097;7065;7049;6988
430;Vejle;7100;1112;1120;1103;1110;1102;1084;1083;1068;1066;1105;1073
430;Ringe;5750;5505;5547;5598;5584;5693;5744;5836;5851;5912;6110;6179
430;Ryslinge;5856;1817;1801;1805;1780;1746;1735;1735;1782;1745;1759;1762
430;Nørre Broby;5672;1496;1480;1448;1434;1444;1439;1454;1471;1474;1481;1479
430;Brobyværk;5672;1024;1024;1041;1038;1020;1023;1042;1064;1055;1076;1072
430;Nørre Lyndelse;5792;1932;1945;1926;1917;1902;1912;1948;1964;1990;2011;2085
430;Årslev;5792;3630;3638;3665;3690;3700;3733;3722;3823;3863;3998;4015
430;Kværndrup;5772;1657;1628;1641;1646;1637;1647;1673;1735;1745;1731;1716
440;Munkebo;5330;5569;5611;5662;5660;5580;5601;5629;5599;5563;5576;5538
440;Kerteminde;5300;5712;5698;5789;5880;5855;5872;5963;5903;5914;5898;5987
440;Langeskov;5550;4003;4023;3972;4002;4007;3997;4028;4057;4073;4078;4090
450;Ørbæk;5853;1556;1533;1560;1614;1592;1594;1596;1628;1643;1652;1691
450;Nyborg;5800;16539;16492;16577;16454;16528;16752;17008;17192;17164;17175;17268
450;Ullerslev;5540;2754;2772;2743;2771;2732;2704;2770;2788;2758;2749;2706
461;Næsbyhoved-Broby;5270;1400;1458;1517;1524;1514;1514;1514;1532;1532;1517;1505
461;Ejlstrup;5200;1317;1320;1332;1327;1327;1358;1330;1314;1339;1339;1337
461;Bellinge;5250;4338;4505;4493;4598;4585;4611;4632;4661;4763;4826;4915
461;Sankt Klemens;5260;2536;2553;2526;2623;2772;2861;2905;2959;3004;3185;3194
461;Odense;5000, 5029, 5100, 5200, 5210, 5220, 5230, 5240, 5250, 5260, 5270, ;166305;167615;168798;170327;172512;173814;175245;176683;178210;179601;180302
461;Fraugde;5220;1696;1764;1786;1801;1749;1852;1898;1917;1936;1948;1922
461;Over Holluf;5220;1437;1526;1543;1546;1578;1583;1552;1546;1516;1551;1562
479;Stenstrup;5771;1776;1735;1753;1739;1714;1716;1697;1756;1776;1772;1785
479;Rantzausminde;5700;1872;1887;1902;1919;1915;1919;1907;1887;1893;1891;1899
479;Ollerup;5762;1352;1359;1388;1403;1399;1400;1394;1438;1496;1544;1441
479;Vester Skerninge;5762;1057;1045;1061;1070;1057;1065;1093;1094;1080;1080;1086
479;Svendborg;5700;27113;27009;26897;26783;26672;26804;27074;27281;27324;27210;27068
479;Thurø By;5700;3413;3383;3328;3302;3270;3244;3223;3232;3245;3238;3230
479;Troense;5700;1144;1159;1145;1145;1139;1143;1136;1144;1170;1192;1211
479;Vindeby;5700;2331;2321;2327;2304;2305;2270;2304;2332;2298;2343;2319
479;Skårup;5881;1706;1698;1783;1788;1807;1796;1797;1813;1818;1814;1795
480;Søndersø;5471;3024;3068;3091;3067;3059;3091;3112;3189;3232;3284;3273
480;Morud;5462;1615;1658;1650;1683;1665;1679;1685;1745;1759;1810;1837
480;Bogense;5400;3758;3679;3702;3750;3721;3710;3751;3815;3891;3949;3990
480;Otterup;5450;4889;4892;4927;4999;4958;4978;5083;5132;5120;5218;5229
482;Rudkøbing;5900;4641;4697;4646;4547;4537;4513;4529;4586;4671;4630;4565
492;Marstal;5960;2315;2347;2395;2370;2306;2266;2285;2232;2224;2136;2111
510;Starup;6100;2455;2473;2468;2506;2487;2467;2486;2517;2508;2488;2468
510;Over Jerstal;6500;1124;1100;1120;1103;1108;1110;1103;1093;1107;1121;1134
510;Haderslev;6100;21293;21213;21396;21485;21574;21748;21994;21955;21973;22011;22101
510;Gram;6510;2452;2408;2419;2440;2451;2460;2526;2562;2582;2571;2549
510;Sommersted;6560;1078;1086;1086;1062;1067;1066;1073;1102;1085;1086;1104
510;Vojens;6500;7735;7694;7666;7611;7655;7650;7579;7627;7575;7504;7431
530;Billund;7190;6059;6139;6146;6155;6194;6253;6277;6313;6451;6593;6662
530;Vorbasse;6623;1241;1250;1274;1322;1269;1278;1342;1343;1310;1284;1324
530;Grindsted;7200;9567;9548;9565;9633;9663;9673;9732;9719;9738;9754;9782
530;Hejnsvig;7250;1059;1031;1031;1038;1064;1056;1083;1043;1034;1039;1054
530;Sønder Omme;7260;1755;1747;1769;1752;1720;1698;1701;1697;1701;1709;1671
540;Nordborg;6430;6860;6730;6650;6447;6191;6079;5967;5970;5866;5889;5831
540;Broager;6310;3378;3376;3423;3367;3339;3313;3300;3320;3276;3274;3234
540;Augustenborg;6440;3255;3279;3233;3331;3284;3270;3288;3245;3238;3256;3222
540;Guderup;6430;2615;2600;2581;2558;2567;2578;2548;2531;2490;2475;2408
540;Dybbøl;6400;2443;2457;2481;2477;2495;2467;2459;2448;2471;2447;2407
540;Vester Sottrup;6400;1478;1495;1495;1491;1470;1458;1431;1424;1420;1434;1430
540;Egernsund;6320;1564;1542;1532;1556;1510;1478;1471;1483;1490;1478;1450
540;Gråsten;6300;4225;4200;4194;4201;4234;4215;4190;4220;4264;4311;4302
540;Nybøl;6400;1039;1046;1052;1045;1045;1055;1057;1089;1100;1074;1102
540;Rinkenæs;6300;1259;1239;1236;1237;1223;1241;1229;1245;1231;1251;1251
540;Høruphav;6470;2652;2640;2672;2662;2620;2629;2611;2625;2660;2675;2671
540;Sønderborg;6400;27194;27237;27304;27337;27434;27419;27595;27826;27785;27801;27841
550;Toftlund;6520;3284;3324;3328;3311;3297;3232;3281;3283;3292;3258;3242
550;Agerskov;6534;1232;1240;1205;1186;1200;1220;1201;1223;1223;1213;1209
550;Løgumkloster;6240;3670;3618;3665;3629;3584;3547;3600;3598;3594;3608;3556
550;Tønder;6270;7743;7690;7685;7572;7595;7543;7587;7693;7672;7659;7581
550;Skærbæk;6780;3084;3117;3098;3126;3062;3074;3028;3121;3134;3131;3151
550;Bredebro;6261;1510;1486;1464;1445;1465;1455;1417;1399;1400;1430;1429
550;Højer;6280;1265;1255;1213;1210;1181;1175;1181;1187;1176;1174;1176
561;Gredstedbro;6771;1058;1059;1039;1046;1058;1055;1084;1102;1086;1068;1059
561;Bramming;6740;7133;7123;7093;7095;7063;7018;7073;7118;7153;7077;7088
561;Gørding;6690;1795;1765;1772;1750;1747;1733;1732;1771;1759;1767;1736
561;Tjæreborg;6731;2561;2591;2568;2586;2669;2690;2693;2711;2734;2749;2804
561;Ribe;6760;8188;8192;8187;8142;8168;8126;8182;8251;8259;8315;8317
561;Egebæk;6760;1182;1175;1202;1196;1187;1184;1187;1180;1190;1188;1187
561;Esbjerg;6700;71459;71576;71579;71491;71618;72060;72151;72261;72398;72168;72037
561;Andrup;6705;1054;1075;1119;1185;1207;1231;1245;1238;1257;1308;1328
561;Tarp;6715;1708;1754;1762;1773;1766;1766;1747;1749;1723;1724;1734
563;Nordby;6720;2612;2620;2638;2649;2659;2658;2692;2707;2725;2724;2795
573;Varde;6800;13090;13277;13416;13471;13605;13771;13810;13951;13949;13989;14022
573;Oksbøl;6840;2892;2882;2907;2877;2885;2852;2825;2858;2853;2867;2837
573;Nørre Nebel;6830;1347;1363;1356;1357;1335;1349;1346;1376;1318;1326;1353
573;Ølgod;6870;4021;3950;3926;3920;3831;3853;3857;3892;3923;3860;3827
573;Agerbæk;6753;1322;1305;1327;1302;1309;1331;1305;1331;1324;1306;1311
573;Alslev;6800;1166;1184;1174;1201;1208;1241;1239;1254;1256;1272;1272
573;Tistrup;6862;1413;1413;1415;1406;1385;1382;1399;1403;1429;1418;1424
573;Ansager;6823;1366;1348;1290;1268;1298;1291;1297;1275;1298;1300;1268
575;Rødding;6630;2689;2622;2652;2667;2666;2648;2719;2735;2716;2693;2678
575;Brørup;6650;4452;4442;4457;4511;4455;4511;4594;4583;4573;4535;4521
575;Holsted;6670;3172;3145;3147;3118;3109;3120;3137;3111;3136;3122;3123
575;Askov;6600;1798;1836;1865;1871;1837;1833;1832;1830;1839;1894;1879
575;Vejen;6600;9080;9185;9225;9393;9518;9518;9605;9707;9763;9736;9853
575;Skodborg;6630;1320;1337;1332;1295;1313;1300;1321;1331;1341;1330;1317
575;Bække;6622;1035;1077;1059;1067;1102;1091;1086;1093;1094;1082;1077
575;Jels;6630;1837;1803;1988;1982;1969;1996;1990;1993;1999;2013;2019
580;Rødekro;6230;6135;6098;6122;6127;6123;6139;6094;6088;6111;6072;6026
580;Løjt Kirkeby;6200;2208;2244;2251;2269;2253;2282;2270;2308;2286;2277;2262
580;Hjordkær;6230;1706;1695;1657;1677;1654;1664;1634;1617;1625;1619;1606
580;Aabenraa;6200;15806;15760;15744;15750;15814;15856;15967;16153;16274;16352;16425
580;Bylderup-Bov;6372;1454;1471;1453;1390;1334;1342;1346;1316;1325;1323;1332
580;Tinglev;6360;2844;2816;2784;2771;2729;2749;2761;2803;2790;2789;2746
580;Kruså;6340;1678;1655;1647;1648;1618;1595;1605;1613;1593;1547;1510
580;Padborg;6330;4552;4486;4476;4459;4455;4406;4393;4389;4335;4361;4337
580;Kliplev;6200;1210;1252;1247;1253;1244;1249;1236;1253;1225;1226;1202
580;Felsted;6200;1129;1091;1111;1101;1057;1056;1074;1062;1085;1075;1079
580;Bolderslev;6392;1234;1243;1235;1205;1190;1191;1231;1206;1187;1174;1176
580;Stubbæk;6200;1223;1243;1224;1212;1201;1190;1188;1205;1217;1223;1234
607;Fredericia;7000;39513;39716;39797;39914;39922;40046;40248;40461;41044;41108;40981
607;Taulov;7000;3252;3278;3357;3367;3350;3354;3398;3371;3350;3355;3347
607;Skærbæk;6780;2031;2033;2035;2041;2029;2022;2027;2051;1991;2036;2073
615;Hovedgård;8732;2096;2138;2162;2185;2190;2190;2195;2214;2212;2233;2258
615;Søvind;8700;1079;1068;1058;1065;1056;1057;1074;1075;1070;1040;1053
615;Egebjerg;8700;2055;2087;2119;2138;2292;2302;2310;2409;2544;2660;2960
615;Hatting;8700;1542;1528;1557;1575;1588;1610;1712;1726;1726;1747;1733
615;Horsens;8700;52998;53807;54450;55253;55884;56536;57517;58480;58646;59181;59449
615;Brædstrup;8740;3479;3507;3488;3513;3516;3534;3629;3635;3653;3634;3637
615;Gedved;8751;2000;1987;2037;2034;2104;2159;2166;2203;2258;2313;2302
615;Lund;8700;1718;1782;1829;1959;1947;2012;2147;2243;2297;2338;2423
615;Østbirk;8752;2030;2062;2062;2084;2105;2124;2133;2179;2227;2225;2223
621;Kolding;6000;57087;57197;57540;57583;58021;58757;59712;60300;60508;60854;61121
621;Vester Nebel;6040;1642;1647;1642;1619;1645;1693;1715;1771;1787;1850;1908
621;Christiansfeld;6070;2907;2915;2863;2898;2855;2880;2934;2935;2956;2996;3016
621;Sønder Bjert;6091;2004;2002;2000;2002;1953;1962;1994;1964;1966;1998;2009
621;Almind;6051;1676;1678;1687;1657;1733;1702;1699;1692;1713;1704;1690
621;Lunderskov;6640;2969;2978;3010;3016;3017;3033;3071;3074;3096;3069;3105
621;Vamdrup;6580;5025;5075;5064;5023;5022;4993;4957;4970;4927;4924;4869
630;Brejning;7080;2781;2825;2809;2899;2873;2855;2952;3016;3051;3036;3089
630;Børkop;7080;4467;4676;4796;4912;4964;5152;5352;5435;5488;5706;5799
630;Vejle;7100;50832;51341;51804;52449;53230;53975;54862;55876;56567;57051;57655
630;Gårslev;7080;1150;1142;1128;1124;1126;1130;1123;1107;1089;1109;1116
630;Ågård;6040;1329;1326;1321;1354;1324;1304;1307;1298;1337;1327;1298
630;Give;7323;4404;4457;4501;4518;4507;4516;4536;4603;4610;4600;4569
630;Thyregod;7323;1326;1322;1342;1353;1366;1374;1346;1384;1385;1394;1379
630;Egtved;6040;2206;2207;2244;2280;2282;2294;2294;2329;2385;2373;2420
630;Ødsted;7100;1449;1488;1460;1455;1468;1463;1424;1462;1450;1462;1478
630;Skibet;7100;2075;2113;2163;2125;2094;2103;2091;2085;2165;2217;2285
630;Jelling;7300;3233;3248;3292;3362;3370;3383;3431;3443;3521;3479;3522
630;Bredsten;7182;1726;1734;1729;1714;1722;1706;1688;1694;1664;1665;1661
657;Aulum;7490;3103;3150;3153;3169;3128;3139;3178;3228;3244;3268;3296
657;Herning;7400;45890;46279;46873;47271;47765;47911;48531;49229;44557;50039;50332
657;Gullestrup;7400;1977;1921;1890;1908;1882;1888;1911;1942;1929;1911;1952
657;Sunds;7451;4019;3999;4048;4079;4069;4040;4092;4106;4111;4101;4190
657;Sørvad;7550;1085;1111;1095;1094;1093;1090;1088;1104;1086;1083;1109
657;Kibæk;6933;2668;2662;2664;2653;2646;2629;2648;2624;2644;2707;2710
657;Sønder Felding;7280;1524;1540;1518;1507;1490;1502;1511;1488;1490;1470;1455
657;Vildbjerg;7480;3747;3904;3915;4016;3970;4045;4065;4050;4045;4051;4020
661;Tvis;7500;1214;1215;1213;1224;1250;1235;1205;1244;1268;1259;1265
661;Ulfborg;6990;2028;2058;2067;2056;2034;2005;2053;2074;2036;2002;2025
661;Vemb;7570;1319;1337;1305;1325;1313;1310;1337;1321;1300;1265;1253
661;Holstebro;7500;34024;34241;34378;34711;34873;35108;35392;35867;36199;36442;36643
661;Vinderup;7830;3173;3172;3122;3121;3115;3112;3171;3164;3151;3174;3127
665;Lemvig;7620;7195;7140;7131;7141;7031;6966;6929;6936;6978;6959;6895
665;Harboøre;7673;1627;1605;1596;1564;1532;1520;1506;1489;1484;1454;1443
665;Thyborøn;7680;2262;2241;2200;2165;2119;2104;2092;2069;2035;2007;1965
671;Struer;7600;10797;10572;10544;10427;10261;10285;10415;10375;10375;10301;10303
671;Hjerm;7560;1128;1131;1136;1174;1165;1153;1114;1103;1080;1092;1076
671;Hvidbjerg;7790;1187;1208;1181;1174;1132;1125;1140;1151;1138;1144;1111
671;Bremdal;7600;1879;1884;1883;1856;1827;1808;1775;1756;1745;1724;1703
706;Mørke;8544;1461;1501;1527;1522;1520;1500;1552;1554;1601;1625;1620
706;Ebeltoft;8400;7559;7559;7623;7528;7468;7415;7437;7430;7197;7189;7167
706;Ryomgård;8550;2356;2417;2376;2417;2452;2455;2460;2432;2428;2460;2456
706;Kolind;8560;1752;1749;1768;1792;1807;1822;1879;1871;1871;1891;1930
706;Rønde;8410;2480;2548;2566;2802;2818;2829;2893;2925;2942;2962;3030
706;Ugelbølle;8410;1213;1214;1260;1290;1293;1285;1325;1336;1359;1392;1405
706;Thorsager;8410;1356;1351;1336;1342;1329;1312;1318;1321;1330;1326;1329
706;Hornslet;8543;5282;5361;5346;5398;5419;5457;5532;5604;5743;5812;5929
707;Auning;8963;2714;2725;2810;2937;2984;3004;3016;3008;3015;3009;2967
707;Grenaa;8500;14255;14308;14206;14454;14601;14618;14765;14856;14654;14437;14251
707;Ørsted;8950;1500;1489;1498;1473;1457;1463;1458;1465;1464;1458;1444
707;Allingåbro;8961;1886;1845;1815;1813;1807;1795;1837;1831;1870;1833;1811
710;Hinnerup;8382;7179;7191;7230;7244;7360;7534;7576;7681;7808;7884;7853
710;Søften;8382;2593;2625;2677;2697;2722;2757;2746;2757;2815;2867;2886
710;Hadsten;8370;7798;7901;7956;7968;7961;8005;8028;8093;8086;8134;8325
710;Ulstrup;8860;2007;2016;2021;2032;2030;2027;2017;2025;2043;2004;1989
710;Hammel;8450;6787;6881;6929;6884;6906;7011;7075;7005;7078;7095;6974
710;Thorsø;8881;1755;1803;1791;1811;1800;1809;1828;1845;1852;1837;1794
727;Hov;960;1438;1409;1403;1492;1507;1522;1510;1532;1535;1534;1560
727;Odder;8300;11233;11375;11355;11407;11404;11561;11706;11872;12093;12237;12354
730;Assentoft;8960;3205;3262;3311;3360;3383;3387;3427;3457;3505;3541;3658
730;Spentrup;8981;2444;2458;2464;2479;2452;2435;2438;2451;2436;2399;2397
730;Randers;8900, 8920, 8930, 8940, 8960, ;60227;60656;61121;60895;61163;61664;62342;62563;62687;62586;62482
730;Stevnstrup;8870;1809;1861;1867;1900;1898;1944;2059;2185;2267;2327;2368
730;Langå;8870;2795;2871;2864;2870;2869;2867;2869;2877;2875;2787;2805
730;Øster Bjerregrav;8920;1082;1082;1092;1099;1079;1083;1096;1088;1065;1048;1040
740;Voel;8600;1347;1372;1415;1432;1518;1548;1533;1567;1571;1573;1652
740;Bryrup;8654;1605;1593;1609;1593;1557;1528;1555;1542;1519;1522;1516
740;Sorring;8641;1058;1104;1120;1119;1116;1126;1151;1134;1151;1152;1149
740;Them;8653;2225;2259;2274;2248;2243;2215;2211;2215;2256;2283;2293
740;Virklund;8600;3286;3291;3316;3331;3338;3368;3394;3429;3442;3445;3475
740;Silkeborg;8600;42396;42724;42807;42910;43158;43351;43885;44333;43313;46179;46923
740;Ans;8643;1728;1747;1793;1821;1863;1897;1906;1900;1919;1910;1932
740;Fårvang;8882;1314;1314;1318;1314;1332;1350;1399;1410;1383;1357;1394
740;Gjern;8883;1432;1421;1439;1449;1448;1458;1456;1464;1467;1473;1485
740;Kjellerup;8620;4794;4795;4797;4866;4889;4928;5016;5095;5089;5090;5119
746;Gammel Rye;8680;1301;1317;1324;1365;1335;1346;1461;1493;1518;1561;1541
746;Galten;8464;7827;7874;7895;7831;7827;7959;7999;8268;8462;8647;8828
746;Låsby;8670;1831;1861;1863;1885;1910;1927;1970;2011;2037;2018;2016
746;Ry;8680;5523;5553;5618;5680;5731;5828;6054;6082;6149;6374;6648
746;Hørning;8362;6857;7028;7119;7119;7095;7265;7441;7750;8063;8165;8226
746;Skanderborg;8660;14349;18253;18347;18413;18506;18558;18659;18849;18907;19185;19525
751;Sabro;8471;2474;2501;2640;2741;2807;2825;2928;2964;2978;3225;3300
751;Mårslet;8320;4379;4481;4530;4772;4810;4877;4881;4905;5007;5043;5036
751;Hjortshøj;8530;2867;2876;2982;3047;3298;3463;3561;3562;3634;3669;3714
751;Lystrup;8520;10027;10363;10380;10376;10362;10341;10378;10436;10477;10425;10419
751;Løgten;8541;6207;6334;6687;6967;7061;7335;7704;7894;8003;8197;8541
751;Solbjerg;8355;3139;3144;3270;3446;3505;3551;3646;3765;3973;4218;4466
751;Aarhus;8000, 8100, 8200, 8210, ;242914;249709;252213;256018;259754;261570;264716;269022;273077;277086;280534
751;Trige;8380;2701;2738;2748;2799;2847;2864;2869;2878;2858;2810;3096
751;Harlev;8462;3508;3563;3648;3688;3691;3718;3707;3759;3755;3785;3884
756;Engesvang;7442;1979;2010;1999;2042;2019;2013;2029;2030;2082;2049;2075
756;Ikast;7430;14847;15024;15125;15129;15231;15289;15318;15462;15479;15626;15662
756;Bording;7441;2317;2318;2303;2335;2346;2330;2352;2385;2374;2374;2396
756;Ejstrupholm;7361;1689;1677;1685;1658;1652;1662;1698;1677;1700;1664;1668
756;Brande;7330;6872;6959;6974;6980;7065;7089;7138;7207;7300;7307;7398
756;Nørre Snede;8766;1867;1866;1888;1867;1840;1834;1875;1848;1829;1819;1836
760;Skjern;6900;7506;7665;7764;7756;7741;7761;7770;7876;7866;7823;7843
760;Hvide Sande;6960;3170;3110;3059;3077;3046;3015;3059;3045;3016;2968;2932
760;Spjald;6971;1294;1266;1271;1309;1263;1281;1304;1279;1330;1356;1344
760;Tarm;6880;4129;4131;4136;4055;4084;4075;4058;3980;4044;4040;3991
760;Lem;6940;1440;1420;1422;1418;1431;1422;1406;1382;1379;1342;1324
760;Ringkøbing;6950;9850;9742;9705;9718;9717;9766;9890;9985;9966;9958;9923
760;Videbæk;6920;4330;4315;4336;4300;4273;4206;4223;4241;4236;4273;4309
760;Vorgod-Barde;6920;1006;1020;1012;1007;1015;1016;1017;1019;1024;1041;1028
766;Lindved;7100;1311;1316;1302;1310;1296;1306;1323;1317;1307;1357;1368
766;Øster Snede;8723;1155;1166;1162;1187;1216;1222;1220;1197;1202;1232;1192
766;Hedensted;8722;11188;11282;11292;11389;11355;11591;11656;11789;11835;11896;12014
766;Daugård;8721;1072;1055;1080;1078;1063;1052;1052;1085;1083;1081;1107
766;Juelsminde;7130;3851;3899;3888;3875;3907;3950;3940;3985;3992;4023;3990
766;Tørring;7160;2474;2487;2462;2511;2565;2596;2672;2750;2764;2765;2770
766;Hornsyld;8783;1650;1671;1642;1619;1621;1636;1640;1661;1670;1643;1601
766;Rask Mølle;8763;1042;1049;1056;1043;1023;1050;1068;1056;1060;1093;1095
766;Uldum;7171;1388;1392;1391;1387;1383;1417;1383;1382;1413;1415;1420
773;Nykøbing M;7900;9172;9154;9222;9040;9031;9014;9012;9135;9173;9135;9134
779;Jebjerg;7870;1198;1151;1172;1134;1125;1153;1143;1149;1134;1151;1097
779;Skive;7800;20565;20633;20562;20503;20505;20453;20617;20683;20809;20599;20573
779;Højslev Stationsby;7840;2713;2728;2746;2764;2811;2814;2812;2820;2812;2867;2852
779;Balling;7860;1157;1146;1145;1150;1143;1154;1161;1179;1208;1211;1189
779;Roslev;7870;1410;1396;1402;1389;1344;1358;1344;1299;1296;1290;1263
779;Glyngøre;7870;1600;1569;1534;1528;1515;1513;1506;1496;1492;1452;1444
787;Hanstholm;7730;2386;2361;2276;2253;2157;2156;2154;2154;2136;2154;2136
787;Snedsted;7752;1203;1188;1191;1193;1181;1188;1197;1200;1208;1188;1162
787;Hurup;7760;2752;2803;2789;2772;2765;2757;2773;2745;2754;2717;2731
787;Nors;7700;1032;1057;1068;1065;1051;1046;1064;1050;1077;1069;1051
787;Thisted;7700;12950;13005;13138;13067;13079;13198;13250;13363;13416;13423;13536
791;Karup;7470;2230;2260;2243;2245;2228;2255;2267;2256;2240;2249;2225
791;Frederiks;7470;1844;1815;1820;1818;1811;1804;1831;1856;1887;1881;1851
791;Bjerringbro;8850;7542;7530;7487;7509;7523;7448;7461;7551;7477;7494;7427
791;Ørum;8830;1355;1332;1339;1345;1330;1354;1383;1413;1461;1425;1434
791;Møldrup;9632;1315;1289;1294;1280;1248;1269;1292;1300;1274;1287;1321
791;Rødkærsbro;8840;1605;1646;1662;1629;1621;1578;1641;1687;1721;1729;1764
791;Stoholm;7850;2492;2504;2543;2533;2530;2500;2539;2531;2561;2556;2522
791;Skals;8832;1830;1824;1848;1873;1853;1836;1850;1839;1838;1812;1815
791;Løgstrup;8831;1763;1792;1836;1827;1802;1816;1862;1897;1895;1908;1896
791;Viborg;8800;35656;35893;37635;38261;38572;39228;39856;40371;40621;40768;40778
810;Brønderslev;9700;11796;11840;11895;11889;12046;12171;12419;12541;12598;12581;12611
810;Asaa;9340;1225;1208;1201;1168;1170;1154;1144;1134;1147;1140;1111
810;Hjallerup;9320;3708;3746;3758;3768;3765;3812;3829;3823;3969;4099;4184
810;Dronninglund;9330;3196;3196;3226;3321;3328;3348;3394;3427;3436;3427;3439
813;Skagen;9990;8636;8515;8347;8220;8198;8211;8124;8088;8037;8003;7845
813;Elling;9900;1214;1208;1220;1216;1195;1211;1198;1212;1177;1190;1178
813;Frederikshavn;9900;23331;23339;23295;23309;23156;23345;23402;23501;23423;23296;23124
813;Østervrå;9750;1397;1391;1364;1350;1343;1298;1289;1302;1292;1285;1302
813;Ålbæk;9982;1597;1571;1555;1544;1519;1481;1466;1475;1479;1453;1442
813;Sæby;9300;8898;8875;8843;8770;8803;8825;8869;8841;8874;8855;8871
813;Strandby;9970;2397;2357;2377;2389;2337;2321;2292;2258;2309;2304;2297
820;Løgstør;9670;4412;4357;4300;4271;4284;4220;4114;4104;4112;4164;4015
820;Farsø;9640;3321;3253;3271;3345;3299;3352;3409;3410;3375;3376;3366
820;Aalestrup;9620;2777;2760;2720;2739;2729;2742;2761;2775;2788;2824;2743
820;Aars;9600;7911;8010;8026;8071;8105;8077;8116;8246;8301;8320;8465
840;Støvring;9530;6817;6927;6923;7024;6988;7099;7356;7516;7955;8221;8554
840;Suldrup;9541;1219;1220;1224;1217;1224;1248;1246;1250;1260;1262;1319
840;Skørping;9520;2860;2875;2875;2872;2872;2862;2932;2958;2982;2980;2955
840;Nørager;9610;1050;1066;1062;1044;1040;1053;1107;1168;1140;1121;1099
840;Terndrup;9575;1512;1567;1558;1551;1553;1553;1559;1587;1593;1607;1599
846;Hadsund;9560;5028;5040;4994;4912;4883;4913;4869;4857;5003;5051;4971
846;Assens;5610;1542;1556;1537;1522;1499;1514;1510;1507;1502;1441;1432
846;Hobro;9500;11469;11635;11710;11754;11736;11787;11864;11917;12032;12083;12130
846;Arden;9510;2434;2466;2444;2444;2474;2506;2542;2510;2504;2500;2514
846;Valsgård;9500;1035;1040;1066;1101;1116;1117;1117;1109;1116;1114;1116
846;Mariager;9550;2519;2555;2589;2558;2558;2527;2510;2490;2496;2523;2537
849;Biersted;9440;1690;1709;1716;1704;1704;1692;1679;1690;1689;1679;1646
849;Nørhalne;9430;1274;1254;1257;1265;1273;1273;1309;1357;1394;1417;1435
849;Kås;9490;2645;2629;2638;2618;2575;2574;2601;2558;2514;2522;2490
849;Pandrup;9490;2870;2846;2815;2871;2880;2879;2954;2929;2940;2934;2925
849;Fjerritslev;9690;3404;3403;3402;3379;3341;3353;3310;3398;3458;3401;3376
849;Aabybro;9440;5295;5382;5435;5528;5558;5681;5790;5859;5850;6000;6161
849;Brovst;9460;2783;2778;2804;2776;2755;2763;2770;2733;2781;2767;2729
851;Mou;9280;1123;1134;1149;1140;1141;1127;1160;1142;1130;1100;1089
851;Hals;9370;2505;2521;2487;2495;2518;2483;2483;2459;2532;2452;2454
851;Sulsted;9381;1525;1543;1543;1551;1539;1539;1545;1539;1513;1486;1490
851;Storvorde;9280;3274;3243;3282;3316;3306;3303;3305;3331;3336;3338;3376
851;Vodskov;9310;4414;4399;4374;4295;4371;4456;4381;4292;4398;4541;4566
851;Vester Hassing;9310;2516;2513;2534;2557;2525;2543;2572;2554;2547;2527;2525
851;Kongerslev;9293;1405;1405;1376;1361;1350;1374;1368;1376;1374;1388;1369
851;Gistrup;9260;3550;3573;3478;3501;3509;3544;3582;3579;3574;3562;3543
851;Klarup;9270;4075;4182;4413;4499;4608;4640;4678;4714;4675;4733;4779
851;Vestbjerg;9380;2651;2677;2675;2700;2704;2695;2735;2810;2893;2896;2866
851;Nibe;9240;4996;4987;5047;5097;5093;5143;5233;5233;5249;5272;5217
851;Vadum;9430;2243;2274;2292;2291;2307;2328;2320;2336;2313;2307;2355
851;Dall Villaby;9230;1117;1104;1094;1115;1088;1095;1089;1084;1087;1100;1073
851;Frejlev;9200;2601;2579;2608;2632;2625;2648;2690;2779;2823;2871;2940
851;Svenstrup;9230;6675;6751;6785;6912;7000;7056;7190;7257;7346;7366;7354
851;Aalborg;9000;102312;103545;104885;106916;109092;110495;112194;113417;114194;115908;117351
851;Tylstrup;9382;1281;1286;1288;1324;1323;1327;1300;1295;1293;1303;1292
851;Gandrup;9362;1544;1558;1549;1541;1555;1534;1551;1532;1532;1556;1599
851;Ulsted;9370;1062;1085;1074;1079;1063;1055;1059;1066;1084;1030;1051
851;Nørresundby;9400;21120;21376;21671;21728;21761;22083;22478;22600;22859;23108;23546
860;Tornby;9850;1019;1025;1026;1017;1023;1014;1009;1023;1020;1017;1004
860;Sindal;9870;3036;3081;3090;3079;3066;3058;3055;3069;3007;2990;3057
860;Løkken;9480;1569;1558;1566;1570;1589;1560;1590;1576;1599;1596;1624
860;Vrå;9760;2445;2447;2522;2451;2434;2459;2478;2484;2461;2454;2474
860;Hjørring;9800;24892;24762;24867;24982;25071;25426;25626;25764;25994;25815;25780
860;Bindslev;9881;1146;1130;1144;1127;1101;1074;1097;1117;1084;1071;1073
860;Hirtshals;9850;6268;6194;6140;6028;5959;5879;5910;5880;5857;5759;5733
860;Tårs;9830;1984;1994;1978;1966;1932;1904;1895;1886;1888;1879;1887
