VAR1,ApotekNr,Navn,TypeID,Adresse,PostNr,Startdato,Slutdato,amt,Kommune,Region,Adresse_v2,latitudes,longitudes,Stdato,Sldato,Styear,Slyear,dummy,geometry,Year
5,243-1,Amager Strand Apotek,7,Strandlodsvej 41,2300,"21Sep2015 0:00:00,000",,1084,101,1084,"Strandlodsvej 41, 2300 Denmark",55.664181,12.622773,2015-09-21,,2015,2025,2015,POINT (12.622773 55.66418100000001),2019
9,090-1,Apotek Fisketorvet,7,"Fisketorvet, Kalvebod Brygge 59",1561,"01Aug2015 0:00:00,000",,1084,101,1084,"Fisketorvet, Kalvebod Brygge 59, 1561 Denmark",55.6759,12.5655,2015-08-01,,2015,2025,2015,POINT (12.5655 55.6759),2019
10,090-3,Apotek Humletorvet,7,Humletorvet 23,1799,"01Nov2016 0:00:00,000",,1084,101,1084,"Humletorvet 23, 1799 Denmark",55.664466,12.536175,2016-11-01,,2016,2025,2016,POINT (12.536175 55.664466),2019
12,090-2,Apotek Spinderiet,7,Valby Torvegade 13,2500,"02May2016 0:00:00,000",,1084,101,1084,"Valby Torvegade 13, 2500 Denmark",55.6647453,12.5116682,2016-05-02,,2016,2025,2016,POINT (12.5116682 55.6647453),2019
13,090-8,Apotek Strøget,7,Frederiksberggade 1A,1459,"02Sep2019 0:00:00,000",,1084,101,1084,"Frederiksberggade 1A, 1459 Denmark",55.677616,12.572097,2019-09-02,,2019,2025,2019,POINT (12.572097 55.677616),2019
14,090-4,Apotek Vesterbro,7,Vesterbrogade 60,1620,"13Feb2017 0:00:00,000",,1084,101,1084,"Vesterbrogade 60, 1620 Denmark",55.6727,12.553288,2017-02-13,,2017,2025,2017,POINT (12.553288 55.6727),2019
28,184-1,Apoteket Jernbane All,7,Jernbane Allé 31,2720,"01Jul2019 0:00:00,000",,1084,101,1084,"Jernbane Allé 31, 2720 Denmark",55.686102,12.491235,2019-07-01,,2019,2025,2019,POINT (12.491235 55.68610200000001),2019
94,341-4,Brønshøj Apotek,7,Højenhald 2,2700,"29Apr2016 0:00:00,000",,1084,101,1084,"Højenhald 2, 2700 Denmark",55.705346,12.507615,2016-04-29,,2016,2025,2016,POINT (12.507615 55.705346),2019
133,029-2,Fields Apotek,7,Arne Jacobsens Allé 12,2300,"20Jul2015 0:00:00,000",,1084,101,1084,"Arne Jacobsens Allé 12, 2300 Denmark",55.6305777,12.5767812,2015-07-20,,2015,2025,2015,POINT (12.5767812 55.6305777),2019
182,323-2,Gyldenrisparkens Apot,7,Amagerbrogade 264,2300,"01Sep2015 0:00:00,000",,1084,101,1084,"Amagerbrogade 264, 2300 Denmark",55.642544,12.615792,2015-09-01,,2015,2025,2015,POINT (12.615792 55.64254399999999),2019
250,183-1,Hovedbanens Apotek,7,Bernstorffsgade 16,1577,"04Sep2017 0:00:00,000",,1084,101,1084,"Bernstorffsgade 16, 1577 Denmark",55.6726833,12.5641888,2017-09-04,,2017,2025,2017,POINT (12.5641888 55.6726833),2019
258,341-5,Husum Bypark Apotek,7,Frederikssundsvej 284 (i Føtex),2700,"01Sep2017 0:00:00,000",,1084,101,1084,"Frederikssundsvej 284 (i Føtex), 2700 Denmark",55.7057,12.4964,2017-09-01,,2017,2025,2017,POINT (12.4964 55.7057),2019
325,243,København Amagerbro,6,Reberbanegade 3,2300,"01Jan1913 0:00:00,000",,1084,101,1084,"Reberbanegade 3, 2300 Denmark",55.662829,12.603788,1913-01-01,,1913,2025,2008,POINT (12.603788 55.662829),2019
326,341,København Apoteket R,6,Tuborgvej 269,2400,"01Jan1935 0:00:00,000",,1084,101,1084,"Tuborgvej 269, 2400 Denmark",55.71175,12.53244,1935-01-01,,1935,2025,2008,POINT (12.53244 55.71175),2019
329,242,København Apoteket S,6,Nørrebrogade 224,2200,"01Jan1913 0:00:00,000",,1084,101,1084,"Nørrebrogade 224, 2200 Denmark",55.700139,12.540203,1913-01-01,,1913,2025,2008,POINT (12.540203 55.700139),2019
330,232,København Apoteket T,6,Ndr. Frihavnsgade 3,2100,"01Jan1909 0:00:00,000",,1084,101,1084,"Ndr. Frihavnsgade 3, 2100 Denmark",55.700024,12.578069,1909-01-01,,1909,2025,2008,POINT (12.578069 55.700024),2019
332,029,København Christians,6,Torvegade 47,1400,01-01-1753 00:00,,1084,101,1084,"Torvegade 47, 1400 Denmark",55.672344,12.591926,1753-01-01,,1753,2025,2008,POINT (12.591926 55.672344),2019
335,309,København Enghave Ap,13,Enghave Plads 25,1670,"01Jan1922 0:00:00,000",,1084,101,1084,"Enghave Plads 25, 1670 Denmark",55.666133,12.544116,1922-01-01,,1922,2025,2008,POINT (12.544116 55.66613299999999),2019
336,334,København Grøndalsa,13,Godthåbsvej 187A,2720,"01Jan1935 0:00:00,000",,1084,101,1084,"Godthåbsvej 187A, 2720 Denmark",55.6908748,12.5159263,1935-01-01,,1935,2025,2008,POINT (12.5159263 55.6908748),2019
338,341-2,København Hamlets Ap,7,Hamletsgade 2,2200,"01Jun2009 0:00:00,000",,1084,101,1084,"Hamletsgade 2, 2200 Denmark",55.703088,12.547708,2009-06-01,,2009,2025,2009,POINT (12.547708 55.703088),2019
340,322,København Husum Apot,6,Frederikssundsvej 320,2700,"01Jan1929 0:00:00,000",,1084,101,1084,"Frederikssundsvej 320, 2700 Denmark",55.711998,12.47255,1929-01-01,,1929,2025,2008,POINT (12.47255 55.711998),2019
341,029-1,København Islands Br,7,Islands Brygge 3-5,2300,"01Feb2003 0:00:00,000",,1084,101,1084,"Islands Brygge 3-5, 2300 Denmark",55.6672418,12.5773125,2003-02-01,,2003,2025,2008,POINT (12.5773125 55.66724179999999,2019
342,021,København Kongelig H,6,Store Kongensgade 45,1264,01-01-1753 00:00,,1084,101,1084,"Store Kongensgade 45, 1264 Denmark",55.683269,12.586637,1753-01-01,,1753,2025,2008,POINT (12.586637 55.683269),2019
343,338,København Linde Apot,6,Frederikssundsvej 152,2700,"01Jan1937 0:00:00,000",,1084,101,1084,"Frederikssundsvej 152, 2700 Denmark",55.704659,12.500087,1937-01-01,,1937,2025,2008,POINT (12.500087 55.704659),2019
344,090,København Nørrebro,6,Nørrebrogade 8,2200,01-01-1843 00:00,,1084,101,1084,"Nørrebrogade 8, 2200 Denmark",55.687462,12.56233,1843-01-01,,1843,2025,2008,POINT (12.56233 55.687462),2019
346,134,København Sct. Stefa,13,Nørrebrogade 140,2200,01-01-1881 00:00,,1084,101,1084,"Nørrebrogade 140, 2200 Denmark",55.694695,12.548836,1881-01-01,,1881,2025,2008,POINT (12.548836 55.694695),2019
347,183,København Steno Apot,6,Vesterbrogade 6 C,1620,"01Jan1900 0:00:00,000",,1084,101,1084,"Vesterbrogade 6 C, 1620 Denmark",55.6726625,12.5501706,1900-01-01,,1900,2025,2008,POINT (12.5501706 55.6726625),2019
348,332,København Sydhavnsap,13,Borgbjergsvej 15,2450,"01Jan1933 0:00:00,000",,1084,101,1084,"Borgbjergsvej 15, 2450 Denmark",55.651462,12.537598,1933-01-01,,1933,2025,2008,POINT (12.537598 55.651462),2019
349,199,København Sønderbro,6,Amagerbrogade 158,2300,"01Jan1902 0:00:00,000",,1084,101,1084,"Amagerbrogade 158, 2300 Denmark",55.654731,12.610199,1902-01-01,,1902,2025,2008,POINT (12.610199 55.65473100000001),2019
350,318,København Trekroner,6,Vigerslev Allé 38,2500,"01Jan1925 0:00:00,000",,1084,101,1084,"Vigerslev Allé 38, 2500 Denmark",55.661884,12.518641,1925-01-01,,1925,2025,2008,POINT (12.518641 55.66188399999999),2019
351,031,København Vaisenhus,13,Landemærket 3-5,1119,01-01-1753 00:00,,1084,101,1084,"Landemærket 3-5, 1119 Denmark",55.6827864,12.5776629,1753-01-01,,1753,2025,2008,POINT (12.5776629 55.6827864),2019
352,197,København Valby Apot,6,Valby Langgade 49,2500,"01Jan1902 0:00:00,000",,1084,101,1084,"Valby Langgade 49, 2500 Denmark",55.666526,12.516945,1902-01-01,,1902,2025,2008,POINT (12.516945 55.666526),2019
353,202,København Øresunds,6,Østerbrogade 151,2100,"01Jan1902 0:00:00,000",,1084,101,1084,"Østerbrogade 151, 2100 Denmark",55.714092,12.577286,1902-01-01,,1902,2025,2008,POINT (12.577286 55.714092),2019
354,320,København Østerbro,13,Østerbrogade 101,2100,"01Jan1929 0:00:00,000",,1084,101,1084,"Østerbrogade 101, 2100 Denmark",55.709432,12.577196,1929-01-01,,1929,2025,2008,POINT (12.577196 55.70943199999999),2019
492,197-1,Ryparken Apotek,7,Lyngbyvej 153,2100,"30Aug2019 0:00:00,000",,1084,101,1084,"Lyngbyvej 153, 2100 Denmark",55.717985,12.556509,2019-08-30,,2019,2025,2019,POINT (12.556509 55.717985),2019
541,332-1,Sluseholmens Apotek,7,Lone Kellermanns Vej 21 st,2450,"19Nov2018 0:00:00,000",,1084,101,1084,"Lone Kellermanns Vej 21 st, 2450 Denmark",55.644679,12.549244,2018-11-19,,2018,2025,2018,POINT (12.549244 55.644679),2019
635,343,Vanløse Løve Apotek,6,"Vanløse Torv 1, st. 123",2720,"01Jan1937 0:00:00,000",,1084,101,1084,"Vanløse Torv 1, st. 123, 2720 Denmark",55.708988,12.583695,1937-01-01,,1937,2025,2008,POINT (12.583695 55.708988),2019
8,090-7,Apotek Borups Alle,7,Borups Alle 116 st. tv.,2000,"12Nov2018 0:00:00,000",,1084,147,1084,"Borups Alle 116 st. tv., 2000 Denmark",55.6794,12.5346,2018-11-12,,2018,2025,2018,POINT (12.5346 55.6794),2019
15,090-5,Apotek Ørsted,7,H.C. Ørsteds Vej 38,1879,"01Aug2017 0:00:00,000",,1084,147,1084,"H.C. Ørsteds Vej 38, 1879 Denmark",55.68005,12.548711,2017-08-01,,2017,2025,2017,POINT (12.548711 55.68005),2019
19,111-1,Apoteket Frederiksber,7,Falkoner Alle 21,2000,"01Dec2017 0:00:00,000",,1084,147,1084,"Falkoner Alle 21, 2000 Denmark",55.681463,12.534059,2017-12-01,,2017,2025,2017,POINT (12.534059 55.681463),2019
29,327-1,Apoteket Lille Bjørn,7,"Nordens Plads 4A, stuen",2000,"04Jan2016 0:00:00,000",,1084,147,1084,"Nordens Plads 4A, stuen, 2000 Denmark",55.671326,12.500626,2016-01-04,,2016,2025,2016,POINT (12.500626 55.671326),2019
143,111,Frederiksberg Apotek,6,Gammel Kongevej 162,1850,01-01-1867 00:00,,1084,147,1084,"Gammel Kongevej 162, 1850 Denmark",55.6759585,12.5433837,1867-01-01,,1867,2025,2008,POINT (12.5433837 55.67595849999999,2019
145,184,Frederiksberg Apoteke,6,Godthåbsvej 4,2000,"12Nov1901 0:00:00,000",,1084,147,1084,"Godthåbsvej 4, 2000 Denmark",55.685538,12.538161,1901-11-12,,1901,2025,2008,POINT (12.538161 55.685538),2019
146,327,Frederiksberg Dalgas,6,Dalgas Boulevard 91,2000,01.03.1994,,1084,147,1084,"Dalgas Boulevard 91, 2000 Denmark",55.681633,12.510563,1994-01-03,,1994,2025,2008,POINT (12.510563 55.681633),2019
148,262,Frederiksberg Gl. Kon,13,Gammel Kongevej 76,1850,"01Jan1916 0:00:00,000",,1084,147,1084,"Gammel Kongevej 76, 1850 Denmark",55.674336,12.551359,1916-01-01,,1916,2025,2008,POINT (12.551359 55.674336),2019
149,334-1,Frederiksberg Løve A,7,Falkoner Alle 88,2000,"22Nov2018 0:00:00,000",,1084,147,1084,"Falkoner Alle 88, 2000 Denmark",55.685481,12.539029,2018-11-22,,2018,2025,2018,POINT (12.539029 55.685481),2019
150,185,Frederiksberg Smalleg,6,Smallegade 46,2000,"01Jan1900 0:00:00,000",,1084,147,1084,"Smallegade 46, 2000 Denmark",55.679679,12.523739,1900-01-01,,1900,2025,2008,POINT (12.523739 55.67967900000001),2019
26,225-2,Apoteket i Ballerup C,7,"Ballerup-Centret 2, 1. 3",2750,"26Oct2015 0:00:00,000",,1084,151,1084,"Ballerup-Centret 2, 1. 3, 2750 Denmark",55.7316,12.3633,2015-10-26,,2015,2025,2015,POINT (12.3633 55.7316),2019
58,225,Ballerup Apotek,6,Centrumgaden 24-26,2750,"01Jan1907 0:00:00,000",,1084,151,1084,"Centrumgaden 24-26, 2750 Denmark",55.7281229,12.3598013,1907-01-01,,1907,2025,2008,POINT (12.3598013 55.7281229),2019
205,225-3,Hedegårdens Apotek,7,Hedeparken 9,2750,"20Jun2016 0:00:00,000",,1084,151,1084,"Hedeparken 9, 2750 Denmark",55.719146,12.357151,2016-06-20,,2016,2025,2016,POINT (12.357151 55.71914599999999),2019
410,225-1,Maaløv Apotek,7,Stationsvej 7,2760,01.04.2000,,1084,151,1084,"Stationsvej 7, 2760 Denmark",55.748557,12.318699,2000-01-04,,2000,2025,2008,POINT (12.318699 55.748557),2019
529,360,Skovlunde Apotek,6,Torvestrædet 2,2740,"01Jan1966 0:00:00,000",,1084,151,1084,"Torvestrædet 2, 2740 Denmark",55.8697314,12.3554134,1966-01-01,,1966,2025,2008,POINT (12.3554134 55.8697314),2019
88,355-1,Brøndby Strand Apote,7,Brøndby Strand Centrum 16,2660,27.08.2016,,1084,153,1084,"Brøndby Strand Centrum 16, 2660 Denmark",55.621545,12.42262,2016-08-27,,2016,2025,2016,POINT (12.42262 55.621545),2019
90,354-1,Brøndbyvester Apotek,7,Søndre Ringvej 41F,2605,"01Dec2015 0:00:00,000",,1084,153,1084,"Søndre Ringvej 41F, 2605 Denmark",55.655021,12.395359,2015-12-01,,2015,2025,2015,POINT (12.395359 55.655021),2019
91,354,Brøndbyøster Apotek,6,Nygårds Plads 29A,2605,"01Jan1957 0:00:00,000",,1084,153,1084,"Nygårds Plads 29A, 2605 Denmark",55.667523,12.437595,1957-01-01,,1957,2025,2008,POINT (12.437595 55.667523),2019
106,350-1,Dragør Apotek,7,Maglebytorv 18,2791,"01Sep2006 0:00:00,000",,1084,155,1084,"Maglebytorv 18, 2791 Denmark",55.59519,12.660578,2006-09-01,,2006,2025,2008,POINT (12.660578 55.59519),2019
99,159,Charlottenlund Apotek,6,"Lindegårdsvej 51, st",2920,01-01-1894 00:00,,1084,157,1084,"Lindegårdsvej 51, st, 2920 Denmark",55.75463,12.569751,1894-01-01,,1894,2025,2008,POINT (12.569751 55.75463000000001),2019
160,215,Gentofte Apotek,13,Gentoftegade 35,2820,"01Jan1904 0:00:00,000",,1084,157,1084,"Gentoftegade 35, 2820 Denmark",55.747369,12.541228,1904-01-01,,1904,2025,2008,POINT (12.541228 55.74736899999999),2019
209,182,Hellerup Apotek,13,Strandvejen 165,2900,"01Jan1900 0:00:00,000",,1084,157,1084,"Strandvejen 165, 2900 Denmark",55.732495,12.575353,1900-01-01,,1900,2025,2008,POINT (12.575353 55.73249499999999),2019
459,325,Ordrup Apotek,6,Ordrupvej 80,2920,"01Jan1930 0:00:00,000",,1084,157,1084,"Ordrupvej 80, 2920 Denmark",55.761535,12.574219,1930-01-01,,1930,2025,2008,POINT (12.574219 55.76153499999999),2019
677,202-1,Waterfront Apotek Hel,7,Philip Heymans Alle 17,2900,"01Mar2017 0:00:00,000",,1084,157,1084,"Philip Heymans Alle 17, 2900 Denmark",55.725991,12.580248,2017-03-01,,2017,2025,2017,POINT (12.580248 55.725991),2019
57,353,Bagsværd Apotek,6,Bagsværd Torv 6,2880,"01Jan1956 0:00:00,000",,1084,159,1084,"Bagsværd Torv 6, 2880 Denmark",55.76157,12.452301,1956-01-01,,1956,2025,2008,POINT (12.452301 55.76156999999999),2019
96,358,Buddinge Apotek,13,Søborg Hovedgade 201,2860,"01Jan1961 0:00:00,000",,1084,159,1084,"Søborg Hovedgade 201, 2860 Denmark",55.741866,12.497438,1961-01-01,,1961,2025,2008,POINT (12.497438 55.741866),2019
581,312,Søborg Apotek,6,Søborg Hovedgade 86,2860,"01Jan1925 0:00:00,000",,1084,159,1084,"Søborg Hovedgade 86, 2860 Denmark",55.734786,12.513729,1925-01-01,,1925,2025,2008,POINT (12.513729 55.734786),2019
23,109-1,Apoteket Glostrup Sho,7,Glostrup Shoppingcenter 48,2600,"26Aug2016 0:00:00,000",,1084,161,1084,"Glostrup Shoppingcenter 48, 2600 Denmark",55.665487,12.400572,2016-08-26,,2016,2025,2016,POINT (12.400572 55.665487),2019
167,109,Glostrup Apotek,6,Hovedvejen 101,2600,01-01-1863 00:00,,1084,161,1084,"Hovedvejen 101, 2600 Denmark",55.665658,12.396538,1863-01-01,,1863,2025,2008,POINT (12.396538 55.66565799999999),2019
216,351,Herlev Apotek,6,Herlev Torv 13,2730,"01Jan1951 0:00:00,000",,1084,163,1084,"Herlev Torv 13, 2730 Denmark",55.724141,12.438964,1951-01-01,,1951,2025,2008,POINT (12.438964 55.724141),2019
0,359,Albertslund Apotek,6,Bytorvet 5,2620,"01Jan1966 0:00:00,000",,1084,165,1084,"Bytorvet 5, 2620 Denmark",55.656514,12.353695,1966-01-01,,1966,2025,2008,POINT (12.353695 55.656514),2019
80,348-1,Bredalsparken Apotek,7,Hvidovrevej 322,2650,"03Feb2017 0:00:00,000",,1084,167,1084,"Hvidovrevej 322, 2650 Denmark",55.639075,12.478968,2017-02-03,,2017,2025,2017,POINT (12.478968 55.639075),2019
155,355,Friheden Apotek,6,Strandmarksvej 20,2650,"01Jan1958 0:00:00,000",,1084,167,1084,"Strandmarksvej 20, 2650 Denmark",55.626891,12.484661,1958-01-01,,1958,2025,2008,POINT (12.484661 55.626891),2019
261,348,Hvidovre Apotek,6,Hvidovrevej 178,2650,"01Jan1950 0:00:00,000",,1084,167,1084,"Hvidovrevej 178, 2650 Denmark",55.65347,12.474295,1950-01-01,,1950,2025,2008,POINT (12.474295 55.65347),2019
262,348-2,Hvidovre Hospital Pri,7,Kettegård alle 30,2650,"12Sep2018 0:00:00,000",,1084,167,1084,"Kettegård alle 30, 2650 Denmark",55.648768,12.470329,2018-09-12,,2018,2025,2018,POINT (12.470329 55.648768),2019
263,355-2,Hvidovre Stationsapot,7,"Laurits Olsensvej 1, stuen, dør",2650,"15Nov2016 0:00:00,000",,1084,167,1084,"Laurits Olsensvej 1, stuen, dør 30, 2650 Denma",55.666195,12.5170154,2016-11-15,,2016,2025,2016,POINT (12.5170154 55.66619499999999,2019
102,017-3,City 2 Apoteket,7,"Cityringen 4, 218",2630,"31Mar2016 0:00:00,000",,1084,169,1084,"Cityringen 4, 218, 2630 Denmark",55.6517,12.2922,2016-03-31,,2016,2025,2016,POINT (12.2922 55.6517),2019
207,252-1,Hedehusene Apotek,7,Hovedgaden 421,2640,01.01.1992,,1084,169,1084,"Hovedgaden 421, 2640 Denmark",55.649489,12.200141,1992-01-01,,1992,2025,2008,POINT (12.200141 55.649489),2019
266,252-2,Høje Taastrup Apotek,7,Høje Taastrup Boulevard 44,2630,"31Oct2016 0:00:00,000",,1084,169,1084,"Høje Taastrup Boulevard 44, 2630 Denmark",55.648246,12.26953,2016-10-31,,2016,2025,2016,POINT (12.26953 55.64824599999999),2019
617,252,Taastrup Apotek,6,Taastrup Hovedgade 60,2630,"01Jan1908 0:00:00,000",,1084,169,1084,"Taastrup Hovedgade 60, 2630 Denmark",55.65025,12.301525,1908-01-01,,1908,2025,2008,POINT (12.301525 55.65025),2019
619,017-2,Taastrup Torv Apotek,7,Taastrup Torv 8,2630,"17Nov2015 0:00:00,000",,1084,169,1084,"Taastrup Torv 8, 2630 Denmark",55.651931,12.30245,2015-11-17,,2015,2025,2015,POINT (12.30245 55.651931),2019
374,342,Lyngby Løve Apotek,6,Jernbanepladsen 43,2800,11.04.2016,,1084,173,1084,"Jernbanepladsen 43, 2800 Denmark",55.768562,12.503108,2016-11-04,,2016,2025,2016,POINT (12.503108 55.768562),2019
375,342-1,Lyngby Storcenter Apo,7,"Lyngby Storcenter nr. 1, st., dø",2800,"11Apr2016 0:00:00,000",,1084,173,1084,"Lyngby Storcenter nr. 1, st., dør 1, 2800 Denm",55.7704,12.5038,2016-04-11,,2016,2025,2016,POINT (12.5038 55.7704),2019
376,059,Lyngby Svane Apotek,6,Lyngby Hovedgade 27,2800,01-01-1806 00:00,,1084,173,1084,"Lyngby Hovedgade 27, 2800 Denmark",55.771531,12.502527,1806-01-01,,1806,2025,2008,POINT (12.502527 55.771531),2019
548,059-1,Sorgenfri Apotek,7,Sorgenfri Torv 19,2830,"06Nov2017 0:00:00,000",,1084,173,1084,"Sorgenfri Torv 19, 2830 Denmark",55.780847,12.482037,2017-11-06,,2017,2025,2017,POINT (12.482037 55.78084699999999),2019
666,349,Virum Apotek,13,Frederiksdalsvej 73,2830,"01Jan1950 0:00:00,000",,1084,173,1084,"Frederiksdalsvej 73, 2830 Denmark",55.795311,12.473014,1950-01-01,,1950,2025,2008,POINT (12.473014 55.795311),2019
283,339-1,Islev Apotek,7,Fortvej 5,2610,"01Mar2018 0:00:00,000",,1084,175,1084,"Fortvej 5, 2610 Denmark",55.695916,12.458643,2018-03-01,,2018,2025,2018,POINT (12.458643 55.695916),2019
497,339,Rødovre Apotek,6,"Rødovre Centrum 1C, st. 124",2610,"01Jan1937 0:00:00,000",,1084,175,1084,"Rødovre Centrum 1C, st. 124, 2610 Denmark",55.6806,12.4537,1937-01-01,,1937,2025,2008,POINT (12.4537 55.6806),2019
498,354-2,Rødovre Krone Apotek,7,"Rødovre Centrum 1R, st. 6",2610,"29Aug2016 0:00:00,000",,1084,175,1084,"Rødovre Centrum 1R, st. 6, 2610 Denmark",55.6806,12.4537,2016-08-29,,2016,2025,2016,POINT (12.4537 55.6806),2019
281,365-1,Ishøj Apotek,7,"Ishøj Nørregade 12, Ishøj Byce",2635,01.01.1991,,1084,183,1084,"Ishøj Nørregade 12, Ishøj Bycenter, 2635 Den",55.6154,12.3518,1991-01-01,,1991,2025,2008,POINT (12.3518 55.6154),2019
300,350,Kastrup Apotek,6,Skottegården 2,2770,"01Jan1950 0:00:00,000",,1084,185,1084,"Skottegården 2, 2770 Denmark",55.6377,12.635151,1950-01-01,,1950,2025,2008,POINT (12.635151 55.6377),2019
315,323-4,Kongelundens Apotek,7,Kongelundsvej 364,2770,"06Dec2018 0:00:00,000",,1084,185,1084,"Kongelundsvej 364, 2770 Denmark",55.609878,12.584128,2018-12-06,,2018,2025,2018,POINT (12.584128 55.609878),2019
369,350-2,Lufthavns Apotek Køb,7,Lufthavnsboulevarden 6 T2-ST-386,2770,"01Nov2019 0:00:00,000",,1084,185,1084,"Lufthavnsboulevarden 6 T2-ST-386, 2770 Denmark",55.6352,12.6489,2019-11-01,,2019,2025,2019,POINT (12.6489 55.6352),2019
614,323,Tårnby Apotek,6,Kamillevej 4,2770,"01Jan1929 0:00:00,000",,1084,185,1084,"Kamillevej 4, 2770 Denmark",55.632714,12.622263,1929-01-01,,1929,2025,2008,POINT (12.622263 55.632714),2019
615,323-3,Tårnby Torv Apotek,7,Tårnby Torv 9,2770,"01Jun2018 0:00:00,000",,1084,185,1084,"Tårnby Torv 9, 2770 Denmark",55.63076,12.600468,2018-06-01,,2018,2025,2018,POINT (12.600468 55.63076),2019
631,359-1,Vallensbæk Apotek,7,Vallensbæk Stationstorv 60,2665,01.01.1992,01-APR-2020,1084,187,1084,"Vallensbæk Stationstorv 60, 2665 Denmark",55.62323,12.388825,1992-01-01,2020-04-01,1992,2020,2008,POINT (12.388825 55.62323000000001),2019
130,278,Farum Apotek,6,Farum Bytorv 69,3520,01-01-1885 00:00,,1084,190,1084,"Farum Bytorv 69, 3520 Denmark",55.814654,12.381689,1885-01-01,,1885,2025,2008,POINT (12.381689 55.814654),2019
676,362,Værløse Apotek,6,Bymidten 13,3500,"01Jan1967 0:00:00,000",,1084,190,1084,"Bymidten 13, 3500 Denmark",55.784539,12.373718,1967-01-01,,1967,2025,2008,POINT (12.373718 55.784539),2019
2,346-1,Allerød Apotek,7,Allerød Stationsvej 9,3450,07.03.2008,,1084,201,1084,"Allerød Stationsvej 9, 3450 Denmark",55.871124,12.355782,2008-07-03,,2008,2025,2008,POINT (12.355782 55.871124),2019
377,278-1,Lynge Apotek,7,Lynge Bytorv 5,3540,"04Dec2017 0:00:00,000",,1084,201,1084,"Lynge Bytorv 5, 3540 Denmark",55.838075,12.277802,2017-12-04,,2017,2025,2017,POINT (12.277802 55.838075),2019
18,079-2,Apoteket Egevangen,7,Egevangen 8,2980,"01Sep2015 0:00:00,000",,1084,210,1084,"Egevangen 8, 2980 Denmark",55.906141,12.474946,2015-09-01,,2015,2025,2015,POINT (12.474946 55.90614100000001),2019
140,154-2,Fredensborg Apotek,7,Jernbanegade 3,3480,01.01.1992,,1084,210,1084,"Jernbanegade 3, 3480 Denmark",55.979023,12.398907,1992-01-01,,1992,2025,2008,POINT (12.398907 55.979023),2019
253,154,Humlebæk Apotek,6,Humlebæk Center 23,3050,01-01-1893 00:00,,1084,210,1084,"Humlebæk Center 23, 3050 Denmark",55.964006,12.529982,1893-01-01,,1893,2025,2008,POINT (12.529982 55.964006),2019
421,079-1,Nivå Apotek,7,Nivå Center 75,2990,01.01.1992,,1084,210,1084,"Nivå Center 75, 2990 Denmark",55.93464,12.504554,1992-01-01,,1992,2025,2008,POINT (12.504554 55.93464),2019
22,364-2,Apoteket Gefion,7,Gefionsvej 45A,3000,"06Feb2017 0:00:00,000",,1084,217,1084,"Gefionsvej 45A, 3000 Denmark",56.039626,12.587545,2017-02-06,,2017,2025,2017,POINT (12.587545 56.039626),2019
124,154-1,Espergærde Apotek,7,Nørremarken 3,3060,01.01.1992,,1084,217,1084,"Nørremarken 3, 3060 Denmark",55.996762,12.5432234,1992-01-01,,1992,2025,2008,POINT (12.5432234 55.996762),2019
212,364,Helsingør Axeltorvs,6,Groskenstræde 2 A,3000,"01Jan1968 0:00:00,000",,1084,217,1084,"Groskenstræde 2 A, 3000 Denmark",56.0367464,12.6107202,1968-01-01,,1968,2025,2008,POINT (12.6107202 56.03674640000001,2019
213,238,Helsingør Stengades,6,Stengade 46,3000,"01Jan1912 0:00:00,000",,1084,217,1084,"Stengade 46, 3000 Denmark",56.03519,12.6142515,1912-01-01,,1912,2025,2008,POINT (12.6142515 56.03519),2019
242,113-1,Hornbæk Apotek,7,Sauntevej 2,3100,01.01.1992,,1084,217,1084,"Sauntevej 2, 3100 Denmark",56.0806998,12.4792214,1992-01-01,,1992,2025,2008,POINT (12.4792214 56.0806998),2019
468,238-1,Prøvestens Apotek,7,Birkedalsvej 7-9,3000,"01Sep2015 0:00:00,000",,1084,217,1084,"Birkedalsvej 7-9, 3000 Denmark",56.0208076,12.5691907,2015-09-01,,2015,2025,2015,POINT (12.5691907 56.0208076),2019
711,364-1,Ålsgårde Apotek,7,Ålsgårdecentret,3140,"01Jul2015 0:00:00,000",,1084,217,1084,"Ålsgårdecentret, 3140 Denmark",56.075299,12.5401626,2015-07-01,,2015,2025,2015,POINT (12.5401626 56.075299),2019
30,360-2,Apoteket Møllebro,7,Slangerupgade 50,3400,"09Dec2019 0:00:00,000",,1084,219,1084,"Slangerupgade 50, 3400 Denmark",55.928624,12.293454,2019-12-09,,2019,2025,2019,POINT (12.293454 55.928624),2019
221,044,Hillerød Frederiksbo,6,Slotsgade 26,3400,01-01-1792 00:00,,1084,219,1084,"Slotsgade 26, 3400 Denmark",55.930404,12.299802,1792-01-01,,1792,2025,2008,POINT (12.299802 55.930404),2019
222,367,Hillerød Krone Apote,6,Helsingørsgade 10,3400,"01Jan1998 0:00:00,000",,1084,219,1084,"Helsingørsgade 10, 3400 Denmark",55.9303626,12.3050612,1998-01-01,,1998,2025,2008,POINT (12.3050612 55.9303626),2019
624,367-1,Ullerød Apotek,7,Frederiksværksgade 115,3400,"31Oct2016 0:00:00,000",,1084,219,1084,"Frederiksværksgade 115, 3400 Denmark",55.9359546,12.2922046,2016-10-31,,2016,2025,2016,POINT (12.2922046 55.9359546),2019
273,079,Hørsholm Apotek,6,Hørsholm Midtpunkt 78,2970,01-01-1840 00:00,,1084,223,1084,"Hørsholm Midtpunkt 78, 2970 Denmark",55.882527,12.49756,1840-01-01,,1840,2025,2008,POINT (12.49756 55.882527),2019
316,079-3,Kongevejens Apotek,7,Usserød Kongevej 65 B,2970,"09Nov2015 0:00:00,000",,1084,223,1084,"Usserød Kongevej 65 B, 2970 Denmark",55.8966622,12.4883435,2015-11-09,,2015,2025,2015,POINT (12.4883435 55.89666219999999,2019
487,079-4,Rungsted Apotek,7,Rungsted Bytorv,2960,"14Jan2016 0:00:00,000",,1084,223,1084,"Rungsted Bytorv, 2960 Denmark",55.8826574,12.5293171,2016-01-14,,2016,2025,2016,POINT (12.5293171 55.8826574),2019
70,346,Birkerød Apotek,6,Teglporten 27,3460,"01Jan1938 0:00:00,000",,1084,230,1084,"Teglporten 27, 3460 Denmark",55.838563,12.431699,1938-01-01,,1938,2025,2008,POINT (12.431699 55.838563),2019
241,283,Holte Apotek,6,"Holte Midtpunkt 20, 1. sal",2840,"01Jan1919 0:00:00,000",,1084,230,1084,"Holte Midtpunkt 20, 1. sal, 2840 Denmark",55.811887,12.471571,1919-01-01,,1919,2025,2008,POINT (12.471571 55.811887),2019
433,138,Nærum Apotek,6,Nærum Vænge Torv 35,2850,01-01-1873 00:00,,1084,230,1084,"Nærum Vænge Torv 35, 2850 Denmark",55.816,12.5385,1873-01-01,,1873,2025,2008,POINT (12.5385 55.816),2019
542,225-4,Smørum Apotek,7,Flodvej 75 M,2765,"05Sep2016 0:00:00,000",,1084,240,1084,"Flodvej 75 M, 2765 Denmark",55.7321773,12.3089435,2016-09-05,,2016,2025,2016,POINT (12.3089435 55.73217729999999,2019
554,369,Stenløse Apotek,13,Egedal Centret 2,3660,"01Jun2004 0:00:00,000",,1084,240,1084,"Egedal Centret 2, 3660 Denmark",55.76822,12.194889,2004-06-01,,2004,2025,2008,POINT (12.194889 55.76821999999999),2019
683,369-1,Ølstykke Apotek,7,Rådhus Alle 9,3650,"01Nov2019 0:00:00,000",,1084,240,1084,"Rådhus Alle 9, 3650 Denmark",55.792636,12.156717,2019-11-01,,2019,2025,2019,POINT (12.156717 55.792636),2019
137,068-2,Fjord Apoteket Freder,7,Kalvøvej 2A,3600,"12Nov2018 0:00:00,000",,1084,250,1084,"Kalvøvej 2A, 3600 Denmark",55.836156,12.05828,2018-11-12,,2018,2025,2018,POINT (12.05828 55.836156),2019
153,068,Frederikssund Apotek,6,"Nygade 1, 1. sal 18",3600,01-01-1815 00:00,,1084,250,1084,"Nygade 1, 1. sal 18, 3600 Denmark",55.836515,12.06505,1815-01-01,,1815,2025,2008,POINT (12.06505 55.83651500000001),2019
294,130-1,Jægerspris Fasan Apo,7,Hovedgaden 42B,3630,"09Apr2018 0:00:00,000",,1084,250,1084,"Hovedgaden 42B, 3630 Denmark",55.8552256,11.9862507,2018-04-09,,2018,2025,2018,POINT (11.9862507 55.8552256),2019
523,130,Skibby Apotek,6,Hovedgaden 40,4050,01-01-1876 00:00,,1084,250,1084,"Hovedgaden 40, 4050 Denmark",55.751455,11.959362,1876-01-01,,1876,2025,2008,POINT (11.959362 55.75145500000001),2019
537,068-1,Slangerup Apotek,7,Kongensgade 16,3550,"04Jan2016 0:00:00,000",,1084,250,1084,"Kongensgade 16, 3550 Denmark",55.846115,12.171946,2016-01-04,,2016,2025,2016,POINT (12.171946 55.846115),2019
7,411,Apopro Online Apotek,6,Ventrupvej 27,2670,"15Jun2017 0:00:00,000",,1085,253,1085,"Ventrupvej 27, 2670 Denmark",55.593029,12.264779,2017-06-15,,2017,2025,2017,POINT (12.264779 55.593029),2019
173,370,Greve Apotek,6,Greve Midtby Center 14 B,2670,"27Jun2005 0:00:00,000",,1085,253,1085,"Greve Midtby Center 14 B, 2670 Denmark",55.5822503,12.2952687,2005-06-27,,2005,2025,2008,POINT (12.2952687 55.58225030000001,2019
256,365,Hundige Apotek,6,Over Bølgen 19H,2670,"01Jan1976 0:00:00,000",,1085,253,1085,"Over Bølgen 19H, 2670 Denmark",55.5970596,12.3268903,1976-01-01,,1976,2025,2008,POINT (12.3268903 55.5970596),2019
466,365-2,Plusapoteket Waves,7,"Over Bølgen 3 D, Waves",2670,"29Oct2015 0:00:00,000",,1085,253,1085,"Over Bølgen 3 D, Waves, 2670 Denmark",55.5833,12.3,2015-10-29,,2015,2025,2015,POINT (12.3 55.5833),2019
607,370-2,Tune Apotek,7,Tune Center 3B,4030,"01Dec2015 0:00:00,000",,1085,253,1085,"Tune Center 3B, 4030 Denmark",55.595661,12.176066,2015-12-01,,2015,2025,2015,POINT (12.176066 55.595661),2019
72,180-1,Bjæverskov Apotek,7,Ejbovej 33,4632,"20Jun2019 0:00:00,000",,1085,259,1085,"Ejbovej 33, 4632 Denmark",55.461262,12.035933,2019-06-20,,2019,2025,2019,POINT (12.035933 55.461262),2019
75,180,Borup Apotek,6,Hovedgaden 15,4140,01-01-1899 00:00,,1085,259,1085,"Hovedgaden 15, 4140 Denmark",55.494647,11.97249,1899-01-01,,1899,2025,2008,POINT (11.97249 55.494647),2019
214,368-2,Herfølge Apotek,7,Vordingborgvej 106,4681,"01Feb2017 0:00:00,000",,1085,259,1085,"Vordingborgvej 106, 4681 Denmark",55.4283912,12.1531988,2017-02-01,,2017,2025,2017,POINT (12.1531988 55.4283912),2019
355,368,Køge Boholte Apotek,6,Marksvinget 31,4600,"01Jan1999 0:00:00,000",,1085,259,1085,"Marksvinget 31, 4600 Denmark",55.4481913,12.1602655,1999-01-01,,1999,2025,2008,POINT (12.1602655 55.4481913),2019
356,014-2,Køge Stations Apotek,7,Rådhusstræde 10G - Overfor Køg,4600,"14Jun2018 0:00:00,000",,1085,259,1085,"Rådhusstræde 10G - Overfor Køge S-station, 4",55.458,12.1821,2018-06-14,,2018,2025,2018,POINT (12.1821 55.458),2019
357,014,Køge Torvets Apotek,6,Brogade 1,4600,19.11.1979,,1085,259,1085,"Brogade 1, 4600 Denmark",55.4546886,12.1815115,1979-11-19,,1979,2025,2008,POINT (12.1815115 55.4546886),2019
680,368-1,Ølby Apotek,7,Ølby Center 25,4600,01.01.1992,,1085,259,1085,"Ølby Center 25, 4600 Denmark",55.458,12.1821,1992-01-01,,1992,2025,2008,POINT (12.1821 55.458),2019
154,080,Frederiksværk Apotek,6,Nørregade 4,3300,11-12-1857 00:00,,1084,260,1084,"Nørregade 4, 3300 Denmark",55.973217,12.021654,1857-11-12,,1857,2025,2008,POINT (12.021654 55.97321700000001),2019
255,080-1,Hundested Apotek,7,Nørregade 54,3390,01.11.2019,,1084,260,1084,"Nørregade 54, 3390 Denmark",55.9572481,11.8536231,2019-01-11,,2019,2025,2019,POINT (11.8536231 55.9572481),2019
34,170-3,Apoteket ROs Torv,7,ROs Torv 210,4000,"28Aug2015 0:00:00,000",,1085,265,1085,"ROs Torv 210, 4000 Denmark",55.6415,12.0803,2015-08-28,,2015,2025,2015,POINT (12.0803 55.6415),2019
264,017-1,Hyrdehøj Apotek,7,Hyrdehøj Alle 5,4000,"10Nov2015 0:00:00,000",,1085,265,1085,"Hyrdehøj Alle 5, 4000 Denmark",55.634643,12.053027,2015-11-10,,2015,2025,2015,POINT (12.053027 55.634643),2019
292,170-1,Jyllinge Apotek,7,Jyllinge Center 31,4040,"01Dec2001 0:00:00,000",,1085,265,1085,"Jyllinge Center 31, 4040 Denmark",55.7535209,12.1086079,2001-12-01,,2001,2025,2008,POINT (12.1086079 55.75352090000001,2019
481,017,Roskilde Dom Apotek,6,Algade 51,4000,01-01-1753 00:00,,1085,265,1085,"Algade 51, 4000 Denmark",55.640674,12.089246,1753-01-01,,1753,2025,2008,POINT (12.089246 55.640674),2019
482,170-4,Roskilde Stations Apo,7,Stationscentret 12,4000,"01Apr2019 0:00:00,000",,1085,265,1085,"Stationscentret 12, 4000 Denmark",55.637613,12.083644,2019-04-01,,2019,2025,2019,POINT (12.083644 55.637613),2019
483,170,Roskilde Svane Apotek,6,Skomagergade 19,4000,01-01-1898 00:00,,1085,265,1085,"Skomagergade 19, 4000 Denmark",55.640778,12.077801,1898-01-01,,1898,2025,2008,POINT (12.077801 55.640778),2019
606,170-2,Trekroner Løve Apote,7,Trekroner Centervej 59-61,4000,"01Jul2015 0:00:00,000",,1085,265,1085,"Trekroner Centervej 59-61, 4000 Denmark",55.6480504,12.1232832,2015-07-01,,2015,2025,2015,POINT (12.1232832 55.6480504),2019
203,370-1,Havdrup Apotek,7,Møllemarken 8,4622,"27Jun2005 0:00:00,000",,1085,269,1085,"Møllemarken 8, 4622 Denmark",55.543764,12.115263,2005-06-27,,2005,2025,2008,POINT (12.115263 55.543764),2019
546,014-1,Solrød Apotek,7,Solrød Center 78,2680,01.01.1992,,1085,269,1085,"Solrød Center 78, 2680 Denmark",55.533005,12.21967,1992-01-01,,1992,2025,2008,POINT (12.21967 55.533005),2019
161,113,Gilleleje Apotek,6,Vesterbrogade 6 B,3250,01-01-1869 00:00,,1084,270,1084,"Vesterbrogade 6 B, 3250 Denmark",56.1256179,12.3056349,1869-01-01,,1869,2025,2008,POINT (12.3056349 56.1256179),2019
211,191,Helsinge Apotek,6,Østergade 35,3200,"01Jan1901 0:00:00,000",,1084,270,1084,"Østergade 35, 3200 Denmark",56.0239977,12.2077328,1901-01-01,,1901,2025,2008,POINT (12.2077328 56.02399770000001,2019
503,191-1,Rådhusapoteket Helsi,7,Frederiksborgvej 20,3200,"26Oct2015 0:00:00,000",,1084,270,1084,"Frederiksborgvej 20, 3200 Denmark",56.019687,12.200267,2015-10-26,,2015,2025,2015,POINT (12.200267 56.019687),2019
47,216,Asnæs Apotek,6,Asnæs Centret 7,4550,"01Jan1905 0:00:00,000",,1085,306,1085,"Asnæs Centret 7, 4550 Denmark",55.811989,11.500561,1905-01-01,,1905,2025,2008,POINT (11.500561 55.811989),2019
429,062,Nykøbing Apotek,6,Algade 20,4500,01-01-1809 00:00,,1085,306,1085,"Algade 20, 4500 Denmark",55.922181,11.668122,1809-01-01,,1809,2025,2008,POINT (11.668122 55.92218100000001),2019
235,026,Holbæk Elefant Apote,13,Ahlgade 32,4300,01-01-1753 00:00,,1085,316,1085,"Ahlgade 32, 4300 Denmark",55.71768,11.711049,1753-01-01,,1753,2025,2008,POINT (11.711049 55.71768),2019
236,239,Holbæk Løve Apotek,6,Labæk 4-6,4300,"01Jan1913 0:00:00,000",,1085,316,1085,"Labæk 4-6, 4300 Denmark",55.716936,11.7184847,1913-01-01,,1913,2025,2008,POINT (11.7184847 55.716936),2019
291,116,Jyderup Apotek,6,Sølystvej 1,4450,01-01-1870 00:00,,1085,316,1085,"Sølystvej 1, 4450 Denmark",55.660084,11.395909,1870-01-01,,1870,2025,2008,POINT (11.395909 55.660084),2019
539,239-1,Slotscentret Apotek,7,"Slotsvolden 7, st. 1",4300,"12Jun2019 0:00:00,000",,1085,316,1085,"Slotsvolden 7, st. 1, 4300 Denmark",55.7167,11.7167,2019-06-12,,2019,2025,2019,POINT (11.7167 55.7167),2019
609,119-1,Tølløse Apotek,7,Vestergade 70,4340,"27Mar2017 0:00:00,000",,1085,316,1085,"Vestergade 70, 4340 Denmark",55.6122248,11.7636274,2017-03-27,,2017,2025,2017,POINT (11.7636274 55.6122248),2019
125,206,Fakse Apotek,6,Rønnedevej 15,4640,01-01-1892 00:00,,1085,320,1085,"Rønnedevej 15, 4640 Denmark",55.255616,12.116181,1892-01-01,,1892,2025,2008,POINT (12.116181 55.255616),2019
199,100,Haslev Apotek,6,Jernbanegade 11,4690,01-01-1856 00:00,,1085,320,1085,"Jernbanegade 11, 4690 Denmark",55.328899,11.963527,1856-01-01,,1856,2025,2008,POINT (11.963527 55.328899),2019
296,067-1,Karise Apotek,7,Syrenvænget 20,4653,"01Jul2010 0:00:00,000",,1085,320,1085,"Syrenvænget 20, 4653 Denmark",55.303771,12.199332,2010-07-01,,2010,2025,2010,POINT (12.199332 55.303771),2019
183,254-1,Gørlev Apotek,7,Algade 29,4281,01.01.1991,,1085,326,1085,"Algade 29, 4281 Denmark",55.539444,11.226409,1991-01-01,,1991,2025,2008,POINT (11.226409 55.539444),2019
270,254,Høng Apotek,6,Centervej 35,4270,"01Jan1907 0:00:00,000",,1085,326,1085,"Centervej 35, 4270 Denmark",55.504303,11.288948,1907-01-01,,1907,2025,2008,POINT (11.288948 55.504303),2019
295,023,Kalundborg Svane Apot,6,Elmegade 15,4400,01-01-1753 00:00,,1085,326,1085,"Elmegade 15, 4400 Denmark",55.678817,11.097264,1753-01-01,,1753,2025,2008,POINT (11.097264 55.678817),2019
306,077-1,Klosterparkens Apotek,7,Klosterparks Allé 10,4100,"01Sep2015 0:00:00,000",,1085,329,1085,"Klosterparks Allé 10, 4100 Denmark",55.453512,11.788069,2015-09-01,,2015,2025,2015,POINT (11.788069 55.453512),2019
478,077,Ringsted Apotek,6,Sct. Hansgade 23,4100,01-01-1808 00:00,,1085,329,1085,"Sct. Hansgade 23, 4100 Denmark",55.4426,11.7901,1808-01-01,,1808,2025,2008,POINT (11.7901 55.4426),2019
479,022-2,Ringsted Svane Apotek,7,Nørregade 13,4100,"01Dec2019 0:00:00,000",,1085,329,1085,"Nørregade 13, 4100 Denmark",55.446888,11.788826,2019-12-01,,2019,2025,2019,POINT (11.788826 55.446888),2019
6,022-1,Antvorskov Apotek,7,Idagårdsvej 1,4200,"01Jun2018 0:00:00,000",,1085,330,1085,"Idagårdsvej 1, 4200 Denmark",55.390492,11.355228,2018-06-01,,2018,2025,2018,POINT (11.355228 55.390492),2019
288,169-1,Jernbaneapoteket,7,Sdr. stationsvej 28 K,4200,"01Mar2018 0:00:00,000",,1085,330,1085,"Sdr. stationsvej 28 K, 4200 Denmark",55.9066469,9.2568026,2018-03-01,,2018,2025,2018,POINT (9.2568026 55.90664690000001),2019
318,043,Korsør Apotek,6,Algade 49,4220,01-01-1761 00:00,,1085,330,1085,"Algade 49, 4220 Denmark",55.3278702,11.1399915,1761-01-01,,1761,2025,2008,POINT (11.1399915 55.32787020000001,2019
530,058,Skælskør Apotek,6,Algade 21,4230,01-01-1805 00:00,,1085,330,1085,"Algade 21, 4230 Denmark",55.253746,11.294236,1805-01-01,,1805,2025,2008,POINT (11.294236 55.253746),2019
534,012-2,Slagelse Løve Apotek,7,"Vestsjællandscenteret 10A, Butik",4200,"14Oct2016 0:00:00,000",,1085,330,1085,"Vestsjællandscenteret 10A, Butik 26, 4200 Denm",55.4028,11.3546,2016-10-14,,2016,2025,2016,POINT (11.3546 55.4028),2019
535,169,Slagelse Rådhusapote,6,Smedegade 8,4200,01-01-1897 00:00,,1085,330,1085,"Smedegade 8, 4200 Denmark",55.4058687,11.3606258,1897-01-01,,1897,2025,2008,POINT (11.3606258 55.40586870000001,2019
536,022,Slagelse Svane Apotek,6,"Jernbanegade 7, st. 4",4200,01-01-1753 00:00,,1085,330,1085,"Jernbanegade 7, st. 4, 4200 Denmark",55.4028,11.3546,1753-01-01,,1753,2025,2008,POINT (11.3546 55.4028),2019
556,067,Stevns Apotek,6,Nytorv 5,4660,01-01-1815 00:00,,1085,336,1085,"Nytorv 5, 4660 Denmark",55.309773,12.387836,1815-01-01,,1815,2025,2008,POINT (12.387836 55.309773),2019
568,180-2,Strøby Egede Apotek,7,Kystvejen 3B,4600,"23Oct2019 0:00:00,000",,1085,336,1085,"Kystvejen 3B, 4600 Denmark",55.416622,12.243561,2019-10-23,,2019,2025,2019,POINT (12.243561 55.416622),2019
105,207-1,Dianalund Apotek,7,Torvet 5,4293,01.11.2008,,1085,340,1085,"Torvet 5, 4293 Denmark",55.526943,11.49729,2008-01-11,,2008,2025,2008,POINT (11.49729 55.526943),2019
551,007,Sorø Apotek,6,Storgade 19 A,4180,01-01-1753 00:00,,1085,340,1085,"Storgade 19 A, 4180 Denmark",55.4312798,11.5558778,1753-01-01,,1753,2025,2008,POINT (11.5558778 55.4312798),2019
553,207,Stenlille Apotek,6,Hovedgaden 48,4295,"01Jan1903 0:00:00,000",,1085,340,1085,"Hovedgaden 48, 4295 Denmark",55.540055,11.590952,1903-01-01,,1903,2025,2008,POINT (11.590952 55.540055),2019
259,119,Hvalsø Apotek,6,Roskildevej 4,4330,01-01-1871 00:00,,1085,350,1085,"Roskildevej 4, 4330 Denmark",55.589584,11.863888,1871-01-01,,1871,2025,2008,POINT (11.863888 55.589584),2019
24,013-1,Apoteket Havnegade,7,Havnegade 69,4900,"01Dec2015 0:00:00,000",,1085,360,1085,"Havnegade 69, 4900 Denmark",54.828859,11.137333,2015-12-01,,2015,2025,2015,POINT (11.137333 54.82885899999999),2019
388,018-3,Løve Apotek Maribo,7,Lollands Centret 36,4930,"04Aug2017 0:00:00,000",,1085,360,1085,"Lollands Centret 36, 4930 Denmark",54.773977,11.50583,2017-08-04,,2017,2025,2017,POINT (11.50583 54.773977),2019
400,025,Maribo Apotek,6,Vestergade 1,4930,01-01-1753 00:00,,1085,360,1085,"Vestergade 1, 4930 Denmark",54.774378,11.500548,1753-01-01,,1753,2025,2008,POINT (11.500548 54.77437800000001),2019
401,025-1,Maribo Torvegades Apo,7,Torvegade 9,4930,"01Mar2018 0:00:00,000",,1085,360,1085,"Torvegade 9, 4930 Denmark",54.7736,11.505733,2018-03-01,,2018,2025,2018,POINT (11.505733 54.7736),2019
413,013,Nakskov Løve Apotek,6,Nygade 17-19,4900,01-01-1753 00:00,,1085,360,1085,"Nygade 17-19, 4900 Denmark",54.830791,11.1401569,1753-01-01,,1753,2025,2008,POINT (11.1401569 54.830791),2019
493,081,Rødby Løve Apotek,13,Østergade 51,4970,01-01-1819 00:00,,1085,360,1085,"Østergade 51, 4970 Denmark",54.695624,11.393973,1819-01-01,,1819,2025,2008,POINT (11.393973 54.695624),2019
157,137-1,Fuglebjerg Apotek,7,Byagervej 6 A,4250,"01Aug2007 0:00:00,000",,1085,370,1085,"Byagervej 6 A, 4250 Denmark",55.3016809,11.5476596,2007-08-01,,2007,2025,2008,POINT (11.5476596 55.3016809),2019
168,137,Glumsø Apotek,13,Østergade 8,4171,01-01-1883 00:00,,1085,370,1085,"Østergade 8, 4171 Denmark",55.352931,11.692252,1883-01-01,,1883,2025,2008,POINT (11.692252 55.35293100000001),2019
437,012,Næstved Løve Apotek,6,"Apotekergaarden, Axeltorv 12",4700,01-01-1753 00:00,,1085,370,1085,"Apotekergaarden, Axeltorv 12, 4700 Denmark",55.2299,11.7609,1753-01-01,,1753,2025,2008,POINT (11.7609 55.2299),2019
438,188-1,Næstved Sct. Jørgen,7,Sct. Jørgens Park 34,4700,01.01.1991,,1085,370,1085,"Sct. Jørgens Park 34, 4700 Denmark",55.2158,11.757241,1991-01-01,,1991,2025,2008,POINT (11.757241 55.2158),2019
439,012-1,Næstved Storcenter A,7,Næstved Storcenter nr. 3 butik 4,4700,"01Nov2015 0:00:00,000",,1085,370,1085,"Næstved Storcenter nr. 3 butik 45, 4700 Denmar",55.2299,11.7609,2015-11-01,,2015,2025,2015,POINT (11.7609 55.2299),2019
441,188,Næstved Svane Apotek,6,Torvestræde 8,4700,"01Jan1900 0:00:00,000",,1085,370,1085,"Torvestræde 8, 4700 Denmark",55.230064,11.760045,1900-01-01,,1900,2025,2008,POINT (11.760045 55.230064),2019
389,018,Løve Apotek Nykøbin,6,Langgade 5,4800,01-01-1753 00:00,,1085,376,1085,"Langgade 5, 4800 Denmark",54.76734,11.867126,1753-01-01,,1753,2025,2008,POINT (11.867126 54.76734),2019
390,018-1,Løve Apotek Nysted,7,Adelgade 13,4880,"01Jul2013 0:00:00,000",,1085,376,1085,"Adelgade 13, 4880 Denmark",54.668997,11.728762,2013-07-01,,2013,2025,2013,POINT (11.728762 54.668997),2019
391,018-2,Løve Apotek Østerbr,7,Vendsysselvej 5 B,4800,"16Nov2015 0:00:00,000",,1085,376,1085,"Vendsysselvej 5 B, 4800 Denmark",54.7544899,11.8895495,2015-11-16,,2015,2025,2015,POINT (11.8895495 54.7544899),2019
430,136,Nykøbing F. Svane Ap,6,Slotsbryggen 1-3,4800,01-01-1882 00:00,,1085,376,1085,"Slotsbryggen 1-3, 4800 Denmark",54.7717368,11.8639389,1882-01-01,,1882,2025,2008,POINT (11.8639389 54.7717368),2019
442,195,Nørre Alslev Apotek,6,Apotekergade 1,4840,"01Jan1902 0:00:00,000",,1085,376,1085,"Apotekergade 1, 4840 Denmark",54.898671,11.879174,1902-01-01,,1902,2025,2008,POINT (11.879174 54.89867099999999),2019
505,013-2,Sakskøbing Løve Apo,7,Søndergade 11,4990,"15Sep2017 0:00:00,000",,1085,376,1085,"Søndergade 11, 4990 Denmark",54.798709,11.6368,2017-09-15,,2017,2025,2017,POINT (11.6368 54.798709),2019
571,195-1,Stubbekøbing Apotek,7,Torvet 2,4850,"01Jan2006 0:00:00,000",,1085,376,1085,"Torvet 2, 4850 Denmark",54.890308,12.043139,2006-01-01,,2006,2025,2008,POINT (12.043139 54.890308),2019
370,032-1,Lundby Apotek,7,Lundby Hovedgade 90,4750,01.10.2016,,1085,390,1085,"Lundby Hovedgade 90, 4750 Denmark",55.109002,11.876402,2016-01-10,,2016,2025,2016,POINT (11.876402 55.109002),2019
467,086,Præstø Apotek,6,Svend Gønges Torv 12,4720,01-01-1816 00:00,,1085,390,1085,"Svend Gønges Torv 12, 4720 Denmark",55.121942,12.040149,1816-01-01,,1816,2025,2008,POINT (12.040149 55.121942),2019
552,028,Stege Apotek,6,Storegade 6,4780,01-01-1753 00:00,,1085,390,1085,"Storegade 6, 4780 Denmark",54.983005,12.283544,1753-01-01,,1753,2025,2008,POINT (12.283544 54.98300500000001),2019
629,195-2,Valdemarsgade Apotek,7,Valdemarsgade 69,4760,"15Feb2016 0:00:00,000",,1085,390,1085,"Valdemarsgade 69, 4760 Denmark",55.010835,11.912671,2016-02-15,,2016,2025,2016,POINT (11.912671 55.010835),2019
673,032,Vordingborg Apotek,13,Voldgade 20,4760,01-01-1753 00:00,,1085,390,1085,"Voldgade 20, 4760 Denmark",55.00956,11.909083,1753-01-01,,1753,2025,2008,POINT (11.909083 55.00956),2019
3,082-1,Allinge Apotek,7,Kirkegade 13,3770,"01May2016 0:00:00,000",,1084,400,1084,"Kirkegade 13, 3770 Denmark",55.277123,14.802304,2016-05-01,,2016,2025,2016,POINT (14.802304 55.277123),2019
416,082,Nexø Apotek,6,Strandgade 7,3730,01-01-1830 00:00,,1084,400,1084,"Strandgade 7, 3730 Denmark",55.063241,15.133632,1830-01-01,,1830,2025,2008,POINT (15.133632 55.063241),2019
502,042,Rønne Apotek,6,Store Torvegade 12,3700,01-01-1760 00:00,,1084,400,1084,"Store Torvegade 12, 3700 Denmark",55.103619,14.6995,1760-01-01,,1760,2025,2008,POINT (14.6995 55.10361899999999),2019
116,189,Ejby Apotek,6,Algade 4,5592,"01Jan1901 0:00:00,000",,1083,410,1083,"Algade 4, 5592 Denmark",55.429067,9.928937,1901-01-01,,1901,2025,2008,POINT (9.928936999999999 55.429067),2019
405,047,Middelfart Apotek,6,Jernbanegade 2C,5500,01-01-1799 00:00,,1083,410,1083,"Jernbanegade 2C, 5500 Denmark",55.50412,9.734367,1799-01-01,,1799,2025,2008,POINT (9.734367000000001 55.5041199,2019
406,015-3,Middelfart Løve Apot,7,Kløvervej 10-14,5500,"31Aug2018 0:00:00,000",,1083,410,1083,"Kløvervej 10-14, 5500 Denmark",55.4961824,9.7569479,2018-08-31,,2018,2025,2018,POINT (9.7569479 55.4961824),2019
425,189-3,Nr. Aaby Apotek,7,Grønnegade 12,5580,"23Oct2017 0:00:00,000",,1083,410,1083,"Grønnegade 12, 5580 Denmark",55.461115,9.877491,2017-10-23,,2017,2025,2017,POINT (9.877491000000001 55.461115),2019
563,047-1,Strib Apotek,7,Sofiendalvej 10,5500,"04Jan2016 0:00:00,000",,1083,410,1083,"Sofiendalvej 10, 5500 Denmark",55.532393,9.776315,2016-01-04,,2016,2025,2016,POINT (9.776314999999999 55.5323930,2019
48,024,Assens Apotek,6,Østergade 35,5610,01-01-1753 00:00,,1083,420,1083,"Østergade 35, 5610 Denmark",55.270081,9.897483,1753-01-01,,1753,2025,2008,POINT (9.897482999999999 55.270081),2019
163,024-2,Glamsbjerg Apotek,7,Søndergade 70,5620,"01May2017 0:00:00,000",,1083,420,1083,"Søndergade 70, 5620 Denmark",55.273574,10.107259,2017-05-01,,2017,2025,2017,POINT (10.107259 55.273574),2019
276,024-1,Haarby Apotek,7,Algade 33,5683,01.05.1994,,1083,420,1083,"Algade 33, 5683 Denmark",55.22332,10.124086,1994-01-05,,1994,2025,2008,POINT (10.124086 55.22331999999999),2019
602,123-1,Tommerup Apotek filia,7,Tallerupvej 15,5690,"01Jul2015 0:00:00,000",,1083,420,1083,"Tallerupvej 15, 5690 Denmark",55.348254,10.180457,2015-07-01,,2015,2025,2015,POINT (10.180457 55.348254),2019
667,189-2,Vissenbjerg Apotek,7,Østergade 11,5492,"18Sep2017 0:00:00,000",,1083,420,1083,"Østergade 11, 5492 Denmark",55.385161,10.13666,2017-09-18,,2017,2025,2017,POINT (10.13666 55.385161),2019
729,189-1,Aarup Apotek,7,Bredgade 60,5560,"01Jan2009 0:00:00,000",,1083,420,1083,"Bredgade 60, 5560 Denmark",55.37892,10.0475,2009-01-01,,2009,2025,2009,POINT (10.0475 55.37891999999999),2019
158,034,Faaborg Løve Apotek,6,Herregårdscentret 6,5600,01-01-1753 00:00,,1083,430,1083,"Herregårdscentret 6, 5600 Denmark",55.100625,10.240043,1753-01-01,,1753,2025,2008,POINT (10.240043 55.100625),2019
476,091,Ringe Apotek,13,Torvet 5,5750,01-01-1842 00:00,,1083,430,1083,"Torvet 5, 5750 Denmark",55.237205,10.47977,1842-01-01,,1842,2025,2008,POINT (10.47977 55.237205),2019
302,052,Kerteminde Apotek,6,Langegade 37,5300,01-01-1796 00:00,,1083,440,1083,"Langegade 37, 5300 Denmark",55.45269,10.6593833,1796-01-01,,1796,2025,2008,POINT (10.6593833 55.45269),2019
360,152,Langeskov Apotek,6,Langeskov Centret 27,5550,01-01-1891 00:00,,1083,440,1083,"Langeskov Centret 27, 5550 Denmark",55.360559,10.587606,1891-01-01,,1891,2025,2008,POINT (10.587606 55.36055899999999),2019
108,316-1,Dronningensvej Apotek,7,"Dronningensvej 5, st. tv.",5800,"06Jun2016 0:00:00,000",,1083,450,1083,"Dronningensvej 5, st. tv., 5800 Denmark",55.3127,10.7896,2016-06-06,,2016,2025,2016,POINT (10.7896 55.3127),2019
427,316,Nyborg Apotek,6,Kongegade 8,5800,"01Jan1924 0:00:00,000",,1083,450,1083,"Kongegade 8, 5800 Denmark",55.311506,10.790021,1924-01-01,,1924,2025,2008,POINT (10.790021 55.31150600000001),2019
648,052-1,Vestergade Apotek,7,Vestergade 28,5800,"05Sep2016 0:00:00,000",,1083,450,1083,"Vestergade 28, 5800 Denmark",55.316777,10.790248,2016-09-05,,2016,2025,2016,POINT (10.790248 55.316777),2019
685,152-1,Ørbæk Apotek,7,Nyborgvej 2,5853,04.04.2011,,1083,450,1083,"Nyborgvej 2, 5853 Denmark",55.258529,10.673193,2011-04-04,,2011,2025,2011,POINT (10.673193 55.258529),2019
17,123-2,Apoteket Dalumcentret,7,Dalumvej 46,5250,"21Sep2017 0:00:00,000",,1083,461,1083,"Dalumvej 46, 5250 Denmark",55.370692,10.372561,2017-09-21,,2017,2025,2017,POINT (10.372561 55.37069200000001),2019
32,152-3,Apoteket Odense Baneg,7,"Østre Stationsvej 27, 2.sal",5000,"14Jan2019 0:00:00,000",,1083,461,1083,"Østre Stationsvej 27, 2.sal, 5000 Denmark",55.3959,10.3883,2019-01-14,,2019,2025,2019,POINT (10.3883 55.3959),2019
36,282-1,Apoteket Vesterbro Od,7,Vesterbro 39,5000,"21Sep2018 0:00:00,000",,1083,461,1083,"Vesterbro 39, 5000 Denmark",55.39451,10.375813,2018-09-21,,2018,2025,2018,POINT (10.375813 55.39451),2019
138,177-2,Folkebo Apotek,7,Hjallesevej 201B,5230,"27Nov2017 0:00:00,000",,1083,461,1083,"Hjallesevej 201B, 5230 Denmark",55.380742,10.3959819,2017-11-27,,2017,2025,2017,POINT (10.3959819 55.38074200000001,2019
319,357-2,Korup Apoteksfilial,7,Åbakkevej 67 D,5210,"01Oct2015 0:00:00,000",,1083,461,1083,"Åbakkevej 67 D, 5210 Denmark",55.419688,10.2741353,2015-10-01,,2015,2025,2015,POINT (10.2741353 55.419688),2019
419,152-2,Niels Bohrs Allé Apo,7,Niels Bohrs Allé 150,5230,"29Oct2016 0:00:00,000",,1083,461,1083,"Niels Bohrs Allé 150, 5230 Denmark",55.377048,10.432013,2016-10-29,,2016,2025,2016,POINT (10.432013 55.37704799999999),2019
434,177-1,Næsby Apotek,7,Bogensevej 49,5270,"01Oct2016 0:00:00,000",,1083,461,1083,"Bogensevej 49, 5270 Denmark",55.418505,10.359541,2016-10-01,,2016,2025,2016,POINT (10.359541 55.418505),2019
448,177,Odense Albani Apotek,6,Albanigade 54 F,5000,01-01-1899 00:00,,1083,461,1083,"Albanigade 54 F, 5000 Denmark",55.3923896,10.3971025,1899-01-01,,1899,2025,2008,POINT (10.3971025 55.39238960000001,2019
449,282,Odense Apoteket Ørne,6,Vestergade 80,5000,"01Jan1919 0:00:00,000",,1083,461,1083,"Vestergade 80, 5000 Denmark",55.394452,10.382394,1919-01-01,,1919,2025,2008,POINT (10.382394 55.394452),2019
450,123,Odense Bellinge Apote,6,Elmegårdsvej 2,5250,01-01-1871 00:00,,1083,461,1083,"Elmegårdsvej 2, 5250 Denmark",55.336904,10.315616,1871-01-01,,1871,2025,2008,POINT (10.315616 55.336904),2019
451,357,Odense Bolbro Apotek,13,Middelfartvej 129,5200,"01Jan1960 0:00:00,000",,1083,461,1083,"Middelfartvej 129, 5200 Denmark",55.394098,10.347762,1960-01-01,,1960,2025,2008,POINT (10.347762 55.394098),2019
452,345,Odense Dalum Apotek,6,Dalumvej 34,5250,"01Jan1938 0:00:00,000",,1083,461,1083,"Dalumvej 34, 5250 Denmark",55.372132,10.370652,1938-01-01,,1938,2025,2008,POINT (10.370652 55.37213199999999),2019
453,151-1,Odense Rosengården A,7,Ørbækvej 75,5220,01.01.1996,,1083,461,1083,"Ørbækvej 75, 5220 Denmark",55.382488,10.428085,1996-01-01,,1996,2025,2008,POINT (10.428085 55.382488),2019
454,198,Odense Sct. Hans Apot,6,Skibhusvej 66,5000,"01Jan1902 0:00:00,000",,1083,461,1083,"Skibhusvej 66, 5000 Denmark",55.406309,10.392826,1902-01-01,,1902,2025,2008,POINT (10.392826 55.406309),2019
455,151,Odense Sct. Knuds Apo,6,Kongensgade 51,5000,01-01-1889 00:00,,1083,461,1083,"Kongensgade 51, 5000 Denmark",55.397363,10.380987,1889-01-01,,1889,2025,2008,POINT (10.380987 55.397363),2019
456,198-1,Odense Vollsmose Apot,7,"Vollsmose Allé 10, Center Øst",5240,01.01.1992,,1083,461,1083,"Vollsmose Allé 10, Center Øst, 5240 Denmark",55.3902,10.5201,1992-01-01,,1992,2025,2008,POINT (10.5201 55.3902),2019
591,357-1,Tarup Apotek,7,Rugvang 36-40,5210,01.09.2016,,1083,461,1083,"Rugvang 36-40, 5210 Denmark",55.4104024,10.3411862,2016-01-09,,2016,2025,2016,POINT (10.3411862 55.4104024),2019
219,035-1,Hesselager Apotek,7,Langgade 5,5874,"01Jun2012 0:00:00,000",,1083,479,1083,"Langgade 5, 5874 Denmark",55.170855,10.734611,2012-06-01,,2012,2025,2012,POINT (10.734611 55.170855),2019
394,035-2,Løve Apoteket Svendb,7,Møllergade 92,5700,"01Dec2017 0:00:00,000",,1083,479,1083,"Møllergade 92, 5700 Denmark",55.063874,10.613521,2017-12-01,,2017,2025,2017,POINT (10.613521 55.063874),2019
510,161-2,Sct. Nicolai Apotek V,7,Kvickly Storcenter Vestergade 167,5700,"01Sep2016 0:00:00,000",,1083,479,1083,"Kvickly Storcenter Vestergade 167, 5700 Denmark",55.0598,10.6068,2016-09-01,,2016,2025,2016,POINT (10.6068 55.0598),2019
575,035,Svendborg Løve Apote,6,Vestergade 16,5700,01-01-1753 00:00,,1083,479,1083,"Vestergade 16, 5700 Denmark",55.059434,10.604763,1753-01-01,,1753,2025,2008,POINT (10.604763 55.059434),2019
576,161,Svendborg Sct. Nicola,6,Gerritsgade 7,5700,01-01-1896 00:00,,1083,479,1083,"Gerritsgade 7, 5700 Denmark",55.058854,10.608782,1896-01-01,,1896,2025,2008,POINT (10.608782 55.058854),2019
74,316-2,Bogense Apotek,7,Vestergade 9,5400,"01Nov2017 0:00:00,000",,1083,480,1083,"Vestergade 9, 5400 Denmark",55.564572,10.088154,2017-11-01,,2017,2025,2017,POINT (10.088154 55.564572),2019
460,121,Otterup Apotek,6,Nørregade 2,5450,01-01-1871 00:00,,1083,480,1083,"Nørregade 2, 5450 Denmark",55.515298,10.39833,1871-01-01,,1871,2025,2008,POINT (10.39833 55.515298),2019
586,121-1,Søndersø Apotek,7,Toftekær 2,5471,"01Jun2015 0:00:00,000",,1083,480,1083,"Toftekær 2, 5471 Denmark",55.481928,10.252629,2015-06-01,,2015,2025,2015,POINT (10.252629 55.481928),2019
252,027-1,Humble Apotek,7,Hovedgaden 2,5932,01.09.2016,,1083,482,1083,"Hovedgaden 2, 5932 Denmark",54.826367,10.69893,2016-01-09,,2016,2025,2016,POINT (10.69893 54.826367),2019
485,027,Rudkøbing Apotek,6,Engdraget 1,5900,01-01-1753 00:00,,1083,482,1083,"Engdraget 1, 5900 Denmark",54.934778,10.715505,1753-01-01,,1753,2025,2008,POINT (10.715505 54.934778),2019
403,315,Marstal Apotek,6,Kirkestræde 23,5960,"01Jan1902 0:00:00,000",,1083,492,1083,"Kirkestræde 23, 5960 Denmark",54.853986,10.518279,1902-01-01,,1902,2025,2008,POINT (10.518279 54.853986),2019
170,286-1,Gram Apotek,7,Torvet 4,6510,25.02.2015,,1083,510,1083,"Torvet 4, 6510 Denmark",55.288534,9.048805,2015-02-25,,2015,2025,2015,POINT (9.048805 55.288534),2019
184,291,Haderslev Hjorte Apot,6,Bispebroen 2 A,6100,01-01-1753 00:00,,1083,510,1083,"Bispebroen 2 A, 6100 Denmark",55.25049,9.4842702,1753-01-01,,1753,2025,2008,POINT (9.484270199999999 55.25049),2019
185,047-2,Haderslev Krone Apote,7,Bredgade 12,6100,"29Aug2019 0:00:00,000",,1083,510,1083,"Bredgade 12, 6100 Denmark",55.254849,9.48258,2019-08-29,,2019,2025,2019,POINT (9.48258 55.254849),2019
186,292,Haderslev Løve Apote,13,Jomfrustien 40,6100,01-01-1802 00:00,,1083,510,1083,"Jomfrustien 40, 6100 Denmark",55.250568,9.496685,1802-01-01,,1802,2025,2008,POINT (9.496685000000001 55.2505680,2019
672,311,Vojens Apotek,6,Rådhuscentret 11A,6500,"01Jan1922 0:00:00,000",,1083,510,1083,"Rådhuscentret 11A, 6500 Denmark",55.246032,9.291409,1922-01-01,,1922,2025,2008,POINT (9.291409 55.24603199999999),2019
68,088-1,Billund Apotek,7,Butikstorvet 3,7190,"01Jul2015 0:00:00,000",,1083,530,1083,"Butikstorvet 3, 7190 Denmark",56.718277,10.1150323,2015-07-01,,2015,2025,2015,POINT (10.1150323 56.718277),2019
175,088,Grindsted Apotek,6,Borgergade 29,7200,01-01-1842 00:00,,1083,530,1083,"Borgergade 29, 7200 Denmark",55.756261,8.931128,1842-01-01,,1842,2025,2008,POINT (8.931127999999999 55.756261),2019
176,088-2,Grindsted Lyng Apotek,7,Vestergade 34,7200,"01Nov2019 0:00:00,000",,1083,530,1083,"Vestergade 34, 7200 Denmark",55.759238,8.922282,2019-11-01,,2019,2025,2019,POINT (8.922282000000001 55.759238),2019
16,285-2,Apoteket Borgen,7,"Kastanie Allé 3, st., dør 30",6400,"29Sep2016 0:00:00,000",,1083,540,1083,"Kastanie Allé 3, st., dør 30, 6400 Denmark",54.9093,9.8074,2016-09-29,,2016,2025,2016,POINT (9.807399999999999 54.9093),2019
51,285-1,Augustenborg Apotek,7,Storegade 41,6440,"01Dec2015 0:00:00,000",,1083,540,1083,"Storegade 41, 6440 Denmark",54.946037,9.871386,2015-12-01,,2015,2025,2015,POINT (9.871385999999999 54.946037),2019
84,289-1,Broager Apotek,7,Storegade 6 A,6310,01.01.1992,,1083,540,1083,"Storegade 6 A, 6310 Denmark",54.8884033,9.6739573,1992-01-01,,1992,2025,2008,POINT (9.6739573 54.88840329999999),2019
178,289,Gråsten Apotek,6,Sundsnæs 13,6300,01-01-1828 00:00,,1083,540,1083,"Sundsnæs 13, 6300 Denmark",54.910857,9.588866,1828-01-01,,1828,2025,2008,POINT (9.588866000000001 54.9108569,2019
287,285-3,Jernbane apoteket Per,7,Perlegade 81,6400,"15Jul2019 0:00:00,000",,1083,540,1083,"Perlegade 81, 6400 Denmark",54.913531,9.793924,2019-07-15,,2019,2025,2019,POINT (9.793924000000001 54.9135310,2019
423,298-1,Nordborg Apotek,7,Storegade 28,6430,"01Feb2014 0:00:00,000",,1083,540,1083,"Storegade 28, 6430 Denmark",55.057527,9.745282,2014-02-01,,2014,2025,2014,POINT (9.745282000000001 55.057527),2019
583,285,Sønderborg Jernbane,6,Jernbanegade 10,6400,01-01-1799 00:00,,1083,540,1083,"Jernbanegade 10, 6400 Denmark",54.910436,9.793249,1799-01-01,,1799,2025,2008,POINT (9.793249000000001 54.910436),2019
584,298,Sønderborg Løve Apo,6,Grundtvigs Allé 179,6400,01-01-1753 00:00,,1083,540,1083,"Grundtvigs Allé 179, 6400 Denmark",54.921095,9.808285,1753-01-01,,1753,2025,2008,POINT (9.808285 54.92109499999999),2019
585,298-2,Sønderborg Løve Apo,7,Perlegade 28,6400,"06Oct2016 0:00:00,000",,1083,540,1083,"Perlegade 28, 6400 Denmark",54.910969,9.791321,2016-10-06,,2016,2025,2016,POINT (9.791321 54.91096899999999),2019
385,302-1,Løgumkloster Apotek,7,Østergade 5B,6240,"01Jul2010 0:00:00,000",,1083,550,1083,"Østergade 5B, 6240 Denmark",55.05874,8.9538,2010-07-01,,2010,2025,2010,POINT (8.953799999999999 55.05874),2019
402,302-3,Marsk Apoteket,7,Plantagevej 38,6270,"03Oct2016 0:00:00,000",,1083,550,1083,"Plantagevej 38, 6270 Denmark",54.939099,8.855148,2016-10-03,,2016,2025,2016,POINT (8.855148 54.939099),2019
532,295-1,Skærbæk Apotek,7,Storegade 40,6780,"01Jun2001 0:00:00,000",,1083,550,1083,"Storegade 40, 6780 Denmark",55.15857,8.762733,2001-06-01,,2001,2025,2008,POINT (8.762733000000001 55.15857),2019
601,295,Toftlund Apotek,6,Søndergade 2,6520,01-12-1876 00:00,,1083,550,1083,"Søndergade 2, 6520 Denmark",55.192502,9.063822,1876-01-12,,1876,2025,2008,POINT (9.063822 55.192502),2019
611,302,Tønder Løve Apotek,6,Storegade 28,6270,01-01-1753 00:00,,1083,550,1083,"Storegade 28, 6270 Denmark",54.935097,8.869037,1753-01-01,,1753,2025,2008,POINT (8.869036999999999 54.935097),2019
77,253,Bramminge Apotek,6,"Storegade 2, st.",6740,"01Jan1907 0:00:00,000",,1083,561,1083,"Storegade 2, st., 6740 Denmark",55.464728,8.702538,1907-01-01,,1907,2025,2008,POINT (8.702538000000001 55.464728),2019
119,363-3,Esbjerg City Nord Apo,7,Stormgade 157,6715,"01Oct2016 0:00:00,000",,1083,561,1083,"Stormgade 157, 6715 Denmark",55.511099,8.456387,2016-10-01,,2016,2025,2016,POINT (8.456386999999999 55.511099),2019
120,363,Esbjerg Jerne Apotek,6,Strandby Kirkevej 80,6705,"01Jan1967 0:00:00,000",,1083,561,1083,"Strandby Kirkevej 80, 6705 Denmark",55.478814,8.480168,1967-01-01,,1967,2025,2008,POINT (8.480167999999999 55.478814),2019
121,158,Esbjerg Krone Apotek,6,Kongensgade 36,6700,"01Jan1929 0:00:00,000",,1083,561,1083,"Kongensgade 36, 6700 Denmark",55.465863,8.452508,1929-01-01,,1929,2025,2008,POINT (8.452508 55.465863),2019
122,158-1,Esbjerg Krone Apotek,7,"Exnersgade 18, st. 15",6700,"10Apr2017 0:00:00,000",,1083,561,1083,"Exnersgade 18, st. 15, 6700 Denmark",55.4667,8.45,2017-04-10,,2017,2025,2017,POINT (8.449999999999999 55.4667),2019
123,233,Esbjerg Neptun Apotek,6,Stormgade 2,6700,"01Jan1910 0:00:00,000",,1083,561,1083,"Stormgade 2, 6700 Denmark",55.466783,8.442996,1910-01-01,,1910,2025,2008,POINT (8.442996000000001 55.4667829,2019
229,363-2,Hjerting Apotek,7,Havbakken 2,6710,"01Dec2015 0:00:00,000",,1083,561,1083,"Havbakken 2, 6710 Denmark",55.516755,8.372004,2015-12-01,,2015,2025,2015,POINT (8.372003999999999 55.516755),2019
414,008-1,Neptun Apotek Ribe,7,Seminarievej 1,6760,"24Nov2016 0:00:00,000",,1083,561,1083,"Seminarievej 1, 6760 Denmark",55.331363,8.768608,2016-11-24,,2016,2025,2016,POINT (8.768608 55.331363),2019
415,233-1,Neptun Apotek Sæddin,7,Sædding Center,6710,21.03.2014,,1083,561,1083,"Sædding Center, 6710 Denmark",55.4996774,8.4007349,2014-03-21,,2014,2025,2014,POINT (8.4007349 55.4996774),2019
475,008,Ribe Apotek,13,J. Lauritzens Plads 14-16,6760,01-01-1753 00:00,,1083,561,1083,"J. Lauritzens Plads 14-16, 6760 Denmark",55.3311167,8.7683738,1753-01-01,,1753,2025,2008,POINT (8.768373800000001 55.3311167,2019
127,363-1,Fanø Apotek,7,Hovedgaden 64,6720,01.03.2008,,1083,563,1083,"Hovedgaden 64, 6720 Denmark",55.444787,8.403412,2008-01-03,,2008,2025,2008,POINT (8.403411999999999 55.444787),2019
444,124,Nørre-Nebel Apotek,13,Bredgade 12,6830,"01Mar2003 0:00:00,000",,1083,573,1083,"Bredgade 12, 6830 Denmark",55.779635,8.286604,2003-03-01,,2003,2025,2008,POINT (8.286603999999999 55.779635),2019
457,124-1,Oksbøl Apotek,7,Vestergade 14,6840,"22May2017 0:00:00,000",,1083,573,1083,"Vestergade 14, 6840 Denmark",55.625357,8.27817,2017-05-22,,2017,2025,2017,POINT (8.278169999999999 55.6253569,2019
636,051,Varde Apotek,6,Vestergade 3,6800,01-01-1800 00:00,,1083,573,1083,"Vestergade 3, 6800 Denmark",55.620822,8.47965,1800-01-01,,1800,2025,2008,POINT (8.479649999999999 55.620822),2019
637,051-1,Varde Østervold Apot,7,Østervold 5,6800,"20Feb2017 0:00:00,000",,1083,573,1083,"Østervold 5, 6800 Denmark",55.62373,8.482689,2017-02-20,,2017,2025,2017,POINT (8.482689000000001 55.62373),2019
681,098-1,Ølgod Apotek,7,Torvet 4,6870,"01Oct2010 0:00:00,000",,1083,573,1083,"Torvet 4, 6870 Denmark",55.807494,8.619919,2010-10-01,,2010,2025,2010,POINT (8.619918999999999 55.8074939,2019
95,253-1,Brørup Apotek,7,Søndergade 17,6650,01.01.1992,,1083,575,1083,"Søndergade 17, 6650 Denmark",55.481467,9.018186,1992-01-01,,1992,2025,2008,POINT (9.018186 55.481467),2019
239,253-2,Holsted Apotek,7,Søndergade 16,6670,"01Jun2005 0:00:00,000",,1083,575,1083,"Søndergade 16, 6670 Denmark",55.509966,8.916999,2005-06-01,,2005,2025,2008,POINT (8.916999000000001 55.5099660,2019
494,286,Rødding Apotek,6,Kongevej 2,6630,01-01-1839 00:00,,1083,575,1083,"Kongevej 2, 6630 Denmark",55.369002,9.059565,1839-01-01,,1839,2025,2008,POINT (9.059564999999999 55.369002),2019
638,200,Vejen Apotek,6,Mindevej 1,6600,"01Jan1906 0:00:00,000",,1083,575,1083,"Mindevej 1, 6600 Denmark",55.474884,9.138007,1906-01-01,,1906,2025,2008,POINT (9.138007 55.474884),2019
639,200-1,Vejen Trolde Apotek,7,Rådhuspassagen 1,6600,"17Aug2017 0:00:00,000",,1083,575,1083,"Rådhuspassagen 1, 6600 Denmark",55.476882,9.137087,2017-08-17,,2017,2025,2017,POINT (9.137086999999999 55.476882),2019
462,301-1,Padborg Apotek,7,Bovvej 9,6330,01.01.1992,,1083,580,1083,"Bovvej 9, 6330 Denmark",54.82629,9.362908,1992-01-01,,1992,2025,2008,POINT (9.362908000000001 54.82629),2019
495,287-1,Rødekro Apotek,7,Østergade 6,6230,"05Oct2015 0:00:00,000",,1083,580,1083,"Østergade 6, 6230 Denmark",55.06998,9.336114,2015-10-05,,2015,2025,2015,POINT (9.336114 55.06998000000001),2019
600,301,Tinglev Apotek,6,Jernbanegade 1,6360,01-01-1897 00:00,,1083,580,1083,"Jernbanegade 1, 6360 Denmark",54.936593,9.257234,1897-01-01,,1897,2025,2008,POINT (9.257234 54.936593),2019
692,288,Aabenraa Løve Apotek,6,Madevej 9,6200,01-01-1753 00:00,,1083,580,1083,"Madevej 9, 6200 Denmark",55.043839,9.42051,1753-01-01,,1753,2025,2008,POINT (9.42051 55.043839),2019
693,287,Aabenraa Svane Apotek,6,Opnørplads 1-3,6200,01-01-1851 00:00,,1083,580,1083,"Opnørplads 1-3, 6200 Denmark",55.0433499,9.4227116,1851-01-01,,1851,2025,2008,POINT (9.4227116 55.0433499),2019
27,223-2,Apoteket i Fredericia,7,Dronningensgade 97 A st,7000,"01Nov2018 0:00:00,000",,1083,607,1083,"Dronningensgade 97 A st, 7000 Denmark",55.5611824,9.76562,2018-11-01,,2018,2025,2018,POINT (9.76562 55.5611824),2019
141,223,Fredericia Krone Apot,13,Prinsessegade 45-49,7000,"01Jan1907 0:00:00,000",,1083,607,1083,"Prinsessegade 45-49, 7000 Denmark",55.5686138,9.7577204,1907-01-01,,1907,2025,2008,POINT (9.7577204 55.56861379999999),2019
142,015-2,Fredericia Løve Apot,7,Venusvej 10 B,7000,"01Jul2015 0:00:00,000",,1083,607,1083,"Venusvej 10 B, 7000 Denmark",55.5672145,9.7242483,2015-07-01,,2015,2025,2015,POINT (9.724248300000001 55.5672145,2019
392,015-1,Løve Apoteket Centru,7,Jyllandsgade 23,7000,01-01-1753 00:00,,1083,607,1083,"Jyllandsgade 23, 7000 Denmark",55.565725,9.75506,1753-01-01,,1753,2025,2008,POINT (9.75506 55.565725),2019
393,015,Løve Apoteket Lilleb,6,Strevelinsvej 11,7000,"01Feb2016 0:00:00,000",,1083,607,1083,"Strevelinsvej 11, 7000 Denmark",55.535377,9.717685,2016-02-01,,2016,2025,2016,POINT (9.717685000000001 55.535377),2019
647,223-1,Vesterbrogades Apotek,7,Vesterbrogade 20,7000,"22Aug2016 0:00:00,000",,1083,607,1083,"Vesterbrogade 20, 7000 Denmark",55.569168,9.747069,2016-08-22,,2016,2025,2016,POINT (9.747069 55.569168),2019
62,019-1,Bankager Apotek,7,Bankagervej 111,8700,"01Jul2015 0:00:00,000",,1082,615,1082,"Bankagervej 111, 8700 Denmark",55.836272,9.832942,2015-07-01,,2015,2025,2015,POINT (9.832941999999999 55.8362719,2019
247,166,Horsens Løve Apotek,6,Nørretorv 2,8700,01-01-1897 00:00,,1082,615,1082,"Nørretorv 2, 8700 Denmark",55.868006,9.845432,1897-01-01,,1897,2025,2008,POINT (9.845432000000001 55.8680060,2019
248,118,Horsens Svane Apotek,6,Grønlandsvej 1 D,8700,01-01-1870 00:00,,1082,615,1082,"Grønlandsvej 1 D, 8700 Denmark",55.8555396,9.8694629,1870-01-01,,1870,2025,2008,POINT (9.8694629 55.85553960000001),2019
249,019,Horsens Søndergades,6,Søndergade 12,8700,01-01-1753 00:00,,1082,615,1082,"Søndergade 12, 8700 Denmark",55.861753,9.846627,1753-01-01,,1753,2025,2008,POINT (9.846627 55.861753),2019
307,101,Kløver Apoteket Bræ,6,Søndergade 32,8740,01-01-1856 00:00,,1082,615,1082,"Søndergade 32, 8740 Denmark",55.969331,9.611604,1856-01-01,,1856,2025,2008,POINT (9.611604 55.969331),2019
308,101-1,Kløver Apoteket Øst,7,H.C. Andersensvej 2A,8752,15.09.2018,,1082,615,1082,"H.C. Andersensvej 2A, 8752 Denmark",55.9926847,12.0324152,2018-09-15,,2018,2025,2018,POINT (12.0324152 55.99268470000001,2019
101,291-1,Christiansfeld Apotek,7,Lindegade 35 C,6070,01.06.2008,,1083,621,1083,"Lindegade 35 C, 6070 Denmark",55.3555418,9.4845718,2008-01-06,,2008,2025,2008,POINT (9.484571800000001 55.3555418,2019
310,005,Kolding Løve Apotek,6,"Sundhedshuset, Jernbanegade 26",6000,01-01-1753 00:00,,1083,621,1083,"Sundhedshuset, Jernbanegade 26, 6000 Denmark",55.4904,9.4722,1753-01-01,,1753,2025,2008,POINT (9.472200000000001 55.4904),2019
311,005-1,Kolding Løve Apotek,7,"Kolding Storcenter, Skovvangen 42",6000,"01Jul2015 0:00:00,000",,1083,621,1083,"Kolding Storcenter, Skovvangen 42, 6000 Denmark",55.4904,9.4722,2015-07-01,,2015,2025,2015,POINT (9.472200000000001 55.4904),2019
371,286-3,Lunderskov Apotek,7,Iver Dahlsvej 4,6640,"26Nov2018 0:00:00,000",,1083,621,1083,"Iver Dahlsvej 4, 6640 Denmark",55.480185,9.29867,2018-11-26,,2018,2025,2018,POINT (9.29867 55.480185),2019
395,005-2,Løve Apoteket Vonsil,7,Vonsildvej 1 G,6000,"01Sep2018 0:00:00,000",,1083,621,1083,"Vonsildvej 1 G, 6000 Denmark",55.4572649,9.4757533,2018-09-01,,2018,2025,2018,POINT (9.475753300000001 55.4572649,2019
625,304,Ulve Apoteket - Koldi,6,Søndergade 7,6000,"01Jan1921 0:00:00,000",,1083,621,1083,"Søndergade 7, 6000 Denmark",55.4884032,9.4731474,1921-01-01,,1921,2025,2008,POINT (9.4731474 55.4884032),2019
626,304-1,Ulve Apoteket - Munke,7,Palmealle 2,6000,"01Oct2018 0:00:00,000",,1083,621,1083,"Palmealle 2, 6000 Denmark",55.501303,9.456505,2018-10-01,,2018,2025,2018,POINT (9.456505 55.501303),2019
633,286-2,Vamdrup Apotek,7,Torvet 6,6580,25.02.2015,,1083,621,1083,"Torvet 6, 6580 Denmark",55.425942,9.283247,2015-02-25,,2015,2025,2015,POINT (9.283246999999999 55.4259420,2019
81,234-2,Bredballe Apotek,7,Bredballe Center 12,7120,"12Apr2018 0:00:00,000",,1083,630,1083,"Bredballe Center 12, 7120 Denmark",55.718807,9.60862,2018-04-12,,2018,2025,2018,POINT (9.60862 55.718807),2019
97,276,Børkop Apotek,13,Ny Boder 16,7080,"01Jan1907 0:00:00,000",,1083,630,1083,"Ny Boder 16, 7080 Denmark",55.641515,9.650983,1907-01-01,,1907,2025,2008,POINT (9.650983 55.64151500000001),2019
113,122,Egtved Apotek,13,Aftensang 10,6040,01-01-1871 00:00,,1083,630,1083,"Aftensang 10, 6040 Denmark",55.6193992,9.3069804,1871-01-01,,1871,2025,2008,POINT (9.3069804 55.61939920000001),2019
162,115,Give Apotek,6,Østergade 8-14,7323,01-01-1869 00:00,,1083,630,1083,"Østergade 8-14, 7323 Denmark",55.8463179,9.2395159,1869-01-01,,1869,2025,2008,POINT (9.239515900000001 55.8463179,2019
204,156-3,Havne Apoteket,7,Windfeld Hansensgade 2,7100,"01Sep2016 0:00:00,000",,1083,630,1083,"Windfeld Hansensgade 2, 7100 Denmark",55.7093,9.5357,2016-09-01,,2016,2025,2016,POINT (9.5357 55.7093),2019
285,115-2,Jelling Apotek,7,Gorms Torv 5,7300,"01Dec2016 0:00:00,000",,1083,630,1083,"Gorms Torv 5, 7300 Denmark",55.7559,9.4258,2016-12-01,,2016,2025,2016,POINT (9.425800000000001 55.7559),2019
641,234,Vejle Gorms Apotek,6,Vestergade 29,7100,"01Jan1910 0:00:00,000",,1083,630,1083,"Vestergade 29, 7100 Denmark",55.7138989,9.5369305,1910-01-01,,1910,2025,2008,POINT (9.536930499999999 55.7138989,2019
642,036,Vejle Løve Apotek,6,Søndergade 29,7100,01-01-1753 00:00,,1083,630,1083,"Søndergade 29, 7100 Denmark",55.706083,9.532766,1753-01-01,,1753,2025,2008,POINT (9.532766000000001 55.7060829,2019
643,271,Vejle St. Thomas Apot,6,Nørretorv 1 B,7100,"01Jan1917 0:00:00,000",,1083,630,1083,"Nørretorv 1 B, 7100 Denmark",55.7113367,9.5366483,1917-01-01,,1917,2025,2008,POINT (9.536648300000001 55.7113367,2019
664,234-1,Vindinggård Apotek,7,Vindinggård Centeret 7B,7100,"08Dec2017 0:00:00,000",,1083,630,1083,"Vindinggård Centeret 7B, 7100 Denmark",55.7093,9.5357,2017-12-08,,2017,2025,2017,POINT (9.5357 55.7093),2019
25,281-1,Apoteket HerningCentr,7,"Merkurvej 1D,st.109, HerningCentr",7400,"01Jul2015 0:00:00,000",,1082,657,1082,"Merkurvej 1D,st.109, HerningCentret, 7400 Denma",56.1393,8.9738,2015-07-01,,2015,2025,2015,POINT (8.973800000000001 56.1393),2019
33,281-2,Apoteket Porshøj,7,Porsvænget 4,7400,"03Aug2015 0:00:00,000",,1082,657,1082,"Porsvænget 4, 7400 Denmark",56.1444239,8.957385,2015-08-03,,2015,2025,2015,POINT (8.957385 56.14442389999999),2019
53,246-2,Aulum Apotek,7,Skolegade 2,7490,"01Oct2016 0:00:00,000",,1082,657,1082,"Skolegade 2, 7490 Denmark",56.265671,8.79712,2016-10-01,,2016,2025,2016,POINT (8.79712 56.265671),2019
110,078-2,Dæmningens Apotek,7,Dæmningen 17,7400,"06Dec2018 0:00:00,000",,1082,657,1082,"Dæmningen 17, 7400 Denmark",56.132607,8.960486,2018-12-06,,2018,2025,2018,POINT (8.960486 56.13260699999999),2019
217,078,Herning Løve Apotek,6,Bredgade 45,7400,01-01-1832 00:00,,1082,657,1082,"Bredgade 45, 7400 Denmark",56.136107,8.969861,1832-01-01,,1832,2025,2008,POINT (8.969861 56.136107),2019
218,281,Herning Østergades A,6,Østergade 5,7400,"15Sep1920 0:00:00,000",,1082,657,1082,"Østergade 5, 7400 Denmark",56.136348,8.976014,1920-09-15,,1920,2025,2008,POINT (8.976013999999999 56.136348),2019
599,078-1,Tinghus Apoteket,7,Østergade 13,7400,"01Jul2015 0:00:00,000",01-APR-2020,1082,657,1082,"Østergade 13, 7400 Denmark",56.136066,8.978051,2015-07-01,2020-04-01,2015,2020,2015,POINT (8.978050999999999 56.1360660,2019
661,246,Vildbjerg Apotek,6,Søndergade 7,7480,"01Jan1914 0:00:00,000",,1082,657,1082,"Søndergade 7, 7480 Denmark",56.196415,8.766971,1914-01-01,,1914,2025,2008,POINT (8.766971 56.196415),2019
237,030,Holstebro Løveapotek,6,Store Torv 8,7500,01-01-1753 00:00,,1082,661,1082,"Store Torv 8, 7500 Denmark",56.357962,8.617337,1753-01-01,,1753,2025,2008,POINT (8.617336999999999 56.357962),2019
238,275,Holstebro Svane Apote,6,Nørregade 51,7500,"01Jan1917 0:00:00,000",,1082,661,1082,"Nørregade 51, 7500 Denmark",56.361775,8.618734,1917-01-01,,1917,2025,2008,POINT (8.618734 56.361775),2019
428,053-3,Nyholm Apotek,7,Nyholmvej 20 C/o Bilka Holstebro,7500,"01Sep2019 0:00:00,000",,1082,661,1082,"Nyholmvej 20 C/o Bilka Holstebro, 7500 Denmark",56.3601,8.6161,2019-09-01,,2019,2025,2019,POINT (8.616099999999999 56.3601),2019
621,120,Ulfborg Apotek,13,Bredgade 9,6990,01-01-1871 00:00,,1082,661,1082,"Bredgade 9, 6990 Denmark",56.272171,8.322184,1871-01-01,,1871,2025,2008,POINT (8.322184 56.27217099999999),2019
663,275-1,Vinderup Apotek,7,Søndergade 7,7830,"01Sep2012 0:00:00,000",,1082,661,1082,"Søndergade 7, 7830 Denmark",56.481101,8.779355,2012-09-01,,2012,2025,2012,POINT (8.779355000000001 56.481101),2019
98,120-1,Bøvlingbjerg Apotek,7,"Fårevej 143, Lejlighed 1",7650,02.03.2009,,1082,665,1082,"Fårevej 143, Lejlighed 1, 7650 Denmark",56.438621,8.20251,2009-02-03,,2009,2025,2009,POINT (8.20251 56.438621),2019
364,064,Lemvig Apotek,6,Vasen 6,7620,01-01-1813 00:00,,1082,665,1082,"Vasen 6, 7620 Denmark",56.549513,8.310131,1813-01-01,,1813,2025,2008,POINT (8.310131 56.549513),2019
566,150,Struer Apotek,6,Østergade 11,7600,01-01-1878 00:00,,1082,671,1082,"Østergade 11, 7600 Denmark",56.492144,8.593388,1878-01-01,,1878,2025,2008,POINT (8.593388000000001 56.492144),2019
111,070,Ebeltoft Apotek,6,Bryggerivej 4,8400,01-01-1815 00:00,,1082,706,1082,"Bryggerivej 4, 8400 Denmark",56.199654,10.681064,1815-01-01,,1815,2025,2008,POINT (10.681064 56.199654),2019
244,104,Hornslet Apotek,6,Byvej 8,8543,01-01-1857 00:00,,1082,706,1082,"Byvej 8, 8543 Denmark",56.316491,10.3204,1857-01-01,,1857,2025,2008,POINT (10.3204 56.31649100000001),2019
314,070-1,Kolind Apotek,7,Drasbeksgade 16,8560,02.07.2008,,1082,706,1082,"Drasbeksgade 16, 8560 Denmark",56.362668,10.588453,2008-02-07,,2008,2025,2008,POINT (10.588453 56.36266800000001),2019
500,070-2,Rønde Apotek,7,Ceresvej 16-18,8410,"07Dec2015 0:00:00,000",,1082,706,1082,"Ceresvej 16-18, 8410 Denmark",56.3003988,10.4774679,2015-12-07,,2015,2025,2015,POINT (10.4774679 56.3003988),2019
55,104-1,Auning Apotek,7,Centervej 4B,8963,29.12.2009,,1082,707,1082,"Centervej 4B, 8963 Denmark",56.4322538,10.3714639,2009-12-29,,2009,2025,2009,POINT (10.3714639 56.43225379999999,2019
172,037,Grenaa Apotek,6,Kannikegade 12,8500,01-01-1753 00:00,,1082,707,1082,"Kannikegade 12, 8500 Denmark",56.41217,10.876357,1753-01-01,,1753,2025,2008,POINT (10.876357 56.41217),2019
187,164,Hadsten Apotek,6,Vesselbjergvej 8,8370,01-01-1896 00:00,,1082,710,1082,"Vesselbjergvej 8, 8370 Denmark",56.328232,10.047822,1896-01-01,,1896,2025,2008,POINT (10.047822 56.32823199999999),2019
192,087,Hammel Frijsenborg Ap,13,Østergade 1,8450,01-01-1841 00:00,,1082,710,1082,"Østergade 1, 8450 Denmark",56.2572838,9.8686624,1841-01-01,,1841,2025,2008,POINT (9.868662400000002 56.2572838,2019
224,164-1,Hinnerup Apotek,7,Storegade 5,8382,"01Oct2006 0:00:00,000",,1082,710,1082,"Storegade 5, 8382 Denmark",56.264038,10.062066,2006-10-01,,2006,2025,2008,POINT (10.062066 56.264038),2019
678,410,Webapoteket / Gazelle,6,Bavne Allé 25,8370,"13Dec2016 0:00:00,000",,1082,710,1082,"Bavne Allé 25, 8370 Denmark",56.32052,10.079663,2016-12-13,,2016,2025,2016,POINT (10.079663 56.32051999999999),2019
31,096-3,Apoteket Nørregade-O,7,Nørregade 6,8300,"01Sep2018 0:00:00,000",,1082,727,1082,"Nørregade 6, 8300 Denmark",55.974517,10.14865,2018-09-01,,2018,2025,2018,POINT (10.14865 55.97451700000001),2019
447,096,Odder Apotek,6,Rosensgade 14,8300,01-01-1850 00:00,,1082,727,1082,"Rosensgade 14, 8300 Denmark",55.972531,10.147434,1850-01-01,,1850,2025,2008,POINT (10.147434 55.972531),2019
35,274-1,Apoteket Thors Bakke,7,Biografgade 3,8900,"01Sep2015 0:00:00,000",,1082,730,1082,"Biografgade 3, 8900 Denmark",56.463268,10.03799,2015-09-01,,2015,2025,2015,POINT (10.03799 56.46326800000001),2019
49,326-1,Assentoft Apotek,7,"Storegade 61, Assentoft",8960,"01Jan2016 0:00:00,000",,1082,730,1082,"Storegade 61, Assentoft, 8960 Denmark",56.444902,10.1546774,2016-01-01,,2016,2025,2016,POINT (10.1546774 56.444902),2019
107,326-2,Dronningborg Apotek,7,Skovlyvej 15,8930,"24Apr2017 0:00:00,000",,1082,730,1082,"Skovlyvej 15, 8930 Denmark",56.47055,10.050184,2017-04-24,,2017,2025,2017,POINT (10.050184 56.47055),2019
243,011-2,Hornbæk Løve Apotek,7,Viborgvej 102A,8920,"02Nov2015 0:00:00,000",,1082,730,1082,"Viborgvej 102A, 8920 Denmark",56.4666272,9.9943069,2015-11-02,,2015,2025,2015,POINT (9.9943069 56.4666272),2019
323,011-1,Kristrup Løve Apotek,7,Valdemarsvej 1 ST,8960,"01Sep2015 0:00:00,000",,1082,730,1082,"Valdemarsvej 1 ST, 8960 Denmark",56.447032,10.055193,2015-09-01,,2015,2025,2015,POINT (10.055193 56.44703199999999),2019
362,274-2,Langå Apotek,7,Bredgade 18,8870,"01Jun2017 0:00:00,000",,1082,730,1082,"Bredgade 18, 8870 Denmark",56.390427,9.895125,2017-06-01,,2017,2025,2017,POINT (9.895125 56.390427),2019
463,011-3,Paderup Løve Apotek,7,Merkurvej 55,8960,"28Sep2017 0:00:00,000",,1082,730,1082,"Merkurvej 55, 8960 Denmark",56.42967,10.063987,2017-09-28,,2017,2025,2017,POINT (10.063987 56.42966999999999),2019
470,274,Randers Jernbane Apot,6,Vestertorv 2,8900,"01Jan1917 0:00:00,000",,1082,730,1082,"Vestertorv 2, 8900 Denmark",56.9545616,8.6851127,1917-01-01,,1917,2025,2008,POINT (8.685112699999999 56.9545616,2019
471,011,Randers Løve Apotek,6,Østervold 24,8900,01-01-1753 00:00,,1082,730,1082,"Østervold 24, 8900 Denmark",56.460735,10.039052,1753-01-01,,1753,2025,2008,POINT (10.039052 56.460735),2019
472,326-3,Randers Nord Apotek,7,Mariagervej 175,8920,"28Jun2018 0:00:00,000",,1082,730,1082,"Mariagervej 175, 8920 Denmark",56.482423,10.024875,2018-06-28,,2018,2025,2018,POINT (10.024875 56.482423),2019
474,326,Randers Sønderbros A,6,Dytmærsken 10,8900,"01Jan1931 0:00:00,000",,1082,730,1082,"Dytmærsken 10, 8900 Denmark",56.458931,10.03876,1931-01-01,,1931,2025,2008,POINT (10.03876 56.45893100000001),2019
305,112,Kjellerup Apotek,6,Bryggerstræde 5,8620,01-01-1868 00:00,,1082,740,1082,"Bryggerstræde 5, 8620 Denmark",56.288676,9.431164,1868-01-01,,1868,2025,2008,POINT (9.431164000000001 56.288676),2019
511,204,Silkeborg Himmelbjerg,6,Borgergade 20,8600,"01Jan1903 0:00:00,000",,1082,740,1082,"Borgergade 20, 8600 Denmark",56.17723,9.55455,1903-01-01,,1903,2025,2008,POINT (9.554550000000001 56.17723),2019
512,204-1,Silkeborg Nørrevæng,7,Viborgvej 16 D,8600,"01Mar2018 0:00:00,000",,1082,740,1082,"Viborgvej 16 D, 8600 Denmark",56.1864971,9.5415109,2018-03-01,,2018,2025,2018,POINT (9.5415109 56.1864971),2019
513,344,Silkeborg Svane Apote,6,Torvet 9,8600,"01Jan1938 0:00:00,000",,1082,740,1082,"Torvet 9, 8600 Denmark",54.7740911,11.5022116,1938-01-01,,1938,2025,2008,POINT (11.5022116 54.7740911),2019
514,089,Silkeborg Ørne Apote,13,Vestergade 9,8600,01-01-1842 00:00,,1082,740,1082,"Vestergade 9, 8600 Denmark",56.5404659,9.8970593,1842-01-01,,1842,2025,2008,POINT (9.8970593 56.5404659),2019
588,112-1,Søtorvet Apotek,7,Søtorvet 1,8600,"25Jul2016 0:00:00,000",,1082,740,1082,"Søtorvet 1, 8600 Denmark",55.685712,12.565366,2016-07-25,,2016,2025,2016,POINT (12.565366 55.685712),2019
508,096-1,Samsø Apotek,7,"Langgade 6, Tranebjerg",8305,"01Jan2005 0:00:00,000",,1082,741,1082,"Langgade 6, Tranebjerg, 8305 Denmark",55.8326137,10.5894103,2005-01-01,,2005,2025,2008,POINT (10.5894103 55.8326137),2019
159,129,Galten Apotek,13,Torvet 3,8464,01-01-1876 00:00,,1082,746,1082,"Torvet 3, 8464 Denmark",56.155132,9.90418,1876-01-01,,1876,2025,2008,POINT (9.90418 56.15513199999999),2019
195,129-1,Harlev Apotek,7,Gl. Stillingvej 427,8462,"01Sep2015 0:00:00,000",,1082,746,1082,"Gl. Stillingvej 427, 8462 Denmark",56.35,10.05,2015-09-01,,2015,2025,2015,POINT (10.05 56.35),2019
271,060-3,Hørning Apotek filia,7,Nørre Allé 38,8362,"23Nov2015 0:00:00,000",,1082,746,1082,"Nørre Allé 38, 8362 Denmark",56.086804,10.038106,2015-11-23,,2015,2025,2015,POINT (10.038106 56.086804),2019
489,060-1,Ry Apotek filial af S,7,Siimtoften 2,8680,"02Nov2015 0:00:00,000",,1082,746,1082,"Siimtoften 2, 8680 Denmark",56.093493,9.755564,2015-11-02,,2015,2025,2015,POINT (9.755564 56.093493),2019
519,060,Skanderborg Apotek,6,Adelgade 61,8660,01-01-1806 00:00,,1082,746,1082,"Adelgade 61, 8660 Denmark",56.033381,9.931795,1806-01-01,,1806,2025,2008,POINT (9.931794999999999 56.0333810,2019
520,060-2,Skanderborg Apotek -,7,Adelgade 61,8660,"16Nov2015 0:00:00,000",01-JAN-2020,1082,746,1082,"Adelgade 61, 8660 Denmark",56.033381,9.931795,2015-11-16,2020-01-01,2015,2020,2015,POINT (9.931794999999999 56.0333810,2019
65,241-2,Beder-Malling Apotek,7,Byvej 2,8330,"02Oct2017 0:00:00,000",,1082,751,1082,"Byvej 2, 8330 Denmark",56.058933,10.206532,2017-10-02,,2017,2025,2017,POINT (10.206532 56.058933),2019
87,337-2,Bruuns Apotek,7,"M.P. Bruuns Gade 25, 99",8000,"01May2016 0:00:00,000",,1082,751,1082,"M.P. Bruuns Gade 25, 99, 8000 Denmark",56.1488749,10.2033362,2016-05-01,,2016,2025,2016,POINT (10.2033362 56.1488749),2019
114,178-3,Egå Apotek,7,Egå Havvej 2H,8250,"08Jan2018 0:00:00,000",,1082,751,1082,"Egå Havvej 2H, 8250 Denmark",56.211159,10.279405,2018-01-08,,2018,2025,2018,POINT (10.279405 56.21115899999999),2019
197,337-1,Hasle Apotek,7,"Hasle Torv, Viborgvej 150",8210,"16Nov2015 0:00:00,000",,1082,751,1082,"Hasle Torv, Viborgvej 150, 8210 Denmark",56.1663,10.1987,2015-11-16,,2015,2025,2015,POINT (10.1987 56.1663),2019
321,060-4,Kridthøj Apotek fili,7,Olaf Rudes Vej 22,8270,"02May2016 0:00:00,000",,1082,751,1082,"Olaf Rudes Vej 22, 8270 Denmark",56.117951,10.194858,2016-05-02,,2016,2025,2016,POINT (10.194858 56.117951),2019
379,178-1,Lystrup Apotek,7,Lystrup Centervej 85,8520,"03Dec2001 0:00:00,000",,1082,751,1082,"Lystrup Centervej 85, 8520 Denmark",56.237686,10.234262,2001-12-03,,2001,2025,2008,POINT (10.234262 56.237686),2019
382,104-2,Løgten Apotek,7,Bytorvet 1 A,8541,"21Sep2015 0:00:00,000",,1082,751,1082,"Bytorvet 1 A, 8541 Denmark",56.2765403,10.3159418,2015-09-21,,2015,2025,2015,POINT (10.3159418 56.27654029999999,2019
397,096-2,Malling Apotek,7,Stationspladsen 5G,8340,"01Oct2017 0:00:00,000",,1082,751,1082,"Stationspladsen 5G, 8340 Denmark",56.037669,10.19154,2017-10-01,,2017,2025,2017,POINT (10.19154 56.03766899999999),2019
521,317-1,Skejby Apotek,7,Skelagervej 5,8200,"18Jan2016 0:00:00,000",,1082,751,1082,"Skelagervej 5, 8200 Denmark",56.1899838,10.1942917,2016-01-18,,2016,2025,2016,POINT (10.1942917 56.1899838),2019
557,352-1,Stjerneapoteket Storc,7,Finlandsgade 17,8200,"01Jul2015 0:00:00,000",,1082,751,1082,"Finlandsgade 17, 8200 Denmark",56.169353,10.188777,2015-07-01,,2015,2025,2015,POINT (10.188777 56.169353),2019
597,366-1,Tilst Apotek,7,Agerøvej 7,8381,"27Jun2016 0:00:00,000",,1082,751,1082,"Agerøvej 7, 8381 Denmark",56.182396,10.104932,2016-06-27,,2016,2025,2016,POINT (10.104932 56.182396),2019
603,241-1,Tranbjerg Apotek,7,Kirketorvet 18,8310,"04Apr2016 0:00:00,000",,1082,751,1082,"Kirketorvet 18, 8310 Denmark",56.090326,10.138172,2016-04-04,,2016,2025,2016,POINT (10.138172 56.090326),2019
645,178-2,Veri Apotek,7,Frijsenborgvej 5,8240,"02Nov2015 0:00:00,000",,1082,751,1082,"Frijsenborgvej 5, 8240 Denmark",56.189608,10.215024,2015-11-02,,2015,2025,2015,POINT (10.215024 56.18960799999999),2019
713,326-4,Aarhus Ceres Apotek,7,Ceres Allé 12,8000,"22Jan2019 0:00:00,000",,1082,751,1082,"Ceres Allé 12, 8000 Denmark",56.155243,10.189312,2019-01-22,,2019,2025,2019,POINT (10.189312 56.15524300000001),2019
714,366,Aarhus City Vest Apot,6,Gudrunsvej 7 st. 129,8220,"01Jan1998 0:00:00,000",,1082,751,1082,"Gudrunsvej 7 st. 129, 8220 Denmark",56.1531,10.1057,1998-01-01,,1998,2025,2008,POINT (10.1057 56.1531),2019
715,132,Aarhus Jernbane Apote,6,Banegårdspladsen 8,8000,01-01-1878 00:00,,1082,751,1082,"Banegårdspladsen 8, 8000 Denmark",56.150812,10.204054,1878-01-01,,1878,2025,2008,POINT (10.204054 56.150812),2019
716,006,Aarhus Løve Apotek,6,Store Torv 5,8000,01-01-1753 00:00,,1082,751,1082,"Store Torv 5, 8000 Denmark",56.157192,10.208629,1753-01-01,,1753,2025,2008,POINT (10.208629 56.157192),2019
717,006-1,Aarhus Magasin Apotek,7,Immervad 2-8,8000,"02Sep2019 0:00:00,000",,1082,751,1082,"Immervad 2-8, 8000 Denmark",56.157117,10.207091,2019-09-02,,2019,2025,2019,POINT (10.207091 56.15711700000001),2019
718,241,Aarhus Marselisborg A,6,Rundhøj Torv 3,8270,"01Jan1913 0:00:00,000",,1082,751,1082,"Rundhøj Torv 3, 8270 Denmark",56.1112,10.2099,1913-01-01,,1913,2025,2008,POINT (10.2099 56.1112),2019
719,347,Aarhus Sct. Lukas Apo,6,Frederiks Allé 178,8000,"01Jan1939 0:00:00,000",,1082,751,1082,"Frederiks Allé 178, 8000 Denmark",56.146221,10.193331,1939-01-01,,1939,2025,2008,POINT (10.193331 56.146221),2019
721,352,Aarhus Stjerne Apotek,6,Funch Thomsens Gade 3,8200,"01Jan1953 0:00:00,000",,1082,751,1082,"Funch Thomsens Gade 3, 8200 Denmark",56.174689,10.203284,1953-01-01,,1953,2025,2008,POINT (10.203284 56.174689),2019
723,317,Aarhus Trøjborg Apot,13,Tordenskjoldsgade 30,8200,"01Jan1924 0:00:00,000",,1082,751,1082,"Tordenskjoldsgade 30, 8200 Denmark",56.170728,10.216452,1924-01-01,,1924,2025,2008,POINT (10.216452 56.170728),2019
724,178,Aarhus Vejlby Apotek,6,Vejlbygade 16 A,8240,01-01-1899 00:00,,1082,751,1082,"Vejlbygade 16 A, 8240 Denmark",56.195078,10.2138928,1899-01-01,,1899,2025,2008,POINT (10.2138928 56.195078),2019
725,331,Aarhus Viby Apotek,6,"Viby Ringvej 10, ST. 26",8260,"01Jan1933 0:00:00,000",,1082,751,1082,"Viby Ringvej 10, ST. 26, 8260 Denmark",56.1725582,10.1535049,1933-01-01,,1933,2025,2008,POINT (10.1535049 56.1725582),2019
726,337,Aarhus Åbyhøj Apote,6,Haslevej 17,8230,"01Jan1936 0:00:00,000",,1082,751,1082,"Haslevej 17, 8230 Denmark",56.156458,10.164773,1936-01-01,,1936,2025,2008,POINT (10.164773 56.15645799999999),2019
78,115-1,Brande Apotek,7,Storegade 13,7330,"01May2009 0:00:00,000",,1082,756,1082,"Storegade 13, 7330 Denmark",55.943996,9.126554,2009-05-01,,2009,2025,2009,POINT (9.126553999999999 55.943996),2019
279,249,Ikast Apotek,13,Østergade 15,7430,"01Jan1914 0:00:00,000",,1082,756,1082,"Østergade 15, 7430 Denmark",56.13988,9.157542,1914-01-01,,1914,2025,2008,POINT (9.157541999999999 56.1398800,2019
280,249-1,Ikast Apotek Vest,7,Vestergade 63 ved/Løvbjerg,7430,"01Oct2016 0:00:00,000",,1082,756,1082,"Vestergade 63 ved/Løvbjerg, 7430 Denmark",56.1388,9.1577,2016-10-01,,2016,2025,2016,POINT (9.1577 56.1388),2019
445,156-1,Nørre-Snede Apotek,7,Bredgade 22,8766,"01Jun2009 0:00:00,000",,1082,756,1082,"Bredgade 22, 8766 Denmark",55.9685793,9.3977107,2009-06-01,,2009,2025,2009,POINT (9.397710699999999 55.9685792,2019
477,038,Ringkøbing Løve Apo,6,Torvegade 5,6950,01-01-1753 00:00,,1082,760,1082,"Torvegade 5, 6950 Denmark",56.0906611,8.2424758,1753-01-01,,1753,2025,2008,POINT (8.242475799999999 56.0906611,2019
528,305,Skjern Apotek,13,Bredgade 44B,6900,"01Jan1921 0:00:00,000",,1082,760,1082,"Bredgade 44B, 6900 Denmark",55.946996,8.494403,1921-01-01,,1921,2025,2008,POINT (8.494403 55.946996),2019
589,098,Tarm Apotek,6,Storegade 27,6880,09-12-1851 00:00,,1082,760,1082,"Storegade 27, 6880 Denmark",55.907132,8.520984,1851-09-12,,1851,2025,2008,POINT (8.520984 55.907132),2019
658,038-1,Videbæk Apotek,7,Bredgade 32,6920,"01May2009 0:00:00,000",,1082,760,1082,"Bredgade 32, 6920 Denmark",56.091332,8.6306,2009-05-01,,2009,2025,2009,POINT (8.630599999999999 56.0913319,2019
208,248,Hedensted Apotek,6,Bytorvet 21 B,8722,"01Jan1914 0:00:00,000",,1082,766,1082,"Bytorvet 21 B, 8722 Denmark",55.7685767,9.6999617,1914-01-01,,1914,2025,2008,POINT (9.699961699999999 55.7685767,2019
290,248-1,Juelsminde Apoteksfil,7,Søgade 3,7130,"27May2015 0:00:00,000",,1082,766,1082,"Søgade 3, 7130 Denmark",55.715151,10.011049,2015-05-27,,2015,2025,2015,POINT (10.011049 55.715151),2019
612,156-2,Tørring Apotek,7,Bredgade 10,7160,"01May2016 0:00:00,000",,1082,766,1082,"Bredgade 10, 7160 Denmark",55.85059,9.481601,2016-05-01,,2016,2025,2016,POINT (9.481601 55.85059),2019
620,156,Uldum Apotek,6,Søndergade 18,7171,01-01-1873 00:00,,1082,766,1082,"Søndergade 18, 7171 Denmark",55.846443,9.58943,1873-01-01,,1873,2025,2008,POINT (9.58943 55.84644300000001),2019
431,314,Nykøbing Mors Sct. C,6,Algade 3,7900,"01Jan1923 0:00:00,000",,1081,773,1081,"Algade 3, 7900 Denmark",56.794109,8.857267,1923-01-01,,1923,2025,2008,POINT (8.857267 56.794109),2019
687,314-1,Øster Jølby Apotek,7,Doktor Lunds Vej 4,7950,01.11.2007,,1081,773,1081,"Doktor Lunds Vej 4, 7950 Denmark",56.83329,8.718862,2007-01-11,,2007,2025,2008,POINT (8.718862 56.83329000000001),2019
60,143-1,Balling Apotek,7,"Vestergade 1, Balling",7860,"01Dec2003 0:00:00,000",,1082,779,1082,"Vestergade 1, Balling, 7860 Denmark",56.6157838,8.8821834,2003-12-01,,2003,2025,2008,POINT (8.882183400000001 56.6157838,2019
112,273-1,Egeris Apotek,7,Kirke Allé 94,7800,"04Apr2016 0:00:00,000",,1082,779,1082,"Kirke Allé 94, 7800 Denmark",56.551995,9.029709,2016-04-04,,2016,2025,2016,POINT (9.029709 56.551995),2019
443,273-2,Nørregades Apotek,7,Nørregade 32 C,7800,"05Sep2016 0:00:00,000",,1082,779,1082,"Nørregade 32 C, 7800 Denmark",56.5687225,9.0274146,2016-09-05,,2016,2025,2016,POINT (9.0274146 56.5687225),2019
484,143,Roslev Apotek,6,Jernbanegade 15,7870,01-01-1885 00:00,,1082,779,1082,"Jernbanegade 15, 7870 Denmark",56.70287,8.990748,1885-01-01,,1885,2025,2008,POINT (8.990748 56.70287),2019
525,053,Skive Løve Apotek,6,Posthustorvet 1A,7800,01-01-1801 00:00,,1082,779,1082,"Posthustorvet 1A, 7800 Denmark",56.565328,9.026396,1801-01-01,,1801,2025,2008,POINT (9.026396 56.565328),2019
526,053-1,Skive Løve Apotek Ci,7,Holstebrovej 68b,7800,"02Dec2015 0:00:00,000",,1082,779,1082,"Holstebrovej 68b, 7800 Denmark",56.569332,9.005098,2015-12-02,,2015,2025,2015,POINT (9.005098 56.569332),2019
527,273,Skive Svane Apotek,6,Sdr. Boulevard 7,7800,"01Jan1917 0:00:00,000",,1082,779,1082,"Sdr. Boulevard 7, 7800 Denmark",56.535863,9.0378215,1917-01-01,,1917,2025,2008,POINT (9.0378215 56.535863),2019
257,277,Hurup Apotek,6,Sundsvej 1,7760,"15Dec1918 0:00:00,000",,1081,787,1081,"Sundsvej 1, 7760 Denmark",56.7484,8.420189,1918-12-15,,1918,2025,2008,POINT (8.420189000000001 56.7484),2019
594,247,Thisted Løve Apotek,6,Sydhavnsvej 11,7700,"01Jan1914 0:00:00,000",,1081,787,1081,"Sydhavnsvej 11, 7700 Denmark",56.951526,8.693209,1914-01-01,,1914,2025,2008,POINT (8.693209 56.951526),2019
595,039,Thisted Svane Apotek,6,Storegade 5,7700,01-01-1753 00:00,,1081,787,1081,"Storegade 5, 7700 Denmark",56.9547934,8.6944703,1753-01-01,,1753,2025,2008,POINT (8.694470300000001 56.9547934,2019
71,145,Bjerringbro Apotek,6,Nørregade 4,8850,01-01-1877 00:00,,1082,791,1082,"Nørregade 4, 8850 Denmark",56.3856312,9.6721143,1877-01-01,,1877,2025,2008,POINT (9.6721143 56.38563120000001),2019
117,131-2,Engelsborg Apotek,7,Fabrikvej 2,8800,"02Nov2015 0:00:00,000",,1082,791,1082,"Fabrikvej 2, 8800 Denmark",56.466799,9.400005,2015-11-02,,2015,2025,2015,POINT (9.400005 56.466799),2019
193,131-1,Hammershøj Apotek,7,Randersvej 8,8830,01.01.1992,,1082,791,1082,"Randersvej 8, 8830 Denmark",56.499378,9.751857,1992-01-01,,1992,2025,2008,POINT (9.751857000000001 56.499378),2019
299,246-1,Karup Apotek,7,Herningvej 2,7470,"09Jan2006 0:00:00,000",,1082,791,1082,"Herningvej 2, 7470 Denmark",56.309049,9.165571,2006-01-09,,2006,2025,2008,POINT (9.165571 56.309049),2019
461,003-2,Overlund Apotek,7,"c/o Løvbjerg, Randersvej 60",8800,"18Jun2018 0:00:00,000",,1082,791,1082,"c/o Løvbjerg, Randersvej 60, 8800 Denmark",56.4532,9.402,2018-06-18,,2018,2025,2018,POINT (9.402000000000001 56.4532),2019
509,053-2,Sct. Mathias Apotek,7,"Sct. Mathias Gade 38, lejemål 20",8800,"01Feb2018 0:00:00,000",,1082,791,1082,"Sct. Mathias Gade 38, lejemål 202, 8800 Denmar",56.4532,9.402,2018-02-01,,2018,2025,2018,POINT (9.402000000000001 56.4532),2019
559,273-3,Stoholm Apotek,7,Johan Bittmannsvej 2 C,7850,"01Sep2018 0:00:00,000",,1082,791,1082,"Johan Bittmannsvej 2 C, 7850 Denmark",56.5476,8.9522,2018-09-01,,2018,2025,2018,POINT (8.952199999999999 56.5476),2019
653,131,Viborg Løve Apotek,6,Sct. Mathias Gade 66 st.,8800,01-01-1877 00:00,,1082,791,1082,"Sct. Mathias Gade 66 st., 8800 Denmark",56.4532,9.402,1877-01-01,,1877,2025,2008,POINT (9.402000000000001 56.4532),2019
654,003-1,Viborg Rådhus Apotek,7,Farvervej 2G,8800,"01Jun2017 0:00:00,000",,1082,791,1082,"Farvervej 2G, 8800 Denmark",56.460712,9.398336,2017-06-01,,2017,2025,2017,POINT (9.398336 56.460712),2019
656,003,Viborg Svane Apotek,6,Lille Sct. Peder Stræde 10-12,8800,01-01-1753 00:00,,1082,791,1082,"Lille Sct. Peder Stræde 10-12, 8800 Denmark",56.4478406,9.4056514,1753-01-01,,1753,2025,2008,POINT (9.405651400000002 56.4478406,2019
92,172,Brønderslev Apotek,6,Peder Møllers Plads 10,9700,01-01-1883 00:00,,1081,810,1081,"Peder Møllers Plads 10, 9700 Denmark",57.2685538,9.9482643,1883-01-01,,1883,2025,2008,POINT (9.948264300000002 57.2685537,2019
93,172-2,Brønderslev Løve Ap,7,Løvbjerg Arkaden 14,9700,"03Dec2016 0:00:00,000",,1081,810,1081,"Løvbjerg Arkaden 14, 9700 Denmark",57.26663,9.947691,2016-12-03,,2016,2025,2016,POINT (9.947691000000001 57.2666300,2019
109,144,Dronninglund Apotek,6,Slotsgade 64,9330,01-01-1876 00:00,,1081,810,1081,"Slotsgade 64, 9330 Denmark",57.159268,10.289593,1876-01-01,,1876,2025,2008,POINT (10.289593 57.159268),2019
226,144-2,Hjallerup Apotek,7,Søndergade 6,9320,"19Mar2018 0:00:00,000",,1081,810,1081,"Søndergade 6, 9320 Denmark",57.168611,10.145376,2018-03-19,,2018,2025,2018,POINT (10.145376 57.168611),2019
151,066,Frederikshavn Løve A,6,Hangaardsvej 7,9900,01-01-1810 00:00,,1081,813,1081,"Hangaardsvej 7, 9900 Denmark",57.438716,10.534169,1810-01-01,,1810,2025,2008,POINT (10.534169 57.43871600000001),2019
152,313,Frederikshavn Svane A,6,Søndergade 1,9900,"01Jan1923 0:00:00,000",,1081,813,1081,"Søndergade 1, 9900 Denmark",57.4269495,10.519816,1923-01-01,,1923,2025,2008,POINT (10.519816 57.4269495),2019
517,212,Skagen Apotek,6,Sct. Laurentiivej 44,9990,"01Jan1903 0:00:00,000",,1081,813,1081,"Sct. Laurentiivej 44, 9990 Denmark",57.7209,10.5839,1903-01-01,,1903,2025,2008,POINT (10.5839 57.7209),2019
580,069,Sæby Apotek,6,Søndergade 7,9300,01-01-1815 00:00,,1081,813,1081,"Søndergade 7, 9300 Denmark",57.334915,10.520444,1815-01-01,,1815,2025,2008,POINT (10.520444 57.334915),2019
690,069-1,Østervrå Apotek,7,Industrivej 10,9750,"01Aug2005 0:00:00,000",,1081,813,1081,"Industrivej 10, 9750 Denmark",57.340565,10.238498,2005-08-01,,2005,2025,2008,POINT (10.238498 57.34056500000001),2019
129,259-2,Farsø Apotek,7,Torvet 8,9640,"01May2018 0:00:00,000",,1081,820,1081,"Torvet 8, 9640 Denmark",56.771268,9.340145,2018-05-01,,2018,2025,2018,POINT (9.340145 56.77126800000001),2019
381,181-2,Løgstør Apotek,7,Østerbrogade 1 B,9670,"01May2018 0:00:00,000",,1081,820,1081,"Østerbrogade 1 B, 9670 Denmark",56.967231,9.252521,2018-05-01,,2018,2025,2018,POINT (9.252521 56.96723100000001),2019
709,259-1,Aalestrup Apotek,7,Jernbanegade 6,9620,"01Jun2016 0:00:00,000",,1081,820,1081,"Jernbanegade 6, 9620 Denmark",56.694562,9.49549,2016-06-01,,2016,2025,2016,POINT (9.49549 56.694562),2019
727,259,Aars Apotek,6,Søndergade 34,9600,"01Jan1905 0:00:00,000",,1081,820,1081,"Søndergade 34, 9600 Denmark",56.802114,9.519024,1905-01-01,,1905,2025,2008,POINT (9.519024 56.802114),2019
533,220,Skørping Apotek,6,Sverriggårdsvej 10,9520,"01Jan1906 0:00:00,000",,1081,840,1081,"Sverriggårdsvej 10, 9520 Denmark",56.836407,9.889342,1906-01-01,,1906,2025,2008,POINT (9.889341999999999 56.8364069,2019
572,416,Støvring Apotek,6,Hobrovej 84,9530,01.01.2000,,1081,840,1081,"Hobrovej 84, 9530 Denmark",56.890056,9.836933,2000-01-01,2020-01-27,2000,2020,2008,POINT (9.836933 56.89005600000001),2019
592,218-2,Terndrup Apotek,7,Hadsundvej 7,9575,"01Aug2016 0:00:00,000",,1081,840,1081,"Hadsundvej 7, 9575 Denmark",56.813473,10.058211,2016-08-01,,2016,2025,2016,POINT (10.058211 56.81347299999999),2019
189,218,Hadsund Apotek,6,Storegade 23-25,9560,"01Jan1905 0:00:00,000",,1081,846,1081,"Storegade 23-25, 9560 Denmark",56.7153131,10.1131185,1905-01-01,,1905,2025,2008,POINT (10.1131185 56.7153131),2019
234,054,Hobro Apotek,6,Adelgade 18,9500,01-01-1803 00:00,,1081,846,1081,"Adelgade 18, 9500 Denmark",56.639388,9.793265,1803-01-01,,1803,2025,2008,POINT (9.793265 56.639388),2019
399,218-1,Mariager Apotek,7,Østergade 10,9550,12.10.2007,,1081,846,1081,"Østergade 10, 9550 Denmark",56.651484,9.983627,2007-12-10,,2007,2025,2008,POINT (9.983627 56.651484),2019
85,105-3,Brovst Apotek,7,Østergade 16,9460,"01Nov2009 0:00:00,000",,1081,849,1081,"Østergade 16, 9460 Denmark",57.097293,9.524836,2009-11-01,,2009,2025,2009,POINT (9.524836000000001 57.0972930,2019
135,039-1,Fjerritslev Apotek,7,Østergade 11-13,9690,"01Jul2010 0:00:00,000",,1081,849,1081,"Østergade 11-13, 9690 Denmark",57.08752,9.2860061,2010-07-01,,2010,2025,2010,POINT (9.2860061 57.08752),2019
464,105-1,Pandrup Apotek,7,Bredgade 3,9490,"01Sep2015 0:00:00,000",,1081,849,1081,"Bredgade 3, 9490 Denmark",57.224942,9.677366,2015-09-01,,2015,2025,2015,POINT (9.677366000000001 57.2249420,2019
694,105,Aabybro Apotek,6,Østergade 36,9440,07.05.2008,,1081,849,1081,"Østergade 36, 9440 Denmark",57.159459,9.732615,2008-07-05,,2008,2025,2008,POINT (9.732614999999999 57.159459),2019
190,144-1,Hals Apotek,7,Havnegade 7A,9370,"01Feb2006 0:00:00,000",,1081,851,1081,"Havnegade 7A, 9370 Denmark",56.993303,10.307272,2006-02-01,,2006,2025,2008,POINT (10.307272 56.993303),2019
200,255-1,Hasseris Apotek,7,Hasseris Bymidte 9,9000,"01Sep2015 0:00:00,000",,1081,851,1081,"Hasseris Bymidte 9, 9000 Denmark",57.036292,9.883598,2015-09-01,,2015,2025,2015,POINT (9.883597999999999 57.036292),2019
301,306-2,Kennedy Apotek,7,J. F. Kennedy&#39;s Plads 1E st,9000,"01Nov2017 0:00:00,000",,1081,851,1081,"J. F. Kennedy&#39;s Plads 1E st, 9000 Denmark",57.048,9.9187,2017-11-01,,2017,2025,2017,POINT (9.918699999999999 57.048),2019
366,092-1,Lindholm Apotek,7,Lindholm Nærbanevej 1D,9400,"01Jul2015 0:00:00,000",,1081,851,1081,"Lindholm Nærbanevej 1D, 9400 Denmark",57.0670773,9.9033396,2015-07-01,,2015,2025,2015,POINT (9.903339599999999 57.0670772,2019
418,181-1,Nibe Apotek,7,Mellemgade 9,9240,"01Oct2013 0:00:00,000",,1081,851,1081,"Mellemgade 9, 9240 Denmark",56.982515,9.638064,2013-10-01,,2013,2025,2013,POINT (9.638064 56.982515),2019
518,063-1,Skalborg Apotek,7,Otto Mønsteds Vej 1,9200,"18Aug2018 0:00:00,000",,1081,851,1081,"Otto Mønsteds Vej 1, 9200 Denmark",57.014997,9.89405,2018-08-18,,2018,2025,2018,POINT (9.89405 57.01499699999999),2019
524,255-2,Skipperen Apotek,7,Vestre Alle 7,9000,"01Oct2018 0:00:00,000",,1081,851,1081,"Vestre Alle 7, 9000 Denmark",57.033384,9.907472,2018-10-01,,2018,2025,2018,POINT (9.907472 57.033384),2019
540,361-3,Slotsgade Apotek,7,Slotsgade 8-14,9000,"16Nov2018 0:00:00,000",,1081,851,1081,"Slotsgade 8-14, 9000 Denmark",57.0489711,9.9256466,2018-11-16,,2018,2025,2018,POINT (9.9256466 57.0489711),2019
547,092-3,Solsidens Apotek,7,"Vestergade 30, Butik 2",9400,"01Feb2016 0:00:00,000",,1081,851,1081,"Vestergade 30, Butik 2, 9400 Denmark",57.0483,9.9352,2016-02-01,,2016,2025,2016,POINT (9.9352 57.0483),2019
562,176,Storvorde Sejlflod Ap,13,Rødhøjvej 2,9280,01-01-1899 00:00,,1081,851,1081,"Rødhøjvej 2, 9280 Denmark",57.000115,10.101044,1899-01-01,,1899,2025,2008,POINT (10.101044 57.000115),2019
577,361-2,Svenstrup Apotek,7,Godthåbsvej 12,9230,"03Sep2018 0:00:00,000",,1081,851,1081,"Godthåbsvej 12, 9230 Denmark",56.972444,9.851746,2018-09-03,,2018,2025,2018,POINT (9.851746 56.972444),2019
670,092-2,Vodskov Apotek,7,Vodskovvej 41,9310,"01Jul2015 0:00:00,000",,1081,851,1081,"Vodskovvej 41, 9310 Denmark",57.104704,10.029508,2015-07-01,,2015,2025,2015,POINT (10.029508 57.10470400000001),2019
697,181,Aalborg Budolfi Apote,6,Algade 60,9000,"01Jan1900 0:00:00,000",,1081,851,1081,"Algade 60, 9000 Denmark",57.048407,9.916179,1900-01-01,,1900,2025,2008,POINT (9.916179 57.048407),2019
698,063,Aalborg Løve Apotek,6,Nytorv 3,9000,01-01-1813 00:00,,1081,851,1081,"Nytorv 3, 9000 Denmark",57.048682,9.922587,1813-01-01,,1813,2025,2008,POINT (9.922587 57.04868199999999),2019
699,092,Aalborg Nørresundby,6,Torvet 3A,9400,01-01-1844 00:00,,1081,851,1081,"Torvet 3A, 9400 Denmark",57.0483,9.9352,1844-01-01,,1844,2025,2008,POINT (9.9352 57.0483),2019
700,255,Aalborg Reberbane Apo,6,Reberbansgade 25,9000,"01Jan1920 0:00:00,000",,1081,851,1081,"Reberbansgade 25, 9000 Denmark",57.049627,9.911455,1920-01-01,,1920,2025,2008,POINT (9.911455 57.049627),2019
701,361-1,Aalborg Storcenter Ap,7,Hobrovej 452,9200,"01Sep2015 0:00:00,000",,1081,851,1081,"Hobrovej 452, 9200 Denmark",57.004796,9.875935,2015-09-01,,2015,2025,2015,POINT (9.875935 57.004796),2019
704,306,Aalborg Vejgaard Apot,6,Hadsundvej 33 B,9000,"01Jan1922 0:00:00,000",,1081,851,1081,"Hadsundvej 33 B, 9000 Denmark",57.0204119,9.967827,1922-01-01,,1922,2025,2008,POINT (9.967827 57.02041189999999),2019
705,306-1,Aalborg Ø Fyrkilden,7,"Fyrkildevej 7, stuen",9220,"01Jul2015 0:00:00,000",,1081,851,1081,"Fyrkildevej 7, stuen, 9220 Denmark",57.027041,10.004549,2015-07-01,,2015,2025,2015,POINT (10.004549 57.027041),2019
706,361,Aalborg Aalborghus Ap,6,Grønlands Torv 10,9210,"01Jan1966 0:00:00,000",,1081,851,1081,"Grønlands Torv 10, 9210 Denmark",57.022597,9.941768,1966-01-01,,1966,2025,2008,POINT (9.941768 57.022597),2019
225,356,Hirtshals Apotek,6,Jørgen Fibigersgade 18,9850,"01Jan1959 0:00:00,000",,1081,860,1081,"Jørgen Fibigersgade 18, 9850 Denmark",57.590496,9.959974,1959-01-01,,1959,2025,2008,POINT (9.959974000000001 57.5904959,2019
231,045-1,Hjørring Hjorte Apot,7,Frederikshavnsvej 44,9800,"01Feb2018 0:00:00,000",,1081,860,1081,"Frederikshavnsvej 44, 9800 Denmark",57.455191,10.006088,2018-02-01,,2018,2025,2018,POINT (10.006088 57.45519100000001),2019
232,045,Hjørring Løve Apote,6,Østergade 7 A,9800,01-01-1794 00:00,,1081,860,1081,"Østergade 7 A, 9800 Denmark",57.4577455,9.9949392,1794-01-01,,1794,2025,2008,POINT (9.994939199999999 57.4577454,2019
387,105-4,Løkken Apotek,7,Jyllandsgade 13,9480,01.09.2013,,1081,860,1081,"Jyllandsgade 13, 9480 Denmark",57.368501,9.712002,2013-01-09,,2013,2025,2013,POINT (9.712002 57.368501),2019
516,356-1,Sindal Apotek,7,Vestergade 2 A,9870,"01Jan2005 0:00:00,000",,1081,860,1081,"Vestergade 2 A, 9870 Denmark",57.470677,10.1987474,2005-01-01,,2005,2025,2008,POINT (10.1987474 57.470677),2019
675,172-1,Vrå Apotek,7,Jernbanegade 6,9760,"01Sep2013 0:00:00,000",,1081,860,1081,"Jernbanegade 6, 9760 Denmark",57.353965,9.942166,2013-09-01,,2013,2025,2013,POINT (9.942166 57.353965),2019
