VAR1,ApotekNr,Navn,TypeID,Adresse,PostNr,Startdato,Slutdato,amt,Kommune,Region,Adresse_v2,latitudes,longitudes,Stdato,Sldato,Styear,Slyear,dummy,geometry,Year,GNS_OMS,GNS_MED_PROFIT,ALDER,d65,d17,samlet_ind,Besk,Besk1864,DK
348,243,København Amagerbro,6,Reberbanegade 3,2300,"01Jan1913 0:00:00,000",,1084,101,1084,"Reberbanegade 3, 2300 Denmark",55.662829,12.603788,1913-01-01,,1913,2025,2008,POINT (12.603788 55.662829),2009,34303715.463,11329827.385,35.87,0.1043414715,0.1738974041,178929.41201,0.5301180986,0.7077317132,0.7856002982
349,341,København Apoteket R,6,Tuborgvej 269,2400,"01Jan1935 0:00:00,000",,1084,101,1084,"Tuborgvej 269, 2400 Denmark",55.71175,12.53244,1935-01-01,,1935,2025,2008,POINT (12.53244 55.71175),2009,34303715.463,11329827.385,35.87,0.1043414715,0.1738974041,178929.41201,0.5301180986,0.7077317132,0.7856002982
352,242,København Apoteket S,6,Nørrebrogade 224,2200,"01Jan1913 0:00:00,000",,1084,101,1084,"Nørrebrogade 224, 2200 Denmark",55.700139,12.540203,1913-01-01,,1913,2025,2008,POINT (12.540203 55.700139),2009,34303715.463,11329827.385,35.87,0.1043414715,0.1738974041,178929.41201,0.5301180986,0.7077317132,0.7856002982
353,232,København Apoteket T,6,Ndr. Frihavnsgade 3,2100,"01Jan1909 0:00:00,000",,1084,101,1084,"Ndr. Frihavnsgade 3, 2100 Denmark",55.700024,12.578069,1909-01-01,,1909,2025,2008,POINT (12.578069 55.700024),2009,34303715.463,11329827.385,35.87,0.1043414715,0.1738974041,178929.41201,0.5301180986,0.7077317132,0.7856002982
358,029,København Christians,6,Torvegade 47,1400,01-01-1753 00:00,,1084,101,1084,"Torvegade 47, 1400 Denmark",55.672344,12.591926,1753-01-01,,1753,2025,2008,POINT (12.591926 55.672344),2009,34303715.463,11329827.385,35.87,0.1043414715,0.1738974041,178929.41201,0.5301180986,0.7077317132,0.7856002982
360,329,København Dyveke Apo,6,Øresundsvej 53,2300,"01Jan1932 0:00:00,000",31-MAY-2010,1084,101,1084,"Øresundsvej 53, 2300 Denmark",55.660788,12.614192,1932-01-01,2010-05-31,1932,2010,2008,POINT (12.614192 55.660788),2009,34303715.463,11329827.385,35.87,0.1043414715,0.1738974041,178929.41201,0.5301180986,0.7077317132,0.7856002982
361,309,København Enghave Ap,13,Enghave Plads 25,1670,"01Jan1922 0:00:00,000",,1084,101,1084,"Enghave Plads 25, 1670 Denmark",55.666133,12.544116,1922-01-01,,1922,2025,2008,POINT (12.544116 55.666133),2009,34303715.463,11329827.385,35.87,0.1043414715,0.1738974041,178929.41201,0.5301180986,0.7077317132,0.7856002982
367,334,København Grøndalsa,13,Godthåbsvej 187A,2720,"01Jan1935 0:00:00,000",,1084,101,1084,"Godthåbsvej 187A, 2720 Denmark",55.6908748,12.5159263,1935-01-01,,1935,2025,2008,POINT (12.5159263 55.6908748),2009,34303715.463,11329827.385,35.87,0.1043414715,0.1738974041,178929.41201,0.5301180986,0.7077317132,0.7856002982
371,341-2,København Hamlets Ap,7,Hamletsgade 2,2200,"01Jun2009 0:00:00,000",,1084,101,1084,"Hamletsgade 2, 2200 Denmark",55.703088,12.547708,2009-06-01,,2009,2025,2009,POINT (12.547708 55.703088),2009,34303715.463,11329827.385,35.87,0.1043414715,0.1738974041,178929.41201,0.5301180986,0.7077317132,0.7856002982
374,322,København Husum Apot,6,Frederikssundsvej 320,2700,"01Jan1929 0:00:00,000",,1084,101,1084,"Frederikssundsvej 320, 2700 Denmark",55.711998,12.47255,1929-01-01,,1929,2025,2008,POINT (12.47255 55.711998),2009,34303715.463,11329827.385,35.87,0.1043414715,0.1738974041,178929.41201,0.5301180986,0.7077317132,0.7856002982
375,029-1,København Islands Br,7,Islands Brygge 3-5,2300,"01Feb2003 0:00:00,000",,1084,101,1084,"Islands Brygge 3-5, 2300 Denmark",55.6695424,12.5797902,2003-02-01,,2003,2025,2008,POINT (12.5797902 55.6695424),2009,34303715.463,11329827.385,35.87,0.1043414715,0.1738974041,178929.41201,0.5301180986,0.7077317132,0.7856002982
379,021,København Kongelig H,6,Store Kongensgade 45,1264,01-01-1753 00:00,,1084,101,1084,"Store Kongensgade 45, 1264 Denmark",55.683269,12.586637,1753-01-01,,1753,2025,2008,POINT (12.586637 55.683269),2009,34303715.463,11329827.385,35.87,0.1043414715,0.1738974041,178929.41201,0.5301180986,0.7077317132,0.7856002982
382,338,København Linde Apot,6,Frederikssundsvej 152,2700,"01Jan1937 0:00:00,000",,1084,101,1084,"Frederikssundsvej 152, 2700 Denmark",55.704659,12.500087,1937-01-01,,1937,2025,2008,POINT (12.500087 55.704659),2009,34303715.463,11329827.385,35.87,0.1043414715,0.1738974041,178929.41201,0.5301180986,0.7077317132,0.7856002982
384,090,København Nørrebro,6,Nørrebrogade 8,2200,01-01-1843 00:00,,1084,101,1084,"Nørrebrogade 8, 2200 Denmark",55.687462,12.56233,1843-01-01,,1843,2025,2008,POINT (12.56233 55.687462),2009,34303715.463,11329827.385,35.87,0.1043414715,0.1738974041,178929.41201,0.5301180986,0.7077317132,0.7856002982
389,134,København Sct. Stefa,13,Nørrebrogade 140,2200,01-01-1881 00:00,,1084,101,1084,"Nørrebrogade 140, 2200 Denmark",55.694695,12.548836,1881-01-01,,1881,2025,2008,POINT (12.548836 55.694695),2009,34303715.463,11329827.385,35.87,0.1043414715,0.1738974041,178929.41201,0.5301180986,0.7077317132,0.7856002982
392,183,København Steno Apot,6,Vesterbrogade 6 C,1620,"01Jan1900 0:00:00,000",,1084,101,1084,"Vesterbrogade 6 C, 1620 Denmark",55.6726557,12.550866,1900-01-01,,1900,2025,2008,POINT (12.550866 55.6726557),2009,34303715.463,11329827.385,35.87,0.1043414715,0.1738974041,178929.41201,0.5301180986,0.7077317132,0.7856002982
397,332,København Sydhavnsap,13,Borgbjergsvej 15,2450,"01Jan1933 0:00:00,000",,1084,101,1084,"Borgbjergsvej 15, 2450 Denmark",55.651462,12.537598,1933-01-01,,1933,2025,2008,POINT (12.537598 55.651462),2009,34303715.463,11329827.385,35.87,0.1043414715,0.1738974041,178929.41201,0.5301180986,0.7077317132,0.7856002982
399,199,København Sønderbro,6,Amagerbrogade 158,2300,"01Jan1902 0:00:00,000",,1084,101,1084,"Amagerbrogade 158, 2300 Denmark",55.654731,12.610199,1902-01-01,,1902,2025,2008,POINT (12.610199 55.654731),2009,34303715.463,11329827.385,35.87,0.1043414715,0.1738974041,178929.41201,0.5301180986,0.7077317132,0.7856002982
400,318,København Trekroner,6,Vigerslev Allé 38,2500,"01Jan1925 0:00:00,000",,1084,101,1084,"Vigerslev Allé 38, 2500 Denmark",55.661884,12.518641,1925-01-01,,1925,2025,2008,POINT (12.518641 55.661884),2009,34303715.463,11329827.385,35.87,0.1043414715,0.1738974041,178929.41201,0.5301180986,0.7077317132,0.7856002982
401,031,København Vaisenhus,13,Landemærket 3-5,1119,01-01-1753 00:00,,1084,101,1084,"Landemærket 3-5, 1119 Denmark",55.6827864,12.5776629,1753-01-01,,1753,2025,2008,POINT (12.5776629 55.6827864),2009,34303715.463,11329827.385,35.87,0.1043414715,0.1738974041,178929.41201,0.5301180986,0.7077317132,0.7856002982
402,197,København Valby Apot,6,Valby Langgade 49,2500,"01Jan1902 0:00:00,000",,1084,101,1084,"Valby Langgade 49, 2500 Denmark",55.666526,12.516945,1902-01-01,,1902,2025,2008,POINT (12.516945 55.666526),2009,34303715.463,11329827.385,35.87,0.1043414715,0.1738974041,178929.41201,0.5301180986,0.7077317132,0.7856002982
406,202,København Øresunds,6,Østerbrogade 151,2100,"01Jan1902 0:00:00,000",,1084,101,1084,"Østerbrogade 151, 2100 Denmark",55.714092,12.577286,1902-01-01,,1902,2025,2008,POINT (12.577286 55.714092),2009,34303715.463,11329827.385,35.87,0.1043414715,0.1738974041,178929.41201,0.5301180986,0.7077317132,0.7856002982
408,320,København Østerbro,13,Østerbrogade 101,2100,"01Jan1929 0:00:00,000",,1084,101,1084,"Østerbrogade 101, 2100 Denmark",55.709432,12.577196,1929-01-01,,1929,2025,2008,POINT (12.577196 55.709432),2009,34303715.463,11329827.385,35.87,0.1043414715,0.1738974041,178929.41201,0.5301180986,0.7077317132,0.7856002982
700,343,Vanløse Løve Apotek,6,"Vanløse Torv 1, st. 123",2720,"01Jan1937 0:00:00,000",,1084,101,1084,"Vanløse Torv 1, st. 123, 2720 Denmark",55.708988,12.583695,1937-01-01,,1937,2025,2008,POINT (12.583695 55.708988),2009,34303715.463,11329827.385,35.87,0.1043414715,0.1738974041,178929.41201,0.5301180986,0.7077317132,0.7856002982
147,111,Frederiksberg Apotek,6,Gammel Kongevej 162,1850,01-01-1867 00:00,,1084,147,1084,"Gammel Kongevej 162, 1850 Denmark",55.6760515,12.5432969,1867-01-01,,1867,2025,2008,POINT (12.5432969 55.6760515),2009,34306578.75,11315831.13,39.31,0.1601149734,0.1696271635,199948.40267,0.5256158913,0.7459370023,0.8419687776
149,184,Frederiksberg Apoteke,6,Godthåbsvej 4,2000,"12Nov1901 0:00:00,000",,1084,147,1084,"Godthåbsvej 4, 2000 Denmark",55.685538,12.538161,1901-11-12,,1901,2025,2008,POINT (12.538161 55.685538),2009,34306578.75,11315831.13,39.31,0.1601149734,0.1696271635,199948.40267,0.5256158913,0.7459370023,0.8419687776
150,327,Frederiksberg Dalgas,6,Dalgas Boulevard 91,2000,01.03.1994,,1084,147,1084,"Dalgas Boulevard 91, 2000 Denmark",55.681633,12.510563,1994-01-03,,1994,2025,2008,POINT (12.510563 55.681633),2009,34306578.75,11315831.13,39.31,0.1601149734,0.1696271635,199948.40267,0.5256158913,0.7459370023,0.8419687776
152,262,Frederiksberg Gl. Kon,13,Gammel Kongevej 76,1850,"01Jan1916 0:00:00,000",,1084,147,1084,"Gammel Kongevej 76, 1850 Denmark",55.674336,12.551359,1916-01-01,,1916,2025,2008,POINT (12.551359 55.674336),2009,34306578.75,11315831.13,39.31,0.1601149734,0.1696271635,199948.40267,0.5256158913,0.7459370023,0.8419687776
154,185,Frederiksberg Smalleg,6,Smallegade 46,2000,"01Jan1900 0:00:00,000",,1084,147,1084,"Smallegade 46, 2000 Denmark",55.679679,12.523739,1900-01-01,,1900,2025,2008,POINT (12.523739 55.679679),2009,34306578.75,11315831.13,39.31,0.1601149734,0.1696271635,199948.40267,0.5256158913,0.7459370023,0.8419687776
59,225,Ballerup Apotek,6,Centrumgaden 24-26,2750,"01Jan1907 0:00:00,000",,1084,151,1084,"Centrumgaden 24-26, 2750 Denmark",55.7281229,12.3598013,1907-01-01,,1907,2025,2008,POINT (12.3598013 55.7281229),2009,31459238.4,10395709.36,40.18,0.1857004953,0.2265382355,167646.49204,0.4693062648,0.7411138499,0.8736523548
467,225-1,Maaløv Apotek,7,Stationsvej 7,2760,01.04.2000,,1084,151,1084,"Stationsvej 7, 2760 Denmark",55.748557,12.318699,2000-01-04,,2000,2025,2008,POINT (12.318699 55.748557),2009,31459238.4,10395709.36,40.18,0.1857004953,0.2265382355,167646.49204,0.4693062648,0.7411138499,0.8736523548
595,360,Skovlunde Apotek,6,Torvestrædet 2,2740,"01Jan1966 0:00:00,000",,1084,151,1084,"Torvestrædet 2, 2740 Denmark",55.8697314,12.3554134,1966-01-01,,1966,2025,2008,POINT (12.3554134 55.8697314),2009,31459238.4,10395709.36,40.18,0.1857004953,0.2265382355,167646.49204,0.4693062648,0.7411138499,0.8736523548
90,355-1,Brøndby Strand Apote,7,Brøndby Strand Centrum 16,2660,01.01.1992,,1084,153,1084,"Brøndby Strand Centrum 16, 2660 Denmark",55.621545,12.42262,1992-01-01,,1992,2025,2008,POINT (12.42262 55.621545),2009,,,40.59,0.1793164669,0.2177245155,153646.54712,0.457342035,0.7053128225,0.7479976268
92,354,Brøndbyøster Apotek,6,Nygårds Plads 29A,2605,"01Jan1957 0:00:00,000",,1084,153,1084,"Nygårds Plads 29A, 2605 Denmark",55.667523,12.437595,1957-01-01,,1957,2025,2008,POINT (12.437595 55.667523),2009,,,40.59,0.1793164669,0.2177245155,153646.54712,0.457342035,0.7053128225,0.7479976268
109,350-1,Dragør Apotek,7,Maglebytorv 18,2791,"01Sep2006 0:00:00,000",,1084,155,1084,"Maglebytorv 18, 2791 Denmark",55.59519,12.660578,2006-09-01,,2006,2025,2008,POINT (12.660578 55.59519),2009,,,42.51,0.2022264819,0.2320112061,200677.62231,0.4988560041,0.802739726,0.9350505572
102,159,Charlottenlund Apotek,6,"Lindegårdsvej 51, st",2920,01-01-1894 00:00,,1084,157,1084,"Lindegårdsvej 51, st, 2920 Denmark",55.75463,12.569751,1894-01-01,,1894,2025,2008,POINT (12.569751 55.75463),2009,34199764.162,11133553.44,40.69,0.1751815572,0.2347998649,256090.80457,0.5064383136,0.7832037325,0.882684325
165,215,Gentofte Apotek,13,Gentoftegade 35,2820,"01Jan1904 0:00:00,000",,1084,157,1084,"Gentoftegade 35, 2820 Denmark",55.747369,12.541228,1904-01-01,,1904,2025,2008,POINT (12.541228 55.747369),2009,34199764.162,11133553.44,40.69,0.1751815572,0.2347998649,256090.80457,0.5064383136,0.7832037325,0.882684325
220,182,Hellerup Apotek,13,Strandvejen 165,2900,"01Jan1900 0:00:00,000",,1084,157,1084,"Strandvejen 165, 2900 Denmark",55.732495,12.575353,1900-01-01,,1900,2025,2008,POINT (12.575353 55.732495),2009,34199764.162,11133553.44,40.69,0.1751815572,0.2347998649,256090.80457,0.5064383136,0.7832037325,0.882684325
523,325,Ordrup Apotek,6,Ordrupvej 80,2920,"01Jan1930 0:00:00,000",,1084,157,1084,"Ordrupvej 80, 2920 Denmark",55.761535,12.574219,1930-01-01,,1930,2025,2008,POINT (12.574219 55.761535),2009,34199764.162,11133553.44,40.69,0.1751815572,0.2347998649,256090.80457,0.5064383136,0.7832037325,0.882684325
58,353,Bagsværd Apotek,6,Bagsværd Torv 6,2880,"01Jan1956 0:00:00,000",,1084,159,1084,"Bagsværd Torv 6, 2880 Denmark",55.76157,12.452301,1956-01-01,,1956,2025,2008,POINT (12.452301 55.76157),2009,42720684.8,13950286.63,39.24,0.1597142055,0.2298680228,180820.66739,0.4996323472,0.7623886557,0.8570378135
98,358,Buddinge Apotek,13,Søborg Hovedgade 201,2860,"01Jan1961 0:00:00,000",,1084,159,1084,"Søborg Hovedgade 201, 2860 Denmark",55.741866,12.497438,1961-01-01,,1961,2025,2008,POINT (12.497438 55.741866),2009,42720684.8,13950286.63,39.24,0.1597142055,0.2298680228,180820.66739,0.4996323472,0.7623886557,0.8570378135
646,312,Søborg Apotek,6,Søborg Hovedgade 86,2860,"01Jan1925 0:00:00,000",,1084,159,1084,"Søborg Hovedgade 86, 2860 Denmark",55.734786,12.513729,1925-01-01,,1925,2025,2008,POINT (12.513729 55.734786),2009,42720684.8,13950286.63,39.24,0.1597142055,0.2298680228,180820.66739,0.4996323472,0.7623886557,0.8570378135
174,109,Glostrup Apotek,6,Hovedvejen 101,2600,01-01-1863 00:00,,1084,161,1084,"Hovedvejen 101, 2600 Denmark",55.665658,12.396538,1863-01-01,,1863,2025,2008,POINT (12.396538 55.665658),2009,,,40.68,0.1806442524,0.2020567243,178277.01285,0.5077031802,0.7704930545,0.8681272085
229,351,Herlev Apotek,6,Herlev Torv 13,2730,"01Jan1951 0:00:00,000",,1084,163,1084,"Herlev Torv 13, 2730 Denmark",55.724141,12.438964,1951-01-01,,1951,2025,2008,POINT (12.438964 55.724141),2009,,,40.74,0.1816162073,0.2203645127,169000.74236,0.4936064275,0.7658032394,0.8548149825
0,359,Albertslund Apotek,6,Bytorvet 5,2620,"01Jan1966 0:00:00,000",,1084,165,1084,"Bytorvet 5, 2620 Denmark",55.656514,12.353695,1966-01-01,,1966,2025,2008,POINT (12.353695 55.656514),2009,,,37.33,0.1363865849,0.2395961053,156234.35254,0.4739696312,0.7050717925,0.7414316703
159,355,Friheden Apotek,6,Strandmarksvej 20,2650,"01Jan1958 0:00:00,000",,1084,167,1084,"Strandmarksvej 20, 2650 Denmark",55.626891,12.484661,1958-01-01,,1958,2025,2008,POINT (12.484661 55.626891),2009,,,39.49,0.1649103049,0.2227093556,170092.81671,0.4985289969,0.7633733355,0.8551968726
280,348,Hvidovre Apotek,6,Hvidovrevej 178,2650,"01Jan1950 0:00:00,000",,1084,167,1084,"Hvidovrevej 178, 2650 Denmark",55.65347,12.474295,1950-01-01,,1950,2025,2008,POINT (12.474295 55.65347),2009,,,39.49,0.1649103049,0.2227093556,170092.81671,0.4985289969,0.7633733355,0.8551968726
218,252-1,Hedehusene Apotek,7,Hovedgaden 421,2640,01.01.1992,,1084,169,1084,"Hovedgaden 421, 2640 Denmark",55.649489,12.200141,1992-01-01,,1992,2025,2008,POINT (12.200141 55.649489),2009,,,38.23,0.1438402148,0.2371181605,172221.43302,0.4938920544,0.7407872413,0.7956729253
682,252,Taastrup Apotek,6,Taastrup Hovedgade 60,2630,"01Jan1908 0:00:00,000",,1084,169,1084,"Taastrup Hovedgade 60, 2630 Denmark",55.65025,12.301525,1908-01-01,,1908,2025,2008,POINT (12.301525 55.65025),2009,,,38.23,0.1438402148,0.2371181605,172221.43302,0.4938920544,0.7407872413,0.7956729253
430,342,Lyngby Løve Apotek,6,Jernbanepladsen 43,2800,11.04.1979,,1084,173,1084,"Jernbanepladsen 43, 2800 Denmark",55.768562,12.503108,1979-11-04,,1979,2025,2008,POINT (12.503108 55.768562),2009,35049291.7,11399762.98,41.44,0.191339472,0.2123207688,207524.1106,0.4967040148,0.7740145797,0.8897430477
432,059,Lyngby Svane Apotek,6,Lyngby Hovedgade 27,2800,01-01-1806 00:00,,1084,173,1084,"Lyngby Hovedgade 27, 2800 Denmark",55.771531,12.502527,1806-01-01,,1806,2025,2008,POINT (12.502527 55.771531),2009,35049291.7,11399762.98,41.44,0.191339472,0.2123207688,207524.1106,0.4967040148,0.7740145797,0.8897430477
734,349,Virum Apotek,13,Frederiksdalsvej 73,2830,"01Jan1950 0:00:00,000",,1084,173,1084,"Frederiksdalsvej 73, 2830 Denmark",55.795311,12.473014,1950-01-01,,1950,2025,2008,POINT (12.473014 55.795311),2009,35049291.7,11399762.98,41.44,0.191339472,0.2123207688,207524.1106,0.4967040148,0.7740145797,0.8897430477
562,339,Rødovre Apotek,6,"Rødovre Centrum 1C, st. 124",2610,"01Jan1937 0:00:00,000",,1084,175,1084,"Rødovre Centrum 1C, st. 124, 2610 Denmark",55.711942,12.547045,1937-01-01,,1937,2025,2008,POINT (12.547045 55.711942),2009,,,40.75,0.1869290426,0.2155217619,167825.70269,0.4896769022,0.7645155325,0.857936486
302,365-1,Ishøj Apotek,7,"Ishøj Nørregade 12, Ishøj Byce",2635,01.01.1991,,1084,183,1084,"Ishøj Nørregade 12, Ishøj Bycenter, 2635 Den",55.6154,12.3518,1991-01-01,,1991,2025,2008,POINT (12.3518 55.6154),2009,,,37.12,0.1226341842,0.2405124721,156563.20807,0.4768144179,0.6997325182,0.6805163176
322,350,Kastrup Apotek,6,Skottegården 2,2770,"01Jan1950 0:00:00,000",,1084,185,1084,"Skottegården 2, 2770 Denmark",55.6377,12.635151,1950-01-01,,1950,2025,2008,POINT (12.635151 55.6377),2009,,,40.95,0.174974618,0.2202907164,175698.99014,0.4995659399,0.7736251127,0.9025225091
679,323,Tårnby Apotek,6,Kamillevej 4,2770,"01Jan1929 0:00:00,000",,1084,185,1084,"Kamillevej 4, 2770 Denmark",55.632714,12.622263,1929-01-01,,1929,2025,2008,POINT (12.622263 55.632714),2009,,,40.95,0.174974618,0.2202907164,175698.99014,0.4995659399,0.7736251127,0.9025225091
696,359-1,Vallensbæk Apotek,7,Vallensbæk Stationstorv 60,2665,01.01.1992,01-APR-2020,1084,187,1084,"Vallensbæk Stationstorv 60, 2665 Denmark",55.62323,12.388825,1992-01-01,2020-04-01,1992,2020,2008,POINT (12.388825 55.62323),2009,,,38.88,0.15500178,0.2437878248,194613.94969,0.5261617532,0.8082078045,0.8356056821
134,278,Farum Apotek,6,Farum Bytorv 69,3520,01-01-1885 00:00,,1084,190,1084,"Farum Bytorv 69, 3520 Denmark",55.814654,12.381689,1885-01-01,,1885,2025,2008,POINT (12.381689 55.814654),2009,,,40.31,0.1784630676,0.2562251517,209022.37909,0.4967637116,0.7990273275,0.8808731427
744,362,Værløse Apotek,6,Bymidten 13,3500,"01Jan1967 0:00:00,000",,1084,190,1084,"Bymidten 13, 3500 Denmark",55.784539,12.373718,1967-01-01,,1967,2025,2008,POINT (12.373718 55.784539),2009,,,40.31,0.1784630676,0.2562251517,209022.37909,0.4967637116,0.7990273275,0.8808731427
2,346-1,Allerød Apotek,7,Allerød Stationsvej 9,3450,07.03.2008,,1084,201,1084,"Allerød Stationsvej 9, 3450 Denmark",55.871124,12.355782,2008-07-03,,2008,2025,2008,POINT (12.355782 55.871124),2009,,,39.28,0.1604881896,0.2689609365,212992.03241,0.5216903049,0.8351304094,0.9358233166
144,154-2,Fredensborg Apotek,7,Jernbanegade 3,3480,01.01.1992,,1084,210,1084,"Jernbanegade 3, 3480 Denmark",55.979023,12.398907,1992-01-01,,1992,2025,2008,POINT (12.398907 55.979023),2009,26874558.1,8750117.58,40.41,0.1631315964,0.2443277418,195361.01132,0.4994636563,0.7706951503,0.8681105379
271,154,Humlebæk Apotek,6,Humlebæk Center 23,3050,01-01-1893 00:00,,1084,210,1084,"Humlebæk Center 23, 3050 Denmark",55.964006,12.529982,1893-01-01,,1893,2025,2008,POINT (12.529982 55.964006),2009,26874558.1,8750117.58,40.41,0.1631315964,0.2443277418,195361.01132,0.4994636563,0.7706951503,0.8681105379
479,079-1,Nivå Apotek,7,Nivå Center 75,2990,01.01.1992,,1084,210,1084,"Nivå Center 75, 2990 Denmark",55.93464,12.504554,1992-01-01,,1992,2025,2008,POINT (12.504554 55.93464),2009,26874558.1,8750117.58,40.41,0.1631315964,0.2443277418,195361.01132,0.4994636563,0.7706951503,0.8681105379
128,154-1,Espergærde Apotek,7,Nørremarken 3,3060,01.01.1992,,1084,217,1084,"Nørremarken 3, 3060 Denmark",55.996762,12.5432234,1992-01-01,,1992,2025,2008,POINT (12.5432234 55.996762),2009,34074183.45,11282146.673,41.27,0.1856631176,0.2270578807,171412.4964,0.4779694899,0.7446316024,0.8889708172
224,364,Helsingør Axeltorvs,6,Groskenstræde 2 A,3000,"01Jan1968 0:00:00,000",,1084,217,1084,"Groskenstræde 2 A, 3000 Denmark",56.0367464,12.6107202,1968-01-01,,1968,2025,2008,POINT (12.6107202 56.0367464),2009,34074183.45,11282146.673,41.27,0.1856631176,0.2270578807,171412.4964,0.4779694899,0.7446316024,0.8889708172
225,238,Helsingør Stengades,6,Stengade 46,3000,"01Jan1912 0:00:00,000",,1084,217,1084,"Stengade 46, 3000 Denmark",56.0356385,12.6154715,1912-01-01,,1912,2025,2008,POINT (12.6154715 56.0356385),2009,34074183.45,11282146.673,41.27,0.1856631176,0.2270578807,171412.4964,0.4779694899,0.7446316024,0.8889708172
257,113-1,Hornbæk Apotek,7,Sauntevej 2,3100,01.01.1992,,1084,217,1084,"Sauntevej 2, 3100 Denmark",56.0806998,12.4792214,1992-01-01,,1992,2025,2008,POINT (12.4792214 56.0806998),2009,34074183.45,11282146.673,41.27,0.1856631176,0.2270578807,171412.4964,0.4779694899,0.7446316024,0.8889708172
234,044,Hillerød Frederiksbo,6,Slotsgade 26,3400,01-01-1792 00:00,,1084,219,1084,"Slotsgade 26, 3400 Denmark",55.930404,12.299802,1792-01-01,,1792,2025,2008,POINT (12.299802 55.930404),2009,,,38.94,0.1574579235,0.2520590652,188653.06739,0.5141066492,0.8004499518,0.9105277596
235,367,Hillerød Krone Apote,6,Helsingørsgade 10,3400,"01Jan1998 0:00:00,000",,1084,219,1084,"Helsingørsgade 10, 3400 Denmark",55.9303626,12.3050612,1998-01-01,,1998,2025,2008,POINT (12.3050612 55.9303626),2009,,,38.94,0.1574579235,0.2520590652,188653.06739,0.5141066492,0.8004499518,0.9105277596
294,079,Hørsholm Apotek,6,Hørsholm Midtpunkt 78,2970,01-01-1840 00:00,,1084,223,1084,"Hørsholm Midtpunkt 78, 2970 Denmark",55.882527,12.49756,1840-01-01,,1840,2025,2008,POINT (12.49756 55.882527),2009,,,43.47,0.2265977521,0.2265157109,231626.50747,0.489058901,0.7932435483,0.9121010201
71,346,Birkerød Apotek,6,Teglporten 27,3460,"01Jan1938 0:00:00,000",,1084,230,1084,"Teglporten 27, 3460 Denmark",55.838563,12.431699,1938-01-01,,1938,2025,2008,POINT (12.431699 55.838563),2009,35052057.75,11448331.56,41.71,0.2017853207,0.2405223716,226642.79843,0.4860598908,0.7871988351,0.9000774451
255,283,Holte Apotek,6,"Holte Midtpunkt 20, 1. sal",2840,"01Jan1919 0:00:00,000",,1084,230,1084,"Holte Midtpunkt 20, 1. sal, 2840 Denmark",55.811887,12.471571,1919-01-01,,1919,2025,2008,POINT (12.471571 55.811887),2009,35052057.75,11448331.56,41.71,0.2017853207,0.2405223716,226642.79843,0.4860598908,0.7871988351,0.9000774451
494,138,Nærum Apotek,6,Nærum Vænge Torv 35,2850,01-01-1873 00:00,,1084,230,1084,"Nærum Vænge Torv 35, 2850 Denmark",55.816,12.5385,1873-01-01,,1873,2025,2008,POINT (12.5385 55.816),2009,35052057.75,11448331.56,41.71,0.2017853207,0.2405223716,226642.79843,0.4860598908,0.7871988351,0.9000774451
620,369,Stenløse Apotek,13,Egedal Centret 2,3660,"01Jun2004 0:00:00,000",,1084,240,1084,"Egedal Centret 2, 3660 Denmark",55.76822,12.194889,2004-06-01,,2004,2025,2008,POINT (12.194889 55.76822),2009,,,38.02,0.1392094043,0.2693614049,201324.90148,0.5332802586,0.8317166612,0.9389158283
157,068,Frederikssund Apotek,6,"Nygade 1, 1. sal 18",3600,01-01-1815 00:00,,1084,250,1084,"Nygade 1, 1. sal 18, 3600 Denmark",55.836515,12.06505,1815-01-01,,1815,2025,2008,POINT (12.06505 55.836515),2009,,,40.74,0.1805712734,0.2343714635,176139.21608,0.5017788756,0.7876969533,0.9435518593
589,130,Skibby Apotek,6,Hovedgaden 40,4050,01-01-1876 00:00,,1084,250,1084,"Hovedgaden 40, 4050 Denmark",55.751455,11.959362,1876-01-01,,1876,2025,2008,POINT (11.959362 55.751455),2009,,,40.74,0.1805712734,0.2343714635,176139.21608,0.5017788756,0.7876969533,0.9435518593
179,370,Greve Apotek,6,Greve Midtby Center 14 B,2670,"27Jun2005 0:00:00,000",,1085,253,1085,"Greve Midtby Center 14 B, 2670 Denmark",55.5822503,12.2952687,2005-06-27,,2005,2025,2008,POINT (12.2952687 55.5822503),2009,,,39.84,0.1613975662,0.2430686238,188087.6323,0.5111069238,0.7851245477,0.8897682306
274,365,Hundige Apotek,6,Over Bølgen 19H,2670,"01Jan1976 0:00:00,000",,1085,253,1085,"Over Bølgen 19H, 2670 Denmark",55.5970596,12.3268903,1976-01-01,,1976,2025,2008,POINT (12.3268903 55.5970596),2009,,,39.84,0.1613975662,0.2430686238,188087.6323,0.5111069238,0.7851245477,0.8897682306
76,180,Borup Apotek,6,Hovedgaden 15,4140,01-01-1899 00:00,,1085,259,1085,"Hovedgaden 15, 4140 Denmark",55.494647,11.97249,1899-01-01,,1899,2025,2008,POINT (11.97249 55.494647),2009,26813481.525,8900692.4775,39.15,0.156463895,0.2443063457,173678.24781,0.4959051611,0.76188666,0.9148589166
410,368,Køge Boholte Apotek,6,Marksvinget 31,4600,"01Jan1999 0:00:00,000",,1085,259,1085,"Marksvinget 31, 4600 Denmark",55.4495706,12.172474,1999-01-01,,1999,2025,2008,POINT (12.172474 55.4495706),2009,26813481.525,8900692.4775,39.15,0.156463895,0.2443063457,173678.24781,0.4959051611,0.76188666,0.9148589166
412,014,Køge Torvets Apotek,6,Brogade 1,4600,19.11.1979,,1085,259,1085,"Brogade 1, 4600 Denmark",55.4545499,12.1812478,1979-11-19,,1979,2025,2008,POINT (12.1812478 55.4545499),2009,26813481.525,8900692.4775,39.15,0.156463895,0.2443063457,173678.24781,0.4959051611,0.76188666,0.9148589166
749,368-1,Ølby Apotek,7,Ølby Center 25,4600,01.01.1992,,1085,259,1085,"Ølby Center 25, 4600 Denmark",55.458,12.1821,1992-01-01,,1992,2025,2008,POINT (12.1821 55.458),2009,26813481.525,8900692.4775,39.15,0.156463895,0.2443063457,173678.24781,0.4959051611,0.76188666,0.9148589166
158,080,Frederiksværk Apotek,6,Nørregade 4,3300,11-12-1857 00:00,,1084,260,1084,"Nørregade 4, 3300 Denmark",55.973217,12.021654,1857-11-12,,1857,2025,2008,POINT (12.021654 55.973217),2009,,,41.97,0.1896257683,0.2157865946,158083.75287,0.4718793309,0.7380165737,0.9165243175
273,080-1,Hundested Apotek,6,Nørregade 54,3390,01.01.1992,,1084,260,1084,"Nørregade 54, 3390 Denmark",55.9572481,11.8536231,1992-01-01,,1992,2025,2008,POINT (11.8536231 55.9572481),2009,,,41.97,0.1896257683,0.2157865946,158083.75287,0.4718793309,0.7380165737,0.9165243175
314,170-1,Jyllinge Apotek,7,Jyllinge Center 31,4040,"01Dec2001 0:00:00,000",,1085,265,1085,"Jyllinge Center 31, 4040 Denmark",55.7535209,12.1086079,2001-12-01,,2001,2025,2008,POINT (12.1086079 55.7535209),2009,48570754.35,15954433.27,39.58,0.1615922486,0.2294043711,187757.94559,0.5104195984,0.7772373736,0.9149545404
546,017,Roskilde Dom Apotek,6,Algade 51,4000,01-01-1753 00:00,,1085,265,1085,"Algade 51, 4000 Denmark",55.640674,12.089246,1753-01-01,,1753,2025,2008,POINT (12.089246 55.640674),2009,48570754.35,15954433.27,39.58,0.1615922486,0.2294043711,187757.94559,0.5104195984,0.7772373736,0.9149545404
548,170,Roskilde Svane Apotek,6,Skomagergade 19,4000,01-01-1898 00:00,,1085,265,1085,"Skomagergade 19, 4000 Denmark",55.640778,12.077801,1898-01-01,,1898,2025,2008,POINT (12.077801 55.640778),2009,48570754.35,15954433.27,39.58,0.1615922486,0.2294043711,187757.94559,0.5104195984,0.7772373736,0.9149545404
213,370-1,Havdrup Apotek,7,Møllemarken 8,4622,"27Jun2005 0:00:00,000",,1085,269,1085,"Møllemarken 8, 4622 Denmark",55.543764,12.115263,2005-06-27,,2005,2025,2008,POINT (12.115263 55.543764),2009,,,39.26,0.1482616608,0.2538071066,197407.19528,0.5269777266,0.8103489771,0.9430683564
612,014-1,Solrød Apotek,7,Solrød Center 78,2680,01.01.1992,,1085,269,1085,"Solrød Center 78, 2680 Denmark",55.533005,12.21967,1992-01-01,,1992,2025,2008,POINT (12.21967 55.533005),2009,,,39.26,0.1482616608,0.2538071066,197407.19528,0.5269777266,0.8103489771,0.9430683564
167,113,Gilleleje Apotek,6,Vesterbrogade 6 B,3250,01-01-1869 00:00,,1084,270,1084,"Vesterbrogade 6 B, 3250 Denmark",56.1256179,12.3056349,1869-01-01,,1869,2025,2008,POINT (12.3056349 56.1256179),2009,,,42.13,0.1906669288,0.2244065464,171201.47497,0.499864662,0.7728381561,0.9497773075
223,191,Helsinge Apotek,6,Østergade 35,3200,"01Jan1901 0:00:00,000",,1084,270,1084,"Østergade 35, 3200 Denmark",56.0261355,12.2163846,1901-01-01,,1901,2025,2008,POINT (12.2163846 56.0261355),2009,,,42.13,0.1906669288,0.2244065464,171201.47497,0.499864662,0.7728381561,0.9497773075
47,216,Asnæs Apotek,6,Asnæs Centret 7,4550,"01Jan1905 0:00:00,000",,1085,306,1085,"Asnæs Centret 7, 4550 Denmark",55.811989,11.500561,1905-01-01,,1905,2025,2008,POINT (11.500561 55.811989),2009,,,44.54,0.2247048138,0.1944595822,136240.69414,0.4406815632,0.6887102667,0.9571294303
488,062,Nykøbing Apotek,6,Algade 20,4500,01-01-1809 00:00,,1085,306,1085,"Algade 20, 4500 Denmark",55.922181,11.668122,1809-01-01,,1809,2025,2008,POINT (11.668122 55.922181),2009,,,44.54,0.2247048138,0.1944595822,136240.69414,0.4406815632,0.6887102667,0.9571294303
248,026,Holbæk Elefant Apote,13,Ahlgade 32,4300,01-01-1753 00:00,,1085,316,1085,"Ahlgade 32, 4300 Denmark",55.71768,11.711049,1753-01-01,,1753,2025,2008,POINT (11.711049 55.71768),2009,48408878.65,15964536.5,39.69,0.1568511862,0.2345794393,164561.34827,0.4974432841,0.7512770788,0.927374865
249,239,Holbæk Løve Apotek,6,Labæk 4-6,4300,"01Jan1913 0:00:00,000",,1085,316,1085,"Labæk 4-6, 4300 Denmark",55.716936,11.7184847,1913-01-01,,1913,2025,2008,POINT (11.7184847 55.716936),2009,48408878.65,15964536.5,39.69,0.1568511862,0.2345794393,164561.34827,0.4974432841,0.7512770788,0.927374865
313,116,Jyderup Apotek,6,Sølystvej 1,4450,01-01-1870 00:00,,1085,316,1085,"Sølystvej 1, 4450 Denmark",55.660084,11.395909,1870-01-01,,1870,2025,2008,POINT (11.395909 55.660084),2009,48408878.65,15964536.5,39.69,0.1568511862,0.2345794393,164561.34827,0.4974432841,0.7512770788,0.927374865
129,206,Fakse Apotek,6,Rønnedevej 15,4640,01-01-1892 00:00,,1085,320,1085,"Rønnedevej 15, 4640 Denmark",55.255616,12.116181,1892-01-01,,1892,2025,2008,POINT (12.116181 55.255616),2009,21533096.05,7204548.68,40.76,0.169517929,0.2302441511,162044.21626,0.4934567235,0.7571577058,0.9588100037
209,100,Haslev Apotek,6,Jernbanegade 11,4690,01-01-1856 00:00,,1085,320,1085,"Jernbanegade 11, 4690 Denmark",55.328899,11.963527,1856-01-01,,1856,2025,2008,POINT (11.963527 55.328899),2009,21533096.05,7204548.68,40.76,0.169517929,0.2302441511,162044.21626,0.4934567235,0.7571577058,0.9588100037
319,083,Karise Apotek,6,Bredgade 26,4653,01-01-1842 00:00,30-JUN-2010,1085,320,1085,"Bredgade 26, 4653 Denmark",55.30706,12.201245,1842-01-01,2010-06-30,1842,2010,2008,POINT (12.201245 55.30706),2009,21533096.05,7204548.68,40.76,0.169517929,0.2302441511,162044.21626,0.4934567235,0.7571577058,0.9588100037
191,254-1,Gørlev Apotek,7,Algade 29,4281,01.01.1991,,1085,326,1085,"Algade 29, 4281 Denmark",55.539444,11.226409,1991-01-01,,1991,2025,2008,POINT (11.226409 55.539444),2009,35154061.1,11546804.53,41.36,0.1796204202,0.2231401604,152686.04019,0.4680284553,0.7204326678,0.9515853659
291,254,Høng Apotek,6,Centervej 35,4270,"01Jan1907 0:00:00,000",,1085,326,1085,"Centervej 35, 4270 Denmark",55.504303,11.288948,1907-01-01,,1907,2025,2008,POINT (11.288948 55.504303),2009,35154061.1,11546804.53,41.36,0.1796204202,0.2231401604,152686.04019,0.4680284553,0.7204326678,0.9515853659
317,023,Kalundborg Svane Apot,6,Elmegade 15,4400,01-01-1753 00:00,,1085,326,1085,"Elmegade 15, 4400 Denmark",55.678817,11.097264,1753-01-01,,1753,2025,2008,POINT (11.097264 55.678817),2009,35154061.1,11546804.53,41.36,0.1796204202,0.2231401604,152686.04019,0.4680284553,0.7204326678,0.9515853659
543,077,Ringsted Apotek,6,Sct. Hansgade 23,4100,01-01-1808 00:00,,1085,329,1085,"Sct. Hansgade 23, 4100 Denmark",55.4426,11.7901,1808-01-01,,1808,2025,2008,POINT (11.7901 55.4426),2009,,,38.88,0.146268107,0.2372943776,168184.01439,0.5104708017,0.7659638104,0.903533319
341,043,Korsør Apotek,6,Algade 49,4220,01-01-1761 00:00,,1085,330,1085,"Algade 49, 4220 Denmark",55.3278702,11.1399915,1761-01-01,,1761,2025,2008,POINT (11.1399915 55.3278702),2009,37792551,12587482.928,40.59,0.1753856083,0.2174895127,152055.97175,0.4743114167,0.7193643094,0.9169176285
596,058,Skælskør Apotek,6,Algade 21,4230,01-01-1805 00:00,,1085,330,1085,"Algade 21, 4230 Denmark",55.253746,11.294236,1805-01-01,,1805,2025,2008,POINT (11.294236 55.253746),2009,37792551,12587482.928,40.59,0.1753856083,0.2174895127,152055.97175,0.4743114167,0.7193643094,0.9169176285
601,169,Slagelse Rådhusapote,6,Smedegade 8,4200,01-01-1897 00:00,,1085,330,1085,"Smedegade 8, 4200 Denmark",55.4070549,11.3657424,1897-01-01,,1897,2025,2008,POINT (11.3657424 55.4070549),2009,37792551,12587482.928,40.59,0.1753856083,0.2174895127,152055.97175,0.4743114167,0.7193643094,0.9169176285
602,022,Slagelse Svane Apotek,6,"Jernbanegade 7, st. 4",4200,01-01-1753 00:00,,1085,330,1085,"Jernbanegade 7, st. 4, 4200 Denmark",55.4028,11.3546,1753-01-01,,1753,2025,2008,POINT (11.3546 55.4028),2009,37792551,12587482.928,40.59,0.1753856083,0.2174895127,152055.97175,0.4743114167,0.7193643094,0.9169176285
622,067,Stevns Apotek,6,Nytorv 5,4660,01-01-1815 00:00,,1085,336,1085,"Nytorv 5, 4660 Denmark",55.309773,12.387836,1815-01-01,,1815,2025,2008,POINT (12.387836 55.309773),2009,,,42.24,0.1889106744,0.2153572569,163404.72064,0.4970992645,0.7627586207,0.9600292358
108,207-1,Dianalund Apotek,7,Torvet 5,4293,01.11.2008,,1085,340,1085,"Torvet 5, 4293 Denmark",55.526943,11.49729,2008-01-11,,2008,2025,2008,POINT (11.49729 55.526943),2009,19980798.55,6509630.82,40.30,0.1664521374,0.2366032112,162436.1169,0.4913281064,0.7606978462,0.9570647931
617,007,Sorø Apotek,6,Storgade 19 A,4180,01-01-1753 00:00,,1085,340,1085,"Storgade 19 A, 4180 Denmark",55.4312798,11.5558778,1753-01-01,,1753,2025,2008,POINT (11.5558778 55.4312798),2009,19980798.55,6509630.82,40.30,0.1664521374,0.2366032112,162436.1169,0.4913281064,0.7606978462,0.9570647931
619,207,Stenlille Apotek,6,Hovedgaden 48,4295,"01Jan1903 0:00:00,000",,1085,340,1085,"Hovedgaden 48, 4295 Denmark",55.540055,11.590952,1903-01-01,,1903,2025,2008,POINT (11.590952 55.540055),2009,19980798.55,6509630.82,40.30,0.1664521374,0.2366032112,162436.1169,0.4913281064,0.7606978462,0.9570647931
277,119,Hvalsø Apotek,6,Roskildevej 4,4330,01-01-1871 00:00,,1085,350,1085,"Roskildevej 4, 4330 Denmark",55.589584,11.863888,1871-01-01,,1871,2025,2008,POINT (11.863888 55.589584),2009,,,40.17,0.1610061954,0.2502799134,186906.88289,0.5205771315,0.8116034023,0.9589952529
457,025,Maribo Apotek,6,Vestergade 1,4930,01-01-1753 00:00,,1085,360,1085,"Vestergade 1, 4930 Denmark",54.774378,11.500548,1753-01-01,,1753,2025,2008,POINT (11.500548 54.774378),2009,39043930.25,13216350.3,44.81,0.2273539928,0.1874042227,126744.33585,0.4140481774,0.6420638677,0.9410573438
470,013,Nakskov Løve Apotek,6,Nygade 17-19,4900,01-01-1753 00:00,,1085,360,1085,"Nygade 17-19, 4900 Denmark",54.8296618,11.1403936,1753-01-01,,1753,2025,2008,POINT (11.1403936 54.8296618),2009,39043930.25,13216350.3,44.81,0.2273539928,0.1874042227,126744.33585,0.4140481774,0.6420638677,0.9410573438
558,081,Rødby Løve Apotek,13,Østergade 51,4970,01-01-1819 00:00,,1085,360,1085,"Østergade 51, 4970 Denmark",54.695624,11.393973,1819-01-01,,1819,2025,2008,POINT (11.393973 54.695624),2009,39043930.25,13216350.3,44.81,0.2273539928,0.1874042227,126744.33585,0.4140481774,0.6420638677,0.9410573438
162,137-1,Fuglebjerg Apotek,7,Byagervej 6 A,4250,"01Aug2007 0:00:00,000",,1085,370,1085,"Byagervej 6 A, 4250 Denmark",55.3016809,11.5476596,2007-08-01,,2007,2025,2008,POINT (11.5476596 55.3016809),2009,29664461.4,9845149.476,40.36,0.1681255548,0.2218660617,158268.43377,0.4883425128,0.7391805766,0.9376620811
175,137,Glumsø Apotek,13,Østergade 8,4171,01-01-1883 00:00,,1085,370,1085,"Østergade 8, 4171 Denmark",55.352931,11.692252,1883-01-01,,1883,2025,2008,POINT (11.692252 55.352931),2009,29664461.4,9845149.476,40.36,0.1681255548,0.2218660617,158268.43377,0.4883425128,0.7391805766,0.9376620811
498,012,Næstved Løve Apotek,6,"Apotekergaarden, Axeltorv 12",4700,01-01-1753 00:00,,1085,370,1085,"Apotekergaarden, Axeltorv 12, 4700 Denmark",55.2299,11.7609,1753-01-01,,1753,2025,2008,POINT (11.7609 55.2299),2009,29664461.4,9845149.476,40.36,0.1681255548,0.2218660617,158268.43377,0.4883425128,0.7391805766,0.9376620811
499,188-1,Næstved Sct. Jørgen,7,Sct. Jørgens Park 34,4700,01.01.1991,,1085,370,1085,"Sct. Jørgens Park 34, 4700 Denmark",55.2158,11.757241,1991-01-01,,1991,2025,2008,POINT (11.757241 55.2158),2009,29664461.4,9845149.476,40.36,0.1681255548,0.2218660617,158268.43377,0.4883425128,0.7391805766,0.9376620811
502,188,Næstved Svane Apotek,6,Torvestræde 8,4700,"01Jan1900 0:00:00,000",,1085,370,1085,"Torvestræde 8, 4700 Denmark",55.230064,11.760045,1900-01-01,,1900,2025,2008,POINT (11.760045 55.230064),2009,29664461.4,9845149.476,40.36,0.1681255548,0.2218660617,158268.43377,0.4883425128,0.7391805766,0.9376620811
446,018,Løve Apotek Nykøbin,6,Langgade 5,4800,01-01-1753 00:00,,1085,376,1085,"Langgade 5, 4800 Denmark",54.76734,11.867126,1753-01-01,,1753,2025,2008,POINT (11.867126 54.76734),2009,22361305.5,7457704.455,43.64,0.2125985504,0.1934448118,138435.94236,0.4567616197,0.7028700056,0.9457350763
489,136,Nykøbing F. Svane Ap,6,Slotsbryggen 1-3,4800,01-01-1882 00:00,,1085,376,1085,"Slotsbryggen 1-3, 4800 Denmark",54.771697,11.8642607,1882-01-01,,1882,2025,2008,POINT (11.8642607 54.771697),2009,22361305.5,7457704.455,43.64,0.2125985504,0.1934448118,138435.94236,0.4567616197,0.7028700056,0.9457350763
493,075,Nysted Apotek,6,Adelgade 13,4880,01-01-1827 00:00,30-JUN-2013,1085,376,1085,"Adelgade 13, 4880 Denmark",54.668997,11.728762,1827-01-01,2013-06-30,1827,2013,2008,POINT (11.728762 54.668997),2009,22361305.5,7457704.455,43.64,0.2125985504,0.1934448118,138435.94236,0.4567616197,0.7028700056,0.9457350763
503,195,Nørre Alslev Apotek,6,Apotekergade 1,4840,"01Jan1902 0:00:00,000",,1085,376,1085,"Apotekergade 1, 4840 Denmark",54.898671,11.879174,1902-01-01,,1902,2025,2008,POINT (11.879174 54.898671),2009,22361305.5,7457704.455,43.64,0.2125985504,0.1934448118,138435.94236,0.4567616197,0.7028700056,0.9457350763
570,056,Sakskøbing Apotek,6,Søndergade 9,4990,01-01-1804 00:00,01-DEC-2017,1085,376,1085,"Søndergade 9, 4990 Denmark",54.798908,11.636579,1804-01-01,2017-12-01,1804,2017,2008,POINT (11.636579 54.798908),2009,22361305.5,7457704.455,43.64,0.2125985504,0.1934448118,138435.94236,0.4567616197,0.7028700056,0.9457350763
637,195-1,Stubbekøbing Apotek,7,Torvet 2,4850,"01Jan2006 0:00:00,000",,1085,376,1085,"Torvet 2, 4850 Denmark",54.890308,12.043139,2006-01-01,,2006,2025,2008,POINT (12.043139 54.890308),2009,22361305.5,7457704.455,43.64,0.2125985504,0.1934448118,138435.94236,0.4567616197,0.7028700056,0.9457350763
426,032-1,Lundby Apotek,7,Lundby Hovedgade 90,4750,01.10.1991,,1085,390,1085,"Lundby Hovedgade 90, 4750 Denmark",55.109002,11.876402,1991-01-10,,1991,2025,2008,POINT (11.876402 55.109002),2009,25077251.662,8282438.6475,43.21,0.207387897,0.2074094864,139738.14068,0.4442546382,0.6972785348,0.9532067638
531,086,Præstø Apotek,6,Svend Gønges Torv 12,4720,01-01-1816 00:00,,1085,390,1085,"Svend Gønges Torv 12, 4720 Denmark",55.121942,12.040149,1816-01-01,,1816,2025,2008,POINT (12.040149 55.121942),2009,25077251.662,8282438.6475,43.21,0.207387897,0.2074094864,139738.14068,0.4442546382,0.6972785348,0.9532067638
618,028,Stege Apotek,6,Storegade 6,4780,01-01-1753 00:00,,1085,390,1085,"Storegade 6, 4780 Denmark",54.983005,12.283544,1753-01-01,,1753,2025,2008,POINT (12.283544 54.983005),2009,25077251.662,8282438.6475,43.21,0.207387897,0.2074094864,139738.14068,0.4442546382,0.6972785348,0.9532067638
741,032,Vordingborg Apotek,13,Voldgade 20,4760,01-01-1753 00:00,,1085,390,1085,"Voldgade 20, 4760 Denmark",55.00956,11.909083,1753-01-01,,1753,2025,2008,POINT (11.909083 55.00956),2009,25077251.662,8282438.6475,43.21,0.207387897,0.2074094864,139738.14068,0.4442546382,0.6972785348,0.9532067638
4,175,Allinge Apotek,6,Kirkegade 13,3770,01-01-1898 00:00,01-MAY-2016,1084,400,1084,"Kirkegade 13, 3770 Denmark",55.2759,14.8024,1898-01-01,2016-05-01,1898,2016,2008,POINT (14.8024 55.2759),2009,28237917.05,9557088.44,44.52,0.2179389856,0.1965886986,130283.37285,0.4329255256,0.675265677,0.9597814467
474,082,Nexø Apotek,6,Strandgade 7,3730,01-01-1830 00:00,,1084,400,1084,"Strandgade 7, 3730 Denmark",55.063241,15.133632,1830-01-01,,1830,2025,2008,POINT (15.133632 55.063241),2009,28237917.05,9557088.44,44.52,0.2179389856,0.1965886986,130283.37285,0.4329255256,0.675265677,0.9597814467
568,042,Rønne Apotek,6,Store Torvegade 12,3700,01-01-1760 00:00,,1084,400,1084,"Store Torvegade 12, 3700 Denmark",55.103619,14.6995,1760-01-01,,1760,2025,2008,POINT (14.6995 55.103619),2009,28237917.05,9557088.44,44.52,0.2179389856,0.1965886986,130283.37285,0.4329255256,0.675265677,0.9597814467
119,189,Ejby Apotek,6,Algade 4,5592,"01Jan1901 0:00:00,000",,1083,410,1083,"Algade 4, 5592 Denmark",55.429067,9.928937,1901-01-01,,1901,2025,2008,POINT (9.928936999999999 55.42906,2009,,,40.96,0.178885319,0.2356549215,159428.76342,0.4875907749,0.7558097313,0.9535817838
462,047,Middelfart Apotek,6,Jernbanegade 2C,5500,01-01-1799 00:00,,1083,410,1083,"Jernbanegade 2C, 5500 Denmark",55.50412,9.734367,1799-01-01,,1799,2025,2008,POINT (9.734367000000001 55.50412,2009,,,40.96,0.178885319,0.2356549215,159428.76342,0.4875907749,0.7558097313,0.9535817838
48,024,Assens Apotek,6,Østergade 35,5610,01-01-1753 00:00,,1083,420,1083,"Østergade 35, 5610 Denmark",55.270081,9.897483,1753-01-01,,1753,2025,2008,POINT (9.897482999999999 55.27008,2009,28926419.15,9608960.02,40.90,0.176653826,0.2368383507,148786.07961,0.4722275152,0.732600138,0.9644388338
297,024-1,Haarby Apotek,7,Algade 33,5683,01.05.1994,,1083,420,1083,"Algade 33, 5683 Denmark",55.22332,10.124086,1994-01-05,,1994,2025,2008,POINT (10.124086 55.22332),2009,28926419.15,9608960.02,40.90,0.176653826,0.2368383507,148786.07961,0.4722275152,0.732600138,0.9644388338
802,189-1,Aarup Apotek,7,Bredgade 60,5560,"01Jan2009 0:00:00,000",,1083,420,1083,"Bredgade 60, 5560 Denmark",55.37892,10.0475,2009-01-01,,2009,2025,2009,POINT (10.0475 55.37892),2009,28926419.15,9608960.02,40.90,0.176653826,0.2368383507,148786.07961,0.4722275152,0.732600138,0.9644388338
163,034,Faaborg Løve Apotek,6,Herregårdscentret 6,5600,01-01-1753 00:00,,1083,430,1083,"Herregårdscentret 6, 5600 Denmark",55.100625,10.240043,1753-01-01,,1753,2025,2008,POINT (10.240043 55.100625),2009,,,41.86,0.1922242488,0.2270519343,145445.00254,0.4723360065,0.7337062659,0.9597299948
541,091,Ringe Apotek,13,Torvet 5,5750,01-01-1842 00:00,,1083,430,1083,"Torvet 5, 5750 Denmark",55.237205,10.47977,1842-01-01,,1842,2025,2008,POINT (10.47977 55.237205),2009,,,41.86,0.1922242488,0.2270519343,145445.00254,0.4723360065,0.7337062659,0.9597299948
324,052,Kerteminde Apotek,6,Langegade 37,5300,01-01-1796 00:00,,1083,440,1083,"Langegade 37, 5300 Denmark",55.4494452,10.6577907,1796-01-01,,1796,2025,2008,POINT (10.6577907 55.4494452),2009,,,41.70,0.1947833403,0.2286916281,153188.31137,0.4678187566,0.7331628926,0.9543519494
415,152,Langeskov Apotek,6,Langeskov Centret 27,5550,01-01-1891 00:00,,1083,440,1083,"Langeskov Centret 27, 5550 Denmark",55.360559,10.587606,1891-01-01,,1891,2025,2008,POINT (10.587606 55.360559),2009,,,41.70,0.1947833403,0.2286916281,153188.31137,0.4678187566,0.7331628926,0.9543519494
485,316,Nyborg Apotek,6,Kongegade 8,5800,"01Jan1924 0:00:00,000",,1083,450,1083,"Kongegade 8, 5800 Denmark",55.311506,10.790021,1924-01-01,,1924,2025,2008,POINT (10.790021 55.311506),2009,,,41.89,0.1946986431,0.2193120858,145641.29374,0.4609231742,0.7169119629,0.9412899146
687,417,Ullerslev Apoteksudsa,6,Ullerslev centret,5540,01.01.1992,,1083,450,1083,"Ullerslev centret, 5540 Denmark",55.3601932,10.6661058,1992-01-01,2011-03-04,1992,2011,2008,POINT (10.6661058 55.3601932),2009,,,41.89,0.1946986431,0.2193120858,145641.29374,0.4609231742,0.7169119629,0.9412899146
509,177,Odense Albani Apotek,6,Albanigade 54 F,5000,01-01-1899 00:00,,1083,461,1083,"Albanigade 54 F, 5000 Denmark",55.3923896,10.3971025,1899-01-01,,1899,2025,2008,POINT (10.3971025 55.3923896),2009,35851635.375,11874306.234,38.60,0.152433824,0.2071756623,150777.08302,0.4723189637,0.6911154372,0.867604587
511,282,Odense Apoteket Ørne,6,Vestergade 80,5000,"01Jan1919 0:00:00,000",,1083,461,1083,"Vestergade 80, 5000 Denmark",55.394452,10.382394,1919-01-01,,1919,2025,2008,POINT (10.382394 55.394452),2009,35851635.375,11874306.234,38.60,0.152433824,0.2071756623,150777.08302,0.4723189637,0.6911154372,0.867604587
512,123,Odense Bellinge Apote,6,Elmegårdsvej 2,5250,01-01-1871 00:00,,1083,461,1083,"Elmegårdsvej 2, 5250 Denmark",55.336904,10.315616,1871-01-01,,1871,2025,2008,POINT (10.315616 55.336904),2009,35851635.375,11874306.234,38.60,0.152433824,0.2071756623,150777.08302,0.4723189637,0.6911154372,0.867604587
513,357,Odense Bolbro Apotek,13,Middelfartvej 129,5200,"01Jan1960 0:00:00,000",,1083,461,1083,"Middelfartvej 129, 5200 Denmark",55.394098,10.347762,1960-01-01,,1960,2025,2008,POINT (10.347762 55.394098),2009,35851635.375,11874306.234,38.60,0.152433824,0.2071756623,150777.08302,0.4723189637,0.6911154372,0.867604587
514,345,Odense Dalum Apotek,6,Dalumvej 34,5250,"01Jan1938 0:00:00,000",,1083,461,1083,"Dalumvej 34, 5250 Denmark",55.372132,10.370652,1938-01-01,,1938,2025,2008,POINT (10.370652 55.372132),2009,35851635.375,11874306.234,38.60,0.152433824,0.2071756623,150777.08302,0.4723189637,0.6911154372,0.867604587
516,151-1,Odense Rosengården A,7,Ørbækvej 75,5220,01.01.1996,,1083,461,1083,"Ørbækvej 75, 5220 Denmark",55.382488,10.428085,1996-01-01,,1996,2025,2008,POINT (10.428085 55.382488),2009,35851635.375,11874306.234,38.60,0.152433824,0.2071756623,150777.08302,0.4723189637,0.6911154372,0.867604587
517,198,Odense Sct. Hans Apot,6,Skibhusvej 66,5000,"01Jan1902 0:00:00,000",,1083,461,1083,"Skibhusvej 66, 5000 Denmark",55.406309,10.392826,1902-01-01,,1902,2025,2008,POINT (10.392826 55.406309),2009,35851635.375,11874306.234,38.60,0.152433824,0.2071756623,150777.08302,0.4723189637,0.6911154372,0.867604587
518,151,Odense Sct. Knuds Apo,6,Kongensgade 51,5000,01-01-1889 00:00,,1083,461,1083,"Kongensgade 51, 5000 Denmark",55.397363,10.380987,1889-01-01,,1889,2025,2008,POINT (10.380987 55.397363),2009,35851635.375,11874306.234,38.60,0.152433824,0.2071756623,150777.08302,0.4723189637,0.6911154372,0.867604587
520,198-1,Odense Vollsmose Apot,7,"Vollsmose Allé 10, Center Øst",5240,01.01.1992,,1083,461,1083,"Vollsmose Allé 10, Center Øst, 5240 Denmark",55.3902,10.5201,1992-01-01,,1992,2025,2008,POINT (10.5201 55.3902),2009,35851635.375,11874306.234,38.60,0.152433824,0.2071756623,150777.08302,0.4723189637,0.6911154372,0.867604587
655,357-1,Tarup Apotek,7,Rugvang 36-40,5210,01.01.1992,,1083,461,1083,"Rugvang 36-40, 5210 Denmark",55.4104908,10.3378925,1992-01-01,,1992,2025,2008,POINT (10.3378925 55.4104908),2009,35851635.375,11874306.234,38.60,0.152433824,0.2071756623,150777.08302,0.4723189637,0.6911154372,0.867604587
233,117,Hesselager Apotek,6,Langgade 20,5874,01-01-1870 00:00,01-JUN-2012,1083,479,1083,"Langgade 20, 5874 Denmark",55.169293,10.734126,1870-01-01,2012-06-01,1870,2012,2008,POINT (10.734126 55.169293),2009,28651085.4,9477701.7225,41.32,0.1808027391,0.2128885725,146202.79,0.4657834395,0.704087346,0.9364585987
640,035,Svendborg Løve Apote,6,Vestergade 16,5700,01-01-1753 00:00,,1083,479,1083,"Vestergade 16, 5700 Denmark",55.059434,10.604763,1753-01-01,,1753,2025,2008,POINT (10.604763 55.059434),2009,28651085.4,9477701.7225,41.32,0.1808027391,0.2128885725,146202.79,0.4657834395,0.704087346,0.9364585987
641,161,Svendborg Sct. Nicola,6,Gerritsgade 7,5700,01-01-1896 00:00,,1083,479,1083,"Gerritsgade 7, 5700 Denmark",55.058854,10.608782,1896-01-01,,1896,2025,2008,POINT (10.608782 55.058854),2009,28651085.4,9477701.7225,41.32,0.1808027391,0.2128885725,146202.79,0.4657834395,0.704087346,0.9364585987
716,161-1,Vester-Skerninge Apot,7,Fåborgvej 40,5762,01.01.2008,,1083,479,1083,"Fåborgvej 40, 5762 Denmark",55.074208,10.454324,2008-01-01,,2008,2025,2008,POINT (10.454324 55.074208),2009,28651085.4,9477701.7225,41.32,0.1808027391,0.2128885725,146202.79,0.4657834395,0.704087346,0.9364585987
74,048,Bogense Apotek,13,Vestergade 9,5400,01-01-1799 00:00,31-OCT-2017,1083,480,1083,"Vestergade 9, 5400 Denmark",55.564572,10.088154,1799-01-01,2017-10-31,1799,2017,2008,POINT (10.088154 55.564572),2009,18258546.9,6139970.7,40.94,0.1772724205,0.2314933531,145758.5477,0.4803029791,0.7403912148,0.9628377236
524,121,Otterup Apotek,6,Nørregade 2,5450,01-01-1871 00:00,,1083,480,1083,"Nørregade 2, 5450 Denmark",55.515298,10.39833,1871-01-01,,1871,2025,2008,POINT (10.39833 55.515298),2009,18258546.9,6139970.7,40.94,0.1772724205,0.2314933531,145758.5477,0.4803029791,0.7403912148,0.9628377236
652,165,Søndersø Apotek,6,Odensevej 23,5471,01-01-1881 00:00,01-JUN-2015,1083,480,1083,"Odensevej 23, 5471 Denmark",55.484384,10.251017,1881-01-01,2015-06-01,1881,2015,2008,POINT (10.251017 55.484384),2009,18258546.9,6139970.7,40.94,0.1772724205,0.2314933531,145758.5477,0.4803029791,0.7403912148,0.9628377236
269,027-1,Humble Apotek,7,Hovedgaden 2,5932,"30Sep1998 0:00:00,000",,1083,482,1083,"Hovedgaden 2, 5932 Denmark",54.826367,10.69893,1998-09-30,,1998,2025,2008,POINT (10.69893 54.826367),2009,,,47.39,0.2610658771,0.1698741673,122421.11217,0.4271743962,0.6683148992,0.9586605423
550,027,Rudkøbing Apotek,6,Engdraget 1,5900,01-01-1753 00:00,,1083,482,1083,"Engdraget 1, 5900 Denmark",54.934778,10.715505,1753-01-01,,1753,2025,2008,POINT (10.715505 54.934778),2009,,,47.39,0.2610658771,0.1698741673,122421.11217,0.4271743962,0.6683148992,0.9586605423
460,315,Marstal Apotek,6,Kirkestræde 23,5960,"01Jan1902 0:00:00,000",,1083,492,1083,"Kirkestræde 23, 5960 Denmark",54.853986,10.518279,1902-01-01,,1902,2025,2008,POINT (10.518279 54.853986),2009,,,48.44,0.2798323102,0.1648450367,124332.75865,0.427027027,0.6821621622,0.9531531532
176,286-1,Gram Apotek,7,Torvet 3,6510,01.01.1992,,1083,510,1083,"Torvet 3, 6510 Denmark",55.2885535,9.0484581,1992-01-01,,1992,2025,2008,POINT (9.0484581 55.2885535),2009,26892047.85,8912921.61,40.72,0.1788946864,0.2258722891,148749.08843,0.4817897283,0.7383490073,0.9299509176
192,291,Haderslev Hjorte Apot,6,Bispebroen 2 A,6100,01-01-1753 00:00,,1083,510,1083,"Bispebroen 2 A, 6100 Denmark",55.25049,9.4842702,1753-01-01,,1753,2025,2008,POINT (9.484270199999999 55.25049,2009,26892047.85,8912921.61,40.72,0.1788946864,0.2258722891,148749.08843,0.4817897283,0.7383490073,0.9299509176
194,292,Haderslev Løve Apote,13,Jomfrustien 40,6100,01-01-1802 00:00,,1083,510,1083,"Jomfrustien 40, 6100 Denmark",55.250568,9.496685,1802-01-01,,1802,2025,2008,POINT (9.496684999999999 55.25056,2009,26892047.85,8912921.61,40.72,0.1788946864,0.2258722891,148749.08843,0.4817897283,0.7383490073,0.9299509176
740,311,Vojens Apotek,6,Rådhuscentret 11A,6500,"01Jan1922 0:00:00,000",,1083,510,1083,"Rådhuscentret 11A, 6500 Denmark",55.246032,9.291409,1922-01-01,,1922,2025,2008,POINT (9.291409 55.246032),2009,26892047.85,8912921.61,40.72,0.1788946864,0.2258722891,148749.08843,0.4817897283,0.7383490073,0.9299509176
181,088,Grindsted Apotek,6,Borgergade 29,7200,01-01-1842 00:00,,1083,530,1083,"Borgergade 29, 7200 Denmark",55.756261,8.931128,1842-01-01,,1842,2025,2008,POINT (8.931127999999999 55.75626,2009,,,39.98,0.169266055,0.2387232416,155800.74519,0.5140068886,0.7821730981,0.939992346
86,289-1,Broager Apotek,7,Storegade 6 A,6310,01.01.1992,,1083,540,1083,"Storegade 6 A, 6310 Denmark",54.8877739,9.6740659,1992-01-01,,1992,2025,2008,POINT (9.6740659 54.8877739),2009,31923393.93,10506095.856,41.35,0.1963657295,0.2224780544,146055.08539,0.4518411742,0.7133067334,0.8999344778
184,289,Gråsten Apotek,6,Sundsnæs 13,6300,01-01-1828 00:00,,1083,540,1083,"Sundsnæs 13, 6300 Denmark",54.910857,9.588866,1828-01-01,,1828,2025,2008,POINT (9.588865999999999 54.91085,2009,31923393.93,10506095.856,41.35,0.1963657295,0.2224780544,146055.08539,0.4518411742,0.7133067334,0.8999344778
480,297,Nordborg Apotek,6,Storegade 28,6430,01-01-1835 00:00,11-JUL-2014,1083,540,1083,"Storegade 28, 6430 Denmark",55.057527,9.745282,1835-01-01,2014-07-11,1835,2014,2008,POINT (9.745282 55.057527),2009,31923393.93,10506095.856,41.35,0.1963657295,0.2224780544,146055.08539,0.4518411742,0.7133067334,0.8999344778
648,285,Sønderborg Jernbane,6,Jernbanegade 10,6400,01-01-1799 00:00,,1083,540,1083,"Jernbanegade 10, 6400 Denmark",54.910436,9.793249,1799-01-01,,1799,2025,2008,POINT (9.793248999999999 54.91043,2009,31923393.93,10506095.856,41.35,0.1963657295,0.2224780544,146055.08539,0.4518411742,0.7133067334,0.8999344778
649,298,Sønderborg Løve Apo,6,Grundtvigs Allé 179,6400,01-01-1753 00:00,,1083,540,1083,"Grundtvigs Allé 179, 6400 Denmark",54.921095,9.808285,1753-01-01,,1753,2025,2008,POINT (9.808285 54.921095),2009,31923393.93,10506095.856,41.35,0.1963657295,0.2224780544,146055.08539,0.4518411742,0.7133067334,0.8999344778
598,295-1,Skærbæk Apotek,7,Storegade 40,6780,"01Jun2001 0:00:00,000",,1083,550,1083,"Storegade 40, 6780 Denmark",55.15857,8.762733,2001-06-01,,2001,2025,2008,POINT (8.762733000000001 55.15857,2009,26815437.29,8875581.46,41.79,0.1895744145,0.2216066482,134193.24267,0.4789748505,0.7348494582,0.9276543148
666,295,Toftlund Apotek,6,Søndergade 2,6520,01-12-1876 00:00,,1083,550,1083,"Søndergade 2, 6520 Denmark",55.192524,9.063839,1876-01-12,,1876,2025,2008,POINT (9.063839 55.192524),2009,26815437.29,8875581.46,41.79,0.1895744145,0.2216066482,134193.24267,0.4789748505,0.7348494582,0.9276543148
676,302,Tønder Løve Apotek,6,Storegade 28,6270,01-01-1753 00:00,,1083,550,1083,"Storegade 28, 6270 Denmark",54.935097,8.869037,1753-01-01,,1753,2025,2008,POINT (8.869037000000001 54.93509,2009,26815437.29,8875581.46,41.79,0.1895744145,0.2216066482,134193.24267,0.4789748505,0.7348494582,0.9276543148
78,253,Bramminge Apotek,6,"Storegade 2, st.",6740,"01Jan1907 0:00:00,000",,1083,561,1083,"Storegade 2, st., 6740 Denmark",55.464728,8.702538,1907-01-01,,1907,2025,2008,POINT (8.702538000000001 55.46472,2009,48328259.4,15994606.794,39.69,0.1603019615,0.2200861754,157361.12551,0.4878953279,0.724326753,0.9169778799
123,363,Esbjerg Jerne Apotek,6,Strandby Kirkevej 80,6705,"01Jan1967 0:00:00,000",,1083,561,1083,"Strandby Kirkevej 80, 6705 Denmark",55.478814,8.480168,1967-01-01,,1967,2025,2008,POINT (8.480168000000001 55.47881,2009,48328259.4,15994606.794,39.69,0.1603019615,0.2200861754,157361.12551,0.4878953279,0.724326753,0.9169778799
124,158,Esbjerg Krone Apotek,6,Kongensgade 36,6700,"01Jan1929 0:00:00,000",,1083,561,1083,"Kongensgade 36, 6700 Denmark",55.465863,8.452508,1929-01-01,,1929,2025,2008,POINT (8.452508 55.465863),2009,48328259.4,15994606.794,39.69,0.1603019615,0.2200861754,157361.12551,0.4878953279,0.724326753,0.9169778799
127,233,Esbjerg Neptun Apotek,6,Stormgade 2,6700,"01Jan1910 0:00:00,000",,1083,561,1083,"Stormgade 2, 6700 Denmark",55.466783,8.442996,1910-01-01,,1910,2025,2008,POINT (8.442996000000001 55.46678,2009,48328259.4,15994606.794,39.69,0.1603019615,0.2200861754,157361.12551,0.4878953279,0.724326753,0.9169778799
540,008,Ribe Apotek,13,J. Lauritzens Plads 14-16,6760,01-01-1753 00:00,,1083,561,1083,"J. Lauritzens Plads 14-16, 6760 Denmark",55.3310398,8.7678062,1753-01-01,,1753,2025,2008,POINT (8.767806200000001 55.33103,2009,48328259.4,15994606.794,39.69,0.1603019615,0.2200861754,157361.12551,0.4878953279,0.724326753,0.9169778799
131,363-1,Fanø Apotek,7,Hovedgaden 64,6720,01.03.2008,,1083,563,1083,"Hovedgaden 64, 6720 Denmark",55.444787,8.403412,2008-01-03,,2008,2025,2008,POINT (8.403411999999999 55.44478,2009,,,45.88,0.2249145697,0.1960236098,158997.23775,0.4839912962,0.7412775094,0.9390736711
505,124,Nørre-Nebel Apotek,13,Bredgade 12,6830,"01Mar2003 0:00:00,000",,1083,573,1083,"Bredgade 12, 6830 Denmark",55.779635,8.286604,2003-03-01,,2003,2025,2008,POINT (8.286604000000001 55.77963,2009,30789031.6,10435769.15,40.31,0.1748977728,0.2374647664,151547.3975,0.5146160428,0.7866012519,0.9447595168
701,051,Varde Apotek,6,Vestergade 3,6800,01-01-1800 00:00,,1083,573,1083,"Vestergade 3, 6800 Denmark",55.620822,8.47965,1800-01-01,,1800,2025,2008,POINT (8.479649999999999 55.62082,2009,30789031.6,10435769.15,40.31,0.1748977728,0.2374647664,151547.3975,0.5146160428,0.7866012519,0.9447595168
751,209,Ølgod Apotek,6,Torvet 4,6870,"01Jan1903 0:00:00,000",27-OCT-2010,1083,573,1083,"Torvet 4, 6870 Denmark",55.807494,8.619919,1903-01-01,2010-10-27,1903,2010,2008,POINT (8.619918999999999 55.80749,2009,30789031.6,10435769.15,40.31,0.1748977728,0.2374647664,151547.3975,0.5146160428,0.7866012519,0.9447595168
97,253-1,Brørup Apotek,7,Søndergade 17,6650,01.01.1992,,1083,575,1083,"Søndergade 17, 6650 Denmark",55.481467,9.018186,1992-01-01,,1992,2025,2008,POINT (9.018186 55.481467),2009,20562410.325,6827172.2925,39.62,0.1702908717,0.243429667,146050.09418,0.497855385,0.7691631364,0.9435837337
253,253-2,Holsted Apotek,7,Søndergade 16,6670,"01Jun2005 0:00:00,000",,1083,575,1083,"Søndergade 16, 6670 Denmark",55.509966,8.916999,2005-06-01,,2005,2025,2008,POINT (8.916999000000001 55.50996,2009,20562410.325,6827172.2925,39.62,0.1702908717,0.243429667,146050.09418,0.497855385,0.7691631364,0.9435837337
559,286,Rødding Apotek,6,Kongevej 2,6630,01-01-1839 00:00,,1083,575,1083,"Kongevej 2, 6630 Denmark",55.369002,9.059565,1839-01-01,,1839,2025,2008,POINT (9.059564999999999 55.36900,2009,20562410.325,6827172.2925,39.62,0.1702908717,0.243429667,146050.09418,0.497855385,0.7691631364,0.9435837337
703,200,Vejen Apotek,6,Mindevej 1,6600,"01Jan1906 0:00:00,000",,1083,575,1083,"Mindevej 1, 6600 Denmark",55.474884,9.138007,1906-01-01,,1906,2025,2008,POINT (9.138007 55.474884),2009,20562410.325,6827172.2925,39.62,0.1702908717,0.243429667,146050.09418,0.497855385,0.7691631364,0.9435837337
526,301-1,Padborg Apotek,7,Bovvej 9,6330,01.01.1992,,1083,580,1083,"Bovvej 9, 6330 Denmark",54.82629,9.362908,1992-01-01,,1992,2025,2008,POINT (9.362907999999999 54.82629,2009,28668378.862,9581879.0025,40.97,0.1781153089,0.2268998633,146004.45415,0.4732523355,0.7292578871,0.8958671056
665,301,Tinglev Apotek,6,Jernbanegade 1,6360,01-01-1897 00:00,,1083,580,1083,"Jernbanegade 1, 6360 Denmark",54.936593,9.257234,1897-01-01,,1897,2025,2008,POINT (9.257234 54.936593),2009,28668378.862,9581879.0025,40.97,0.1781153089,0.2268998633,146004.45415,0.4732523355,0.7292578871,0.8958671056
762,288,Aabenraa Løve Apotek,6,Madevej 9,6200,01-01-1753 00:00,,1083,580,1083,"Madevej 9, 6200 Denmark",55.043839,9.42051,1753-01-01,,1753,2025,2008,POINT (9.42051 55.043839),2009,28668378.862,9581879.0025,40.97,0.1781153089,0.2268998633,146004.45415,0.4732523355,0.7292578871,0.8958671056
763,287,Aabenraa Svane Apotek,6,Opnørplads 1-3,6200,01-01-1851 00:00,,1083,580,1083,"Opnørplads 1-3, 6200 Denmark",55.0433499,9.4227116,1851-01-01,,1851,2025,2008,POINT (9.4227116 55.0433499),2009,28668378.862,9581879.0025,40.97,0.1781153089,0.2268998633,146004.45415,0.4732523355,0.7292578871,0.8958671056
145,223,Fredericia Krone Apot,13,Prinsessegade 45-49,7000,"01Jan1907 0:00:00,000",,1083,607,1083,"Prinsessegade 45-49, 7000 Denmark",55.5656138,9.757674,1907-01-01,,1907,2025,2008,POINT (9.757674 55.5656138),2009,36937255.3,12133858.86,40.07,0.1715581055,0.2235150153,161748.77099,0.4773521965,0.7270192212,0.9218078052
449,015-1,Løve Apoteket Centru,7,Jyllandsgade 23,7000,01-01-1753 00:00,,1083,607,1083,"Jyllandsgade 23, 7000 Denmark",55.565725,9.75506,1753-01-01,,1753,2025,2008,POINT (9.75506 55.565725),2009,36937255.3,12133858.86,40.07,0.1715581055,0.2235150153,161748.77099,0.4773521965,0.7270192212,0.9218078052
450,015,Løve Apoteket Lilleb,6,Strevelinsvej 11,7000,19.11.1979,,1083,607,1083,"Strevelinsvej 11, 7000 Denmark",55.535377,9.717685,1979-11-19,,1979,2025,2008,POINT (9.717684999999999 55.53537,2009,36937255.3,12133858.86,40.07,0.1715581055,0.2235150153,161748.77099,0.4773521965,0.7270192212,0.9218078052
263,166,Horsens Løve Apotek,6,Nørretorv 2,8700,01-01-1897 00:00,,1082,615,1082,"Nørretorv 2, 8700 Denmark",55.868006,9.845432,1897-01-01,,1897,2025,2008,POINT (9.845432000000001 55.86800,2009,26796811.625,8832365.655,38.80,0.1515672853,0.2269482778,159150.23232,0.4932551535,0.7314176547,0.9041644225
264,118,Horsens Svane Apotek,6,Grønlandsvej 1 D,8700,01-01-1870 00:00,,1082,615,1082,"Grønlandsvej 1 D, 8700 Denmark",55.8562579,9.8606515,1870-01-01,,1870,2025,2008,POINT (9.860651499999999 55.85625,2009,26796811.625,8832365.655,38.80,0.1515672853,0.2269482778,159150.23232,0.4932551535,0.7314176547,0.9041644225
265,019,Horsens Søndergades,6,Søndergade 12,8700,01-01-1753 00:00,,1082,615,1082,"Søndergade 12, 8700 Denmark",55.861753,9.846627,1753-01-01,,1753,2025,2008,POINT (9.846627 55.861753),2009,26796811.625,8832365.655,38.80,0.1515672853,0.2269482778,159150.23232,0.4932551535,0.7314176547,0.9041644225
268,166-1,Hovedgård Apotek,7,Ørridslevvej 1,8732,01.01.1992,,1082,615,1082,"Ørridslevvej 1, 8732 Denmark",55.938138,9.955858,1992-01-01,,1992,2025,2008,POINT (9.955857999999999 55.93813,2009,26796811.625,8832365.655,38.80,0.1515672853,0.2269482778,159150.23232,0.4932551535,0.7314176547,0.9041644225
330,101,Kløver Apoteket Bræ,6,Søndergade 32,8740,01-01-1856 00:00,,1082,615,1082,"Søndergade 32, 8740 Denmark",55.969331,9.611604,1856-01-01,,1856,2025,2008,POINT (9.611604 55.969331),2009,26796811.625,8832365.655,38.80,0.1515672853,0.2269482778,159150.23232,0.4932551535,0.7314176547,0.9041644225
331,101-1,Kløver Apoteket Øst,7,H.C. Andersensvej 2A,8752,01.01.1991,,1082,615,1082,"H.C. Andersensvej 2A, 8752 Denmark",55.9926847,12.0324152,1991-01-01,,1991,2025,2008,POINT (12.0324152 55.9926847),2009,26796811.625,8832365.655,38.80,0.1515672853,0.2269482778,159150.23232,0.4932551535,0.7314176547,0.9041644225
104,291-1,Christiansfeld Apotek,7,Lindegade 35 C,6070,01.06.2008,,1083,621,1083,"Lindegade 35 C, 6070 Denmark",55.3556396,9.4876889,2008-01-06,,2008,2025,2008,POINT (9.4876889 55.3556396),2009,43725555.862,14341337.22,38.90,0.1557633798,0.2297605281,164255.6131,0.5049685457,0.7557175032,0.9143812107
333,005,Kolding Løve Apotek,6,"Sundhedshuset, Jernbanegade 26",6000,01-01-1753 00:00,,1083,621,1083,"Sundhedshuset, Jernbanegade 26, 6000 Denmark",55.4904,9.4722,1753-01-01,,1753,2025,2008,POINT (9.472200000000001 55.4904),2009,43725555.862,14341337.22,38.90,0.1557633798,0.2297605281,164255.6131,0.5049685457,0.7557175032,0.9143812107
690,304,Ulve Apoteket - Koldi,6,Søndergade 7,6000,"01Jan1921 0:00:00,000",,1083,621,1083,"Søndergade 7, 6000 Denmark",55.4884032,9.4731474,1921-01-01,,1921,2025,2008,POINT (9.4731474 55.4884032),2009,43725555.862,14341337.22,38.90,0.1557633798,0.2297605281,164255.6131,0.5049685457,0.7557175032,0.9143812107
698,286-2,Vamdrup Apotek,7,Torvet 6,6580,25.02.2008,,1083,621,1083,"Torvet 6, 6580 Denmark",55.425942,9.283247,2008-02-25,,2008,2025,2008,POINT (9.283246999999999 55.42594,2009,43725555.862,14341337.22,38.90,0.1557633798,0.2297605281,164255.6131,0.5049685457,0.7557175032,0.9143812107
99,276,Børkop Apotek,13,Ny Boder 16,7080,"01Jan1907 0:00:00,000",,1083,630,1083,"Ny Boder 16, 7080 Denmark",55.641515,9.650983,1907-01-01,,1907,2025,2008,POINT (9.650983 55.641515),2009,33175283.4,10985398.625,39.22,0.1585497683,0.2377071525,165515.97099,0.5049794134,0.7660423846,0.9194908467
116,122,Egtved Apotek,13,Aftensang 10,6040,01-01-1871 00:00,,1083,630,1083,"Aftensang 10, 6040 Denmark",55.6193992,9.3069804,1871-01-01,,1871,2025,2008,POINT (9.3069804 55.6193992),2009,33175283.4,10985398.625,39.22,0.1585497683,0.2377071525,165515.97099,0.5049794134,0.7660423846,0.9194908467
169,115,Give Apotek,6,Østergade 8-14,7323,01-01-1869 00:00,,1083,630,1083,"Østergade 8-14, 7323 Denmark",55.8463179,9.2395159,1869-01-01,,1869,2025,2008,POINT (9.239515900000001 55.84631,2009,33175283.4,10985398.625,39.22,0.1585497683,0.2377071525,165515.97099,0.5049794134,0.7660423846,0.9194908467
706,234,Vejle Gorms Apotek,6,Vestergade 29,7100,"01Jan1910 0:00:00,000",,1083,630,1083,"Vestergade 29, 7100 Denmark",55.7140717,9.5368635,1910-01-01,,1910,2025,2008,POINT (9.536863500000001 55.71407,2009,33175283.4,10985398.625,39.22,0.1585497683,0.2377071525,165515.97099,0.5049794134,0.7660423846,0.9194908467
707,036,Vejle Løve Apotek,6,Søndergade 29,7100,01-01-1753 00:00,,1083,630,1083,"Søndergade 29, 7100 Denmark",55.706083,9.532766,1753-01-01,,1753,2025,2008,POINT (9.532766000000001 55.70608,2009,33175283.4,10985398.625,39.22,0.1585497683,0.2377071525,165515.97099,0.5049794134,0.7660423846,0.9194908467
708,271,Vejle St. Thomas Apot,6,Nørretorv 1 B,7100,"01Jan1917 0:00:00,000",,1083,630,1083,"Nørretorv 1 B, 7100 Denmark",55.7115483,9.5373041,1917-01-01,,1917,2025,2008,POINT (9.5373041 55.7115483),2009,33175283.4,10985398.625,39.22,0.1585497683,0.2377071525,165515.97099,0.5049794134,0.7660423846,0.9194908467
230,078,Herning Løve Apotek,6,Bredgade 45,7400,01-01-1832 00:00,,1082,657,1082,"Bredgade 45, 7400 Denmark",56.136107,8.969861,1832-01-01,,1832,2025,2008,POINT (8.969861 56.136107),2009,54187738.95,18008587.61,38.73,0.1528031047,0.2348973676,154137.79319,0.5045339519,0.7531175886,0.9249964853
231,281,Herning Østergades A,6,Østergade 5,7400,"15Sep1920 0:00:00,000",,1082,657,1082,"Østergade 5, 7400 Denmark",56.136348,8.976014,1920-09-15,,1920,2025,2008,POINT (8.976013999999999 56.13634,2009,54187738.95,18008587.61,38.73,0.1528031047,0.2348973676,154137.79319,0.5045339519,0.7531175886,0.9249964853
728,246,Vildbjerg Apotek,6,Søndergade 7,7480,"01Jan1914 0:00:00,000",,1082,657,1082,"Søndergade 7, 7480 Denmark",56.196415,8.766971,1914-01-01,,1914,2025,2008,POINT (8.766971 56.196415),2009,54187738.95,18008587.61,38.73,0.1528031047,0.2348973676,154137.79319,0.5045339519,0.7531175886,0.9249964853
251,030,Holstebro Løveapotek,6,Store Torv 8,7500,01-01-1753 00:00,,1082,661,1082,"Store Torv 8, 7500 Denmark",56.357962,8.617337,1753-01-01,,1753,2025,2008,POINT (8.617336999999999 56.35796,2009,25555878.6,8471675.6775,39.24,0.1602811273,0.2326135726,154811.5627,0.5106110341,0.7672147253,0.9398269234
252,275,Holstebro Svane Apote,6,Nørregade 51,7500,"01Jan1917 0:00:00,000",,1082,661,1082,"Nørregade 51, 7500 Denmark",56.361775,8.618734,1917-01-01,,1917,2025,2008,POINT (8.618734 56.361775),2009,25555878.6,8471675.6775,39.24,0.1602811273,0.2326135726,154811.5627,0.5106110341,0.7672147253,0.9398269234
686,120,Ulfborg Apotek,13,Bredgade 9,6990,01-01-1871 00:00,,1082,661,1082,"Bredgade 9, 6990 Denmark",56.272171,8.322184,1871-01-01,,1871,2025,2008,POINT (8.322184 56.272171),2009,25555878.6,8471675.6775,39.24,0.1602811273,0.2326135726,154811.5627,0.5106110341,0.7672147253,0.9398269234
730,213,Vinderup Apotek,6,Søndergade 14,7830,"01Jan1904 0:00:00,000",01-SEP-2012,1082,661,1082,"Søndergade 14, 7830 Denmark",56.481051,8.778564,1904-01-01,2012-09-01,1904,2012,2008,POINT (8.778563999999999 56.48105,2009,25555878.6,8471675.6775,39.24,0.1602811273,0.2326135726,154811.5627,0.5106110341,0.7672147253,0.9398269234
101,120-1,Bøvlingbjerg Apotek,7,"Fårevej 143, Lejlighed 1",7650,02.03.2009,,1082,665,1082,"Fårevej 143, Lejlighed 1, 7650 Denmark",56.438621,8.20251,2009-02-03,,2009,2025,2009,POINT (8.20251 56.438621),2009,,,41.75,0.1925195044,0.2272143185,142865.11308,0.4892149197,0.7598858864,0.9620107621
419,064,Lemvig Apotek,6,Vasen 6,7620,01-01-1813 00:00,,1082,665,1082,"Vasen 6, 7620 Denmark",56.549513,8.310131,1813-01-01,,1813,2025,2008,POINT (8.310131 56.549513),2009,,,41.75,0.1925195044,0.2272143185,142865.11308,0.4892149197,0.7598858864,0.9620107621
632,150,Struer Apotek,6,Østergade 11,7600,01-01-1878 00:00,,1082,671,1082,"Østergade 11, 7600 Denmark",56.492144,8.593388,1878-01-01,,1878,2025,2008,POINT (8.593387999999999 56.49214,2009,,,41.09,0.1779566784,0.2285282213,148260.50047,0.4785144944,0.7333683342,0.9408202342
114,070,Ebeltoft Apotek,6,Bryggerivej 4,8400,01-01-1815 00:00,,1082,706,1082,"Bryggerivej 4, 8400 Denmark",56.199654,10.681064,1815-01-01,,1815,2025,2008,POINT (10.681064 56.199654),2009,21303384.465,7012295.8725,41.79,0.1864128334,0.2288848087,153153.84223,0.4825832082,0.7465821526,0.9526185747
259,104,Hornslet Apotek,6,Byvej 8,8543,01-01-1857 00:00,,1082,706,1082,"Byvej 8, 8543 Denmark",56.316491,10.3204,1857-01-01,,1857,2025,2008,POINT (10.3204 56.316491),2009,21303384.465,7012295.8725,41.79,0.1864128334,0.2288848087,153153.84223,0.4825832082,0.7465821526,0.9526185747
337,070-1,Kolind Apotek,7,Drasbeksgade 16,8560,02.07.2008,,1082,706,1082,"Drasbeksgade 16, 8560 Denmark",56.362668,10.588453,2008-02-07,,2008,2025,2008,POINT (10.588453 56.362668),2009,21303384.465,7012295.8725,41.79,0.1864128334,0.2288848087,153153.84223,0.4825832082,0.7465821526,0.9526185747
478,196,Nimtofte Apotek,6,Ryomgårdvej 21,8581,"01Jan1902 0:00:00,000",28-FEB-2010,1082,706,1082,"Ryomgårdvej 21, 8581 Denmark",56.408,10.5686,1902-01-01,2010-02-28,1902,2010,2008,POINT (10.5686 56.408),2009,21303384.465,7012295.8725,41.79,0.1864128334,0.2288848087,153153.84223,0.4825832082,0.7465821526,0.9526185747
55,104-1,Auning Apotek,7,Centervej 4B,8963,29.12.2009,,1082,707,1082,"Centervej 4B, 8963 Denmark",56.4321198,10.3727707,2009-12-29,,2009,2025,2009,POINT (10.3727707 56.4321198),2009,27088816.3,8948912.64,42.19,0.1920939499,0.2099716892,142688.1434,0.4774422269,0.7223563496,0.9502888655
178,037,Grenaa Apotek,6,Kannikegade 12,8500,01-01-1753 00:00,,1082,707,1082,"Kannikegade 12, 8500 Denmark",56.41217,10.876357,1753-01-01,,1753,2025,2008,POINT (10.876357 56.41217),2009,27088816.3,8948912.64,42.19,0.1920939499,0.2099716892,142688.1434,0.4774422269,0.7223563496,0.9502888655
755,103,Ørsted Apotek,13,Rougsøvej 89,8950,01-01-1857 00:00,31-JAN-2010,1082,707,1082,"Rougsøvej 89, 8950 Denmark",56.501669,10.334769,1857-01-01,2010-01-31,1857,2010,2008,POINT (10.334769 56.501669),2009,27088816.3,8948912.64,42.19,0.1920939499,0.2099716892,142688.1434,0.4774422269,0.7223563496,0.9502888655
195,164,Hadsten Apotek,6,Vesselbjergvej 8,8370,01-01-1896 00:00,,1082,710,1082,"Vesselbjergvej 8, 8370 Denmark",56.328232,10.047822,1896-01-01,,1896,2025,2008,POINT (10.047822 56.328232),2009,26705275.47,8858850.02,38.12,0.1417180683,0.2677469965,167779.50716,0.5159032668,0.7996938552,0.9627236902
201,087,Hammel Frijsenborg Ap,13,Østergade 1,8450,01-01-1841 00:00,,1082,710,1082,"Østergade 1, 8450 Denmark",56.2572838,9.8686624,1841-01-01,,1841,2025,2008,POINT (9.8686624 56.2572838),2009,26705275.47,8858850.02,38.12,0.1417180683,0.2677469965,167779.50716,0.5159032668,0.7996938552,0.9627236902
237,164-1,Hinnerup Apotek,7,Storegade 5,8382,"01Oct2006 0:00:00,000",,1082,710,1082,"Storegade 5, 8382 Denmark",56.264038,10.062066,2006-10-01,,2006,2025,2008,POINT (10.062066 56.264038),2009,26705275.47,8858850.02,38.12,0.1417180683,0.2677469965,167779.50716,0.5159032668,0.7996938552,0.9627236902
508,096,Odder Apotek,6,Rosensgade 14,8300,01-01-1850 00:00,,1082,727,1082,"Rosensgade 14, 8300 Denmark",55.972531,10.147434,1850-01-01,,1850,2025,2008,POINT (10.147434 55.972531),2009,,,40.55,0.1716771788,0.2380645458,163078.98666,0.4992619926,0.7740952083,0.9489391144
534,274,Randers Jernbane Apot,6,Vestertorv 2,8900,"01Jan1917 0:00:00,000",,1082,730,1082,"Vestertorv 2, 8900 Denmark",56.4610003,10.0305557,1917-01-01,,1917,2025,2008,POINT (10.0305557 56.4610003),2009,63152177.14,20941302.36,40.06,0.1691292876,0.2214036939,153229.79747,0.4820129431,0.7274019871,0.944611285
536,011,Randers Løve Apotek,6,Østervold 24,8900,01-01-1753 00:00,,1082,730,1082,"Østervold 24, 8900 Denmark",56.460735,10.039052,1753-01-01,,1753,2025,2008,POINT (10.039052 56.460735),2009,63152177.14,20941302.36,40.06,0.1691292876,0.2214036939,153229.79747,0.4820129431,0.7274019871,0.944611285
539,326,Randers Sønderbros A,6,Dytmærsken 10,8900,"01Jan1931 0:00:00,000",,1082,730,1082,"Dytmærsken 10, 8900 Denmark",56.458931,10.03876,1931-01-01,,1931,2025,2008,POINT (10.03876 56.458931),2009,63152177.14,20941302.36,40.06,0.1691292876,0.2214036939,153229.79747,0.4820129431,0.7274019871,0.944611285
328,112,Kjellerup Apotek,6,Bryggerstræde 5,8620,01-01-1868 00:00,,1082,740,1082,"Bryggerstræde 5, 8620 Denmark",56.288676,9.431164,1868-01-01,,1868,2025,2008,POINT (9.431164000000001 56.28867,2009,41206284.637,13623072.915,38.91,0.1523603938,0.2443236401,176348.4102,0.5043141518,0.7662215888,0.9461127341
577,204,Silkeborg Himmelbjerg,6,Borgergade 20,8600,"01Jan1903 0:00:00,000",,1082,740,1082,"Borgergade 20, 8600 Denmark",56.17723,9.55455,1903-01-01,,1903,2025,2008,POINT (9.554550000000001 56.17723,2009,41206284.637,13623072.915,38.91,0.1523603938,0.2443236401,176348.4102,0.5043141518,0.7662215888,0.9461127341
579,344,Silkeborg Svane Apote,6,Torvet 9,8600,"01Jan1938 0:00:00,000",,1082,740,1082,"Torvet 9, 8600 Denmark",56.169873,9.549949,1938-01-01,,1938,2025,2008,POINT (9.549949 56.169873),2009,41206284.637,13623072.915,38.91,0.1523603938,0.2443236401,176348.4102,0.5043141518,0.7662215888,0.9461127341
580,089,Silkeborg Ørne Apote,13,Vestergade 9,8600,01-01-1842 00:00,,1082,740,1082,"Vestergade 9, 8600 Denmark",56.1645514,9.5290969,1842-01-01,,1842,2025,2008,POINT (9.529096900000001 56.16455,2009,41206284.637,13623072.915,38.91,0.1523603938,0.2443236401,176348.4102,0.5043141518,0.7662215888,0.9461127341
574,096-1,Samsø Apotek,7,"Langgade 6, Tranebjerg",8305,"01Jan2005 0:00:00,000",,1082,741,1082,"Langgade 6, Tranebjerg, 8305 Denmark",55.8326137,10.5894103,2005-01-01,,2005,2025,2008,POINT (10.5894103 55.8326137),2009,,,47.18,0.255361596,0.1880299252,130674.73553,0.4502121288,0.7144778126,0.9498377839
164,129,Galten Apotek,13,Torvet 3,8464,01-01-1876 00:00,,1082,746,1082,"Torvet 3, 8464 Denmark",56.155132,9.90418,1876-01-01,,1876,2025,2008,POINT (9.90418 56.155132),2009,,,37.97,0.1325585048,0.2678568312,177037.74449,0.5190767617,0.7978376173,0.9539080259
585,060,Skanderborg Apotek,6,Adelgade 61,8660,01-01-1806 00:00,,1082,746,1082,"Adelgade 61, 8660 Denmark",56.033381,9.931795,1806-01-01,,1806,2025,2008,POINT (9.931794999999999 56.03338,2009,,,37.97,0.1325585048,0.2678568312,177037.74449,0.5190767617,0.7978376173,0.9539080259
435,178-1,Lystrup Apotek,7,Lystrup Centervej 85,8520,"03Dec2001 0:00:00,000",,1082,751,1082,"Lystrup Centervej 85, 8520 Denmark",56.237686,10.234262,2001-12-03,,2001,2025,2008,POINT (10.234262 56.237686),2009,46692781.263,15288212.442,36.86,0.1268742866,0.200629382,162659.30998,0.504468654,0.707425875,0.8606650457
785,366,Aarhus City Vest Apot,6,Gudrunsvej 7 st. 129,8220,"01Jan1998 0:00:00,000",,1082,751,1082,"Gudrunsvej 7 st. 129, 8220 Denmark",56.1531,10.1057,1998-01-01,,1998,2025,2008,POINT (10.1057 56.1531),2009,46692781.263,15288212.442,36.86,0.1268742866,0.200629382,162659.30998,0.504468654,0.707425875,0.8606650457
786,132,Aarhus Jernbane Apote,6,Banegårdspladsen 8,8000,01-01-1878 00:00,,1082,751,1082,"Banegårdspladsen 8, 8000 Denmark",56.150812,10.204054,1878-01-01,,1878,2025,2008,POINT (10.204054 56.150812),2009,46692781.263,15288212.442,36.86,0.1268742866,0.200629382,162659.30998,0.504468654,0.707425875,0.8606650457
787,006,Aarhus Løve Apotek,6,Store Torv 5,8000,01-01-1753 00:00,,1082,751,1082,"Store Torv 5, 8000 Denmark",56.157192,10.208629,1753-01-01,,1753,2025,2008,POINT (10.208629 56.157192),2009,46692781.263,15288212.442,36.86,0.1268742866,0.200629382,162659.30998,0.504468654,0.707425875,0.8606650457
789,241,Aarhus Marselisborg A,6,Rundhøj Torv 3,8270,"01Jan1913 0:00:00,000",,1082,751,1082,"Rundhøj Torv 3, 8270 Denmark",56.1112,10.2099,1913-01-01,,1913,2025,2008,POINT (10.2099 56.1112),2009,46692781.263,15288212.442,36.86,0.1268742866,0.200629382,162659.30998,0.504468654,0.707425875,0.8606650457
791,347,Aarhus Sct. Lukas Apo,6,Frederiks Allé 178,8000,"01Jan1939 0:00:00,000",,1082,751,1082,"Frederiks Allé 178, 8000 Denmark",56.146221,10.193331,1939-01-01,,1939,2025,2008,POINT (10.193331 56.146221),2009,46692781.263,15288212.442,36.86,0.1268742866,0.200629382,162659.30998,0.504468654,0.707425875,0.8606650457
792,179,Aarhus Sct. Pauls Apo,6,Jægergårdsgade 76,8000,01-01-1899 00:00,01-JUL-2011,1082,751,1082,"Jægergårdsgade 76, 8000 Denmark",56.148094,10.20175,1899-01-01,2011-07-01,1899,2011,2008,POINT (10.20175 56.148094),2009,46692781.263,15288212.442,36.86,0.1268742866,0.200629382,162659.30998,0.504468654,0.707425875,0.8606650457
793,352,Aarhus Stjerne Apotek,6,Funch Thomsens Gade 3,8200,"01Jan1953 0:00:00,000",,1082,751,1082,"Funch Thomsens Gade 3, 8200 Denmark",56.174689,10.203284,1953-01-01,,1953,2025,2008,POINT (10.203284 56.174689),2009,46692781.263,15288212.442,36.86,0.1268742866,0.200629382,162659.30998,0.504468654,0.707425875,0.8606650457
796,317,Aarhus Trøjborg Apot,13,Tordenskjoldsgade 30,8200,"01Jan1924 0:00:00,000",,1082,751,1082,"Tordenskjoldsgade 30, 8200 Denmark",56.170728,10.216452,1924-01-01,,1924,2025,2008,POINT (10.216452 56.170728),2009,46692781.263,15288212.442,36.86,0.1268742866,0.200629382,162659.30998,0.504468654,0.707425875,0.8606650457
797,178,Aarhus Vejlby Apotek,6,Vejlbygade 16 A,8240,01-01-1899 00:00,,1082,751,1082,"Vejlbygade 16 A, 8240 Denmark",56.195078,10.2138928,1899-01-01,,1899,2025,2008,POINT (10.2138928 56.195078),2009,46692781.263,15288212.442,36.86,0.1268742866,0.200629382,162659.30998,0.504468654,0.707425875,0.8606650457
798,331,Aarhus Viby Apotek,6,"Viby Ringvej 10, ST. 26",8260,"01Jan1933 0:00:00,000",,1082,751,1082,"Viby Ringvej 10, ST. 26, 8260 Denmark",56.191264,10.0726946,1933-01-01,,1933,2025,2008,POINT (10.0726946 56.191264),2009,46692781.263,15288212.442,36.86,0.1268742866,0.200629382,162659.30998,0.504468654,0.707425875,0.8606650457
799,337,Aarhus Åbyhøj Apote,6,Haslevej 17,8230,"01Jan1936 0:00:00,000",,1082,751,1082,"Haslevej 17, 8230 Denmark",56.156458,10.164773,1936-01-01,,1936,2025,2008,POINT (10.164773 56.156458),2009,46692781.263,15288212.442,36.86,0.1268742866,0.200629382,162659.30998,0.504468654,0.707425875,0.8606650457
79,115-1,Brande Apotek,7,Storegade 13,7330,"01May2009 0:00:00,000",,1082,756,1082,"Storegade 13, 7330 Denmark",55.943996,9.126554,2009-05-01,,2009,2025,2009,POINT (9.126554 55.943996),2009,23966358.7,8030594.48,39.27,0.1579678508,0.2416898194,151122.62732,0.5001491128,0.7550893744,0.9261394702
300,249,Ikast Apotek,13,Østergade 15,7430,"01Jan1914 0:00:00,000",,1082,756,1082,"Østergade 15, 7430 Denmark",56.13988,9.157542,1914-01-01,,1914,2025,2008,POINT (9.157541999999999 56.13988,2009,23966358.7,8030594.48,39.27,0.1579678508,0.2416898194,151122.62732,0.5001491128,0.7550893744,0.9261394702
506,156-1,Nørre-Snede Apotek,7,Bredgade 22,8766,"01Jun2009 0:00:00,000",,1082,756,1082,"Bredgade 22, 8766 Denmark",55.9685793,9.3977107,2009-06-01,,2009,2025,2009,POINT (9.397710699999999 55.96857,2009,23966358.7,8030594.48,39.27,0.1579678508,0.2416898194,151122.62732,0.5001491128,0.7550893744,0.9261394702
542,038,Ringkøbing Løve Apo,6,Torvegade 5,6950,01-01-1753 00:00,,1082,760,1082,"Torvegade 5, 6950 Denmark",56.0909433,8.2415235,1753-01-01,,1753,2025,2008,POINT (8.2415235 56.0909433),2009,27351794.7,9079661.22,39.89,0.1711186023,0.2422697171,151322.73986,0.51123769,0.780156154,0.9397625502
594,305,Skjern Apotek,13,Bredgade 44B,6900,"01Jan1921 0:00:00,000",,1082,760,1082,"Bredgade 44B, 6900 Denmark",55.946996,8.494403,1921-01-01,,1921,2025,2008,POINT (8.494403 55.946996),2009,27351794.7,9079661.22,39.89,0.1711186023,0.2422697171,151322.73986,0.51123769,0.780156154,0.9397625502
654,098,Tarm Apotek,6,Storegade 27,6880,09-12-1851 00:00,,1082,760,1082,"Storegade 27, 6880 Denmark",55.907132,8.520984,1851-09-12,,1851,2025,2008,POINT (8.520984 55.907132),2009,27351794.7,9079661.22,39.89,0.1711186023,0.2422697171,151322.73986,0.51123769,0.780156154,0.9397625502
725,038-1,Videbæk Apotek,7,Bredgade 32,6920,"01May2009 0:00:00,000",,1082,760,1082,"Bredgade 32, 6920 Denmark",56.091332,8.6306,2009-05-01,,2009,2025,2009,POINT (8.630599999999999 56.09133,2009,27351794.7,9079661.22,39.89,0.1711186023,0.2422697171,151322.73986,0.51123769,0.780156154,0.9397625502
219,248,Hedensted Apotek,6,Bytorvet 21 B,8722,"01Jan1914 0:00:00,000",,1082,766,1082,"Bytorvet 21 B, 8722 Denmark",55.7691036,9.7011606,1914-01-01,,1914,2025,2008,POINT (9.7011606 55.7691036),2009,28482092.95,9477425.8,39.18,0.1587577748,0.2541211779,160594.18104,0.5097966567,0.7871929955,0.9571300918
260,108,Hornsyld Apotek,6,Apotekerbakken 23,8783,01-01-1860 00:00,27-MAY-2015,1082,766,1082,"Apotekerbakken 23, 8783 Denmark",55.753975,9.85203,1860-01-01,2015-05-27,1860,2015,2008,POINT (9.852029999999999 55.75397,2009,28482092.95,9477425.8,39.18,0.1587577748,0.2541211779,160594.18104,0.5097966567,0.7871929955,0.9571300918
685,156,Uldum Apotek,6,Søndergade 18,7171,01-01-1873 00:00,,1082,766,1082,"Søndergade 18, 7171 Denmark",55.846443,9.58943,1873-01-01,,1873,2025,2008,POINT (9.58943 55.846443),2009,28482092.95,9477425.8,39.18,0.1587577748,0.2541211779,160594.18104,0.5097966567,0.7871929955,0.9571300918
491,314,Nykøbing Mors Sct. C,6,Algade 3,7900,"01Jan1923 0:00:00,000",,1081,773,1081,"Algade 3, 7900 Denmark",56.794109,8.857267,1923-01-01,,1923,2025,2008,POINT (8.857267 56.794109),2009,,,42.40,0.1996519031,0.2142170109,132133.07081,0.4597595669,0.7026773133,0.9636597229
757,314-1,Øster Jølby Apotek,7,Doktor Lunds Vej 4,7950,01.11.2007,,1081,773,1081,"Doktor Lunds Vej 4, 7950 Denmark",56.83329,8.718862,2007-01-11,,2007,2025,2008,POINT (8.718862 56.83329),2009,,,42.40,0.1996519031,0.2142170109,132133.07081,0.4597595669,0.7026773133,0.9636597229
61,143-1,Balling Apotek,7,"Vestergade 1, Balling",7860,"01Dec2003 0:00:00,000",,1082,779,1082,"Vestergade 1, Balling, 7860 Denmark",56.6157838,8.8821834,2003-12-01,,2003,2025,2008,POINT (8.882183400000001 56.61578,2009,25171210.837,8275369.98,40.73,0.180921121,0.2266032366,145819.6073,0.4814884186,0.7337265641,0.9551518179
549,143,Roslev Apotek,6,Jernbanegade 15,7870,01-01-1885 00:00,,1082,779,1082,"Jernbanegade 15, 7870 Denmark",56.70287,8.990748,1885-01-01,,1885,2025,2008,POINT (8.990748 56.70287),2009,25171210.837,8275369.98,40.73,0.180921121,0.2266032366,145819.6073,0.4814884186,0.7337265641,0.9551518179
591,053,Skive Løve Apotek,6,Posthustorvet 1A,7800,01-01-1801 00:00,,1082,779,1082,"Posthustorvet 1A, 7800 Denmark",56.565328,9.026396,1801-01-01,,1801,2025,2008,POINT (9.026396 56.565328),2009,25171210.837,8275369.98,40.73,0.180921121,0.2266032366,145819.6073,0.4814884186,0.7337265641,0.9551518179
593,273,Skive Svane Apotek,6,Sdr. Boulevard 7,7800,"01Jan1917 0:00:00,000",,1082,779,1082,"Sdr. Boulevard 7, 7800 Denmark",56.5356707,9.0420999,1917-01-01,,1917,2025,2008,POINT (9.0420999 56.5356707),2009,25171210.837,8275369.98,40.73,0.180921121,0.2266032366,145819.6073,0.4814884186,0.7337265641,0.9551518179
275,277,Hurup Apotek,6,Sundsvej 1,7760,"15Dec1918 0:00:00,000",,1081,787,1081,"Sundsvej 1, 7760 Denmark",56.7484,8.420189,1918-12-15,,1918,2025,2008,POINT (8.420189000000001 56.7484),2009,33903857.2,11265847.63,41.28,0.1833896285,0.2250480164,141063.66325,0.4923873595,0.743552366,0.9492564398
659,247,Thisted Løve Apotek,6,Sydhavnsvej 11,7700,"01Jan1914 0:00:00,000",,1081,787,1081,"Sydhavnsvej 11, 7700 Denmark",56.951526,8.693209,1914-01-01,,1914,2025,2008,POINT (8.693209 56.951526),2009,33903857.2,11265847.63,41.28,0.1833896285,0.2250480164,141063.66325,0.4923873595,0.743552366,0.9492564398
660,039,Thisted Svane Apotek,6,Storegade 5,7700,01-01-1753 00:00,,1081,787,1081,"Storegade 5, 7700 Denmark",56.9547778,8.6944876,1753-01-01,,1753,2025,2008,POINT (8.6944876 56.9547778),2009,33903857.2,11265847.63,41.28,0.1833896285,0.2250480164,141063.66325,0.4923873595,0.743552366,0.9492564398
72,145,Bjerringbro Apotek,6,Nørregade 4,8850,01-01-1877 00:00,,1082,791,1082,"Nørregade 4, 8850 Denmark",56.3819536,9.6657851,1877-01-01,,1877,2025,2008,POINT (9.665785100000001 56.38195,2009,33007923.885,10790350.105,39.34,0.1595648912,0.2369735291,158729.01494,0.5078955849,0.7689871729,0.946288538
203,131-1,Hammershøj Apotek,7,Randersvej 8,8830,01.01.1992,,1082,791,1082,"Randersvej 8, 8830 Denmark",56.499378,9.751857,1992-01-01,,1992,2025,2008,POINT (9.751856999999999 56.49937,2009,33007923.885,10790350.105,39.34,0.1595648912,0.2369735291,158729.01494,0.5078955849,0.7689871729,0.946288538
321,246-1,Karup Apotek,7,Herningvej 2,7470,"09Jan2006 0:00:00,000",,1082,791,1082,"Herningvej 2, 7470 Denmark",56.309049,9.165571,2006-01-09,,2006,2025,2008,POINT (9.165571 56.309049),2009,33007923.885,10790350.105,39.34,0.1595648912,0.2369735291,158729.01494,0.5078955849,0.7689871729,0.946288538
624,250,Stoholm Apotek,6,Johan Bittmannsvej 2 C,7850,"01Jan1914 0:00:00,000",01-SEP-2018,1082,791,1082,"Johan Bittmannsvej 2 C, 7850 Denmark",56.5476,8.9522,1914-01-01,2018-09-01,1914,2018,2008,POINT (8.952199999999999 56.5476),2009,33007923.885,10790350.105,39.34,0.1595648912,0.2369735291,158729.01494,0.5078955849,0.7689871729,0.946288538
720,131,Viborg Løve Apotek,6,Sct. Mathias Gade 66 st.,8800,01-01-1877 00:00,,1082,791,1082,"Sct. Mathias Gade 66 st., 8800 Denmark",56.4532,9.402,1877-01-01,,1877,2025,2008,POINT (9.401999999999999 56.4532),2009,33007923.885,10790350.105,39.34,0.1595648912,0.2369735291,158729.01494,0.5078955849,0.7689871729,0.946288538
723,003,Viborg Svane Apotek,6,Lille Sct. Peder Stræde 10-12,8800,01-01-1753 00:00,,1082,791,1082,"Lille Sct. Peder Stræde 10-12, 8800 Denmark",56.4485855,9.4078033,1753-01-01,,1753,2025,2008,POINT (9.407803299999999 56.44858,2009,33007923.885,10790350.105,39.34,0.1595648912,0.2369735291,158729.01494,0.5078955849,0.7689871729,0.946288538
93,172,Brønderslev Apotek,6,Peder Møllers Plads 10,9700,01-01-1883 00:00,,1081,810,1081,"Peder Møllers Plads 10, 9700 Denmark",57.2685538,9.9482643,1883-01-01,,1883,2025,2008,POINT (9.9482643 57.2685538),2009,,,40.77,0.1816836108,0.23251592,143232.59514,0.4716548212,0.7347396554,0.9627007667
112,144,Dronninglund Apotek,6,Slotsgade 64,9330,01-01-1876 00:00,,1081,810,1081,"Slotsgade 64, 9330 Denmark",57.159268,10.289593,1876-01-01,,1876,2025,2008,POINT (10.289593 57.159268),2009,,,40.77,0.1816836108,0.23251592,143232.59514,0.4716548212,0.7347396554,0.9627007667
155,066,Frederikshavn Løve A,6,Hangaardsvej 7,9900,01-01-1810 00:00,,1081,813,1081,"Hangaardsvej 7, 9900 Denmark",57.438716,10.534169,1810-01-01,,1810,2025,2008,POINT (10.534169 57.438716),2009,26876164.17,8961430.644,42.92,0.2032189914,0.2032189914,145282.95935,0.4637875363,0.7135981728,0.9545043591
156,313,Frederikshavn Svane A,6,Søndergade 1,9900,"01Jan1923 0:00:00,000",,1081,813,1081,"Søndergade 1, 9900 Denmark",57.4339935,10.5297631,1923-01-01,,1923,2025,2008,POINT (10.5297631 57.4339935),2009,26876164.17,8961430.644,42.92,0.2032189914,0.2032189914,145282.95935,0.4637875363,0.7135981728,0.9545043591
583,212,Skagen Apotek,6,Sct. Laurentiivej 44,9990,"01Jan1903 0:00:00,000",,1081,813,1081,"Sct. Laurentiivej 44, 9990 Denmark",57.7209,10.5839,1903-01-01,,1903,2025,2008,POINT (10.5839 57.7209),2009,26876164.17,8961430.644,42.92,0.2032189914,0.2032189914,145282.95935,0.4637875363,0.7135981728,0.9545043591
645,069,Sæby Apotek,6,Søndergade 7,9300,01-01-1815 00:00,,1081,813,1081,"Søndergade 7, 9300 Denmark",57.334915,10.520444,1815-01-01,,1815,2025,2008,POINT (10.520444 57.334915),2009,26876164.17,8961430.644,42.92,0.2032189914,0.2032189914,145282.95935,0.4637875363,0.7135981728,0.9545043591
760,069-1,Østervrå Apotek,7,Industrivej 10,9750,"01Aug2005 0:00:00,000",,1081,813,1081,"Industrivej 10, 9750 Denmark",57.340565,10.238498,2005-08-01,,2005,2025,2008,POINT (10.238498 57.340565),2009,26876164.17,8961430.644,42.92,0.2032189914,0.2032189914,145282.95935,0.4637875363,0.7135981728,0.9545043591
132,107,Farsø Apotek,6,Nørregade 11,9640,01-01-1860 00:00,01-MAY-2018,1081,820,1081,"Nørregade 11, 9640 Denmark",56.773242,9.339891,1860-01-01,2018-05-01,1860,2018,2008,POINT (9.339891 56.773242),2009,19973613.6,6633838.095,40.97,0.1854563586,0.2301474833,141133.07714,0.4806130228,0.7416816547,0.9515522725
436,084,Løgstør Apotek,13,Østerbrogade 1 B,9670,01-01-1832 00:00,01-MAY-2018,1081,820,1081,"Østerbrogade 1 B, 9670 Denmark",56.9686243,9.2526334,1832-01-01,2018-05-01,1832,2018,2008,POINT (9.252633400000001 56.96862,2009,19973613.6,6633838.095,40.97,0.1854563586,0.2301474833,141133.07714,0.4806130228,0.7416816547,0.9515522725
781,260,Aalestrup Apotek,13,Borgergade 5,9620,"01Jan1905 0:00:00,000",01-JUN-2016,1081,820,1081,"Borgergade 5, 9620 Denmark",56.694251,9.496357,1905-01-01,2016-06-01,1905,2016,2008,POINT (9.496357 56.694251),2009,19973613.6,6633838.095,40.97,0.1854563586,0.2301474833,141133.07714,0.4806130228,0.7416816547,0.9515522725
800,259,Aars Apotek,6,Søndergade 34,9600,"01Jan1905 0:00:00,000",,1081,820,1081,"Søndergade 34, 9600 Denmark",56.802114,9.519024,1905-01-01,,1905,2025,2008,POINT (9.519024 56.802114),2009,19973613.6,6633838.095,40.97,0.1854563586,0.2301474833,141133.07714,0.4806130228,0.7416816547,0.9515522725
599,220,Skørping Apotek,6,Sverriggårdsvej 10,9520,"01Jan1906 0:00:00,000",,1081,840,1081,"Sverriggårdsvej 10, 9520 Denmark",56.836407,9.889342,1906-01-01,,1906,2025,2008,POINT (9.889341999999999 56.83640,2009,,,39.32,0.1561763483,0.2526341328,161548.87051,0.506130388,0.7845187056,0.964502796
638,220-1,Støvring Apotek,6,Hobrovej 84,9530,01.01.2000,,1081,840,1081,"Hobrovej 84, 9530 Denmark",56.890056,9.836933,2000-01-01,,2000,2025,2008,POINT (9.836933 56.890056),2009,,,39.32,0.1561763483,0.2526341328,161548.87051,0.506130388,0.7845187056,0.964502796
197,218,Hadsund Apotek,6,Storegade 23-25,9560,"01Jan1905 0:00:00,000",,1081,846,1081,"Storegade 23-25, 9560 Denmark",56.7161045,10.1140172,1905-01-01,,1905,2025,2008,POINT (10.1140172 56.7161045),2009,29423163.89,9783153.47,40.71,0.1745376021,0.2285935593,148926.00763,0.481495415,0.7367115521,0.952221961
247,054,Hobro Apotek,6,Adelgade 18,9500,01-01-1803 00:00,,1081,846,1081,"Adelgade 18, 9500 Denmark",56.639388,9.793265,1803-01-01,,1803,2025,2008,POINT (9.793265 56.639388),2009,29423163.89,9783153.47,40.71,0.1745376021,0.2285935593,148926.00763,0.481495415,0.7367115521,0.952221961
456,218-1,Mariager Apotek,7,Østergade 10,9550,12.10.2007,,1081,846,1081,"Østergade 10, 9550 Denmark",56.651484,9.983627,2007-12-10,,2007,2025,2008,POINT (9.983627 56.651484),2009,29423163.89,9783153.47,40.71,0.1745376021,0.2285935593,148926.00763,0.481495415,0.7367115521,0.952221961
87,105-3,Brovst Apotek,7,Østergade 16,9460,"01Nov2009 0:00:00,000",,1081,849,1081,"Østergade 16, 9460 Denmark",57.097293,9.524836,2009-11-01,,2009,2025,2009,POINT (9.524836000000001 57.09729,2009,27549349.15,9098134.19,41.24,0.1816476995,0.2306882113,145951.90038,0.4759661183,0.7339987742,0.9658865632
140,073,Fjerritslev Apotek,6,Jernbanegade 2,9690,01-01-1824 00:00,30-JUN-2010,1081,849,1081,"Jernbanegade 2, 9690 Denmark",57.086724,9.265714,1824-01-01,2010-06-30,1824,2010,2008,POINT (9.265713999999999 57.08672,2009,27549349.15,9098134.19,41.24,0.1816476995,0.2306882113,145951.90038,0.4759661183,0.7339987742,0.9658865632
764,105,Aabybro Apotek,6,Østergade 36,9440,07.05.2008,,1081,849,1081,"Østergade 36, 9440 Denmark",57.159459,9.732615,2008-07-05,,2008,2025,2008,POINT (9.732614999999999 57.15945,2009,27549349.15,9098134.19,41.24,0.1816476995,0.2306882113,145951.90038,0.4759661183,0.7339987742,0.9658865632
199,144-1,Hals Apotek,7,Havnegade 7A,9370,"01Feb2006 0:00:00,000",,1081,851,1081,"Havnegade 7A, 9370 Denmark",56.993303,10.307272,2006-02-01,,2006,2025,2008,POINT (10.307272 56.993303),2009,38109545.835,12602305.986,39.06,0.1579579184,0.2008195476,158111.6505,0.4856479859,0.7099092254,0.924063552
475,057,Nibe Apotek,13,Mellemgade 9,9240,01-01-1804 00:00,30-SEP-2013,1081,851,1081,"Mellemgade 9, 9240 Denmark",56.982515,9.638064,1804-01-01,2013-09-30,1804,2013,2008,POINT (9.638064 56.982515),2009,38109545.835,12602305.986,39.06,0.1579579184,0.2008195476,158111.6505,0.4856479859,0.7099092254,0.924063552
628,176,Storvorde Sejlflod Ap,13,Rødhøjvej 2,9280,01-01-1899 00:00,,1081,851,1081,"Rødhøjvej 2, 9280 Denmark",57.000115,10.101044,1899-01-01,,1899,2025,2008,POINT (10.101044 57.000115),2009,38109545.835,12602305.986,39.06,0.1579579184,0.2008195476,158111.6505,0.4856479859,0.7099092254,0.924063552
767,181,Aalborg Budolfi Apote,6,Algade 60,9000,"01Jan1900 0:00:00,000",,1081,851,1081,"Algade 60, 9000 Denmark",57.048407,9.916179,1900-01-01,,1900,2025,2008,POINT (9.916179 57.048407),2009,38109545.835,12602305.986,39.06,0.1579579184,0.2008195476,158111.6505,0.4856479859,0.7099092254,0.924063552
768,063,Aalborg Løve Apotek,6,Nytorv 3,9000,01-01-1813 00:00,,1081,851,1081,"Nytorv 3, 9000 Denmark",57.048682,9.922587,1813-01-01,,1813,2025,2008,POINT (9.922587 57.048682),2009,38109545.835,12602305.986,39.06,0.1579579184,0.2008195476,158111.6505,0.4856479859,0.7099092254,0.924063552
769,092,Aalborg Nørresundby,6,Torvet 3A,9400,01-01-1844 00:00,,1081,851,1081,"Torvet 3A, 9400 Denmark",57.058676,9.923124,1844-01-01,,1844,2025,2008,POINT (9.923124 57.058676),2009,38109545.835,12602305.986,39.06,0.1579579184,0.2008195476,158111.6505,0.4856479859,0.7099092254,0.924063552
770,255,Aalborg Reberbane Apo,6,Reberbansgade 25,9000,"01Jan1920 0:00:00,000",,1081,851,1081,"Reberbansgade 25, 9000 Denmark",57.049627,9.911455,1920-01-01,,1920,2025,2008,POINT (9.911455 57.049627),2009,38109545.835,12602305.986,39.06,0.1579579184,0.2008195476,158111.6505,0.4856479859,0.7099092254,0.924063552
773,010,Aalborg Svane Apotek,6,Østerågade 9,9000,01-01-1753 00:00,31-DEC-2013,1081,851,1081,"Østerågade 9, 9000 Denmark",57.048437,9.921128,1753-01-01,2013-12-31,1753,2013,2008,POINT (9.921128 57.048437),2009,38109545.835,12602305.986,39.06,0.1579579184,0.2008195476,158111.6505,0.4856479859,0.7099092254,0.924063552
774,306,Aalborg Vejgaard Apot,6,Hadsundvej 33 B,9000,"01Jan1922 0:00:00,000",,1081,851,1081,"Hadsundvej 33 B, 9000 Denmark",57.0336005,9.9544176,1922-01-01,,1922,2025,2008,POINT (9.954417599999999 57.03360,2009,38109545.835,12602305.986,39.06,0.1579579184,0.2008195476,158111.6505,0.4856479859,0.7099092254,0.924063552
777,361,Aalborg Aalborghus Ap,6,Grønlands Torv 10,9210,"01Jan1966 0:00:00,000",,1081,851,1081,"Grønlands Torv 10, 9210 Denmark",57.022597,9.941768,1966-01-01,,1966,2025,2008,POINT (9.941768 57.022597),2009,38109545.835,12602305.986,39.06,0.1579579184,0.2008195476,158111.6505,0.4856479859,0.7099092254,0.924063552
238,356,Hirtshals Apotek,6,Jørgen Fibigersgade 18,9850,"01Jan1959 0:00:00,000",,1081,860,1081,"Jørgen Fibigersgade 18, 9850 Denmark",57.590496,9.959974,1959-01-01,,1959,2025,2008,POINT (9.959974000000001 57.59049,2009,24246701.15,8025828.2,41.15,0.1827313145,0.2232833855,142649.22512,0.4769765942,0.7285916133,0.9527386682
245,045,Hjørring Løve Apote,6,Østergade 7 A,9800,01-01-1794 00:00,,1081,860,1081,"Østergade 7 A, 9800 Denmark",57.4575049,9.9940838,1794-01-01,,1794,2025,2008,POINT (9.9940838 57.4575049),2009,24246701.15,8025828.2,41.15,0.1827313145,0.2232833855,142649.22512,0.4769765942,0.7285916133,0.9527386682
246,236,Hjørring Svane Apote,6,Strømgade 5,9800,"01Jan1911 0:00:00,000",30-JUN-2019,1081,860,1081,"Strømgade 5, 9800 Denmark",57.460316,9.9865145,1911-01-01,2019-06-30,1911,2019,2008,POINT (9.9865145 57.460316),2009,24246701.15,8025828.2,41.15,0.1827313145,0.2232833855,142649.22512,0.4769765942,0.7285916133,0.9527386682
443,160-1,Løkken Apotek,7,Jyllandsgade 13,9480,01.03.1994,,,860,,"Jyllandsgade 13, 9480 Denmark",57.368501,9.712002,1994-01-03,2012-06-30,1994,2012,2008,POINT (9.712002 57.368501),2009,24246701.15,8025828.2,41.15,0.1827313145,0.2232833855,142649.22512,0.4769765942,0.7285916133,0.9527386682
582,356-1,Sindal Apotek,7,Vestergade 2 A,9870,"01Jan2005 0:00:00,000",,1081,860,1081,"Vestergade 2 A, 9870 Denmark",57.470677,10.1987474,2005-01-01,,2005,2025,2008,POINT (10.1987474 57.470677),2009,24246701.15,8025828.2,41.15,0.1827313145,0.2232833855,142649.22512,0.4769765942,0.7285916133,0.9527386682
742,160,Vrå Apotek,6,Jernbanegade 6,9760,"01Jan1907 0:00:00,000",31-AUG-2013,1081,860,1081,"Jernbanegade 6, 9760 Denmark",57.353965,9.942166,1907-01-01,2013-08-31,1907,2013,2008,POINT (9.942166 57.353965),2009,24246701.15,8025828.2,41.15,0.1827313145,0.2232833855,142649.22512,0.4769765942,0.7285916133,0.9527386682
