VAR1,ApotekNr,Navn,TypeID,Adresse,PostNr,Startdato,Slutdato,amt,Kommune,Region,Adresse_v2,latitudes,longitudes,Stdato,Sldato,Styear,Slyear,dummy,geometry,Year,GNS_OMS,GNS_MED_PROFIT,ALDER,samlet_ind
325,243,København Amagerbro,6,Reberbanegade 3,2300,"01Jan1913 0:00:00,000",,1084,101,1084,"Reberbanegade 3, 2300 Denmark",55.662829,12.603788,1913-01-01,,1913,2025,2008,POINT (12.603788 55.662829),2010,37037942.12,12257371.801,35.67,182189.30856
326,341,København Apoteket R,6,Tuborgvej 269,2400,"01Jan1935 0:00:00,000",,1084,101,1084,"Tuborgvej 269, 2400 Denmark",55.71175,12.53244,1935-01-01,,1935,2025,2008,POINT (12.53244 55.71175),2010,37037942.12,12257371.801,35.67,182189.30856
329,242,København Apoteket S,6,Nørrebrogade 224,2200,"01Jan1913 0:00:00,000",,1084,101,1084,"Nørrebrogade 224, 2200 Denmark",55.700139,12.540203,1913-01-01,,1913,2025,2008,POINT (12.540203 55.700139),2010,37037942.12,12257371.801,35.67,182189.30856
330,232,København Apoteket T,6,Ndr. Frihavnsgade 3,2100,"01Jan1909 0:00:00,000",,1084,101,1084,"Ndr. Frihavnsgade 3, 2100 Denmark",55.700024,12.578069,1909-01-01,,1909,2025,2008,POINT (12.578069 55.700024),2010,37037942.12,12257371.801,35.67,182189.30856
332,029,København Christians,6,Torvegade 47,1400,01-01-1753 00:00,,1084,101,1084,"Torvegade 47, 1400 Denmark",55.672344,12.591926,1753-01-01,,1753,2025,2008,POINT (12.591926 55.672344),2010,37037942.12,12257371.801,35.67,182189.30856
335,309,København Enghave Ap,13,Enghave Plads 25,1670,"01Jan1922 0:00:00,000",,1084,101,1084,"Enghave Plads 25, 1670 Denmark",55.666133,12.544116,1922-01-01,,1922,2025,2008,POINT (12.544116 55.66613299999999),2010,37037942.12,12257371.801,35.67,182189.30856
336,334,København Grøndalsa,13,Godthåbsvej 187A,2720,"01Jan1935 0:00:00,000",,1084,101,1084,"Godthåbsvej 187A, 2720 Denmark",55.6908748,12.5159263,1935-01-01,,1935,2025,2008,POINT (12.5159263 55.6908748),2010,37037942.12,12257371.801,35.67,182189.30856
338,341-2,København Hamlets Ap,7,Hamletsgade 2,2200,"01Jun2009 0:00:00,000",,1084,101,1084,"Hamletsgade 2, 2200 Denmark",55.703088,12.547708,2009-06-01,,2009,2025,2009,POINT (12.547708 55.703088),2010,37037942.12,12257371.801,35.67,182189.30856
340,322,København Husum Apot,6,Frederikssundsvej 320,2700,"01Jan1929 0:00:00,000",,1084,101,1084,"Frederikssundsvej 320, 2700 Denmark",55.711998,12.47255,1929-01-01,,1929,2025,2008,POINT (12.47255 55.711998),2010,37037942.12,12257371.801,35.67,182189.30856
341,029-1,København Islands Br,7,Islands Brygge 3-5,2300,"01Feb2003 0:00:00,000",,1084,101,1084,"Islands Brygge 3-5, 2300 Denmark",55.6672418,12.5773125,2003-02-01,,2003,2025,2008,POINT (12.5773125 55.66724179999999,2010,37037942.12,12257371.801,35.67,182189.30856
342,021,København Kongelig H,6,Store Kongensgade 45,1264,01-01-1753 00:00,,1084,101,1084,"Store Kongensgade 45, 1264 Denmark",55.683269,12.586637,1753-01-01,,1753,2025,2008,POINT (12.586637 55.683269),2010,37037942.12,12257371.801,35.67,182189.30856
343,338,København Linde Apot,6,Frederikssundsvej 152,2700,"01Jan1937 0:00:00,000",,1084,101,1084,"Frederikssundsvej 152, 2700 Denmark",55.704659,12.500087,1937-01-01,,1937,2025,2008,POINT (12.500087 55.704659),2010,37037942.12,12257371.801,35.67,182189.30856
344,090,København Nørrebro,6,Nørrebrogade 8,2200,01-01-1843 00:00,,1084,101,1084,"Nørrebrogade 8, 2200 Denmark",55.687462,12.56233,1843-01-01,,1843,2025,2008,POINT (12.56233 55.687462),2010,37037942.12,12257371.801,35.67,182189.30856
346,134,København Sct. Stefa,13,Nørrebrogade 140,2200,01-01-1881 00:00,,1084,101,1084,"Nørrebrogade 140, 2200 Denmark",55.694695,12.548836,1881-01-01,,1881,2025,2008,POINT (12.548836 55.694695),2010,37037942.12,12257371.801,35.67,182189.30856
347,183,København Steno Apot,6,Vesterbrogade 6 C,1620,"01Jan1900 0:00:00,000",,1084,101,1084,"Vesterbrogade 6 C, 1620 Denmark",55.6726625,12.5501706,1900-01-01,,1900,2025,2008,POINT (12.5501706 55.6726625),2010,37037942.12,12257371.801,35.67,182189.30856
348,332,København Sydhavnsap,13,Borgbjergsvej 15,2450,"01Jan1933 0:00:00,000",,1084,101,1084,"Borgbjergsvej 15, 2450 Denmark",55.651462,12.537598,1933-01-01,,1933,2025,2008,POINT (12.537598 55.651462),2010,37037942.12,12257371.801,35.67,182189.30856
349,199,København Sønderbro,6,Amagerbrogade 158,2300,"01Jan1902 0:00:00,000",,1084,101,1084,"Amagerbrogade 158, 2300 Denmark",55.654731,12.610199,1902-01-01,,1902,2025,2008,POINT (12.610199 55.65473100000001),2010,37037942.12,12257371.801,35.67,182189.30856
350,318,København Trekroner,6,Vigerslev Allé 38,2500,"01Jan1925 0:00:00,000",,1084,101,1084,"Vigerslev Allé 38, 2500 Denmark",55.661884,12.518641,1925-01-01,,1925,2025,2008,POINT (12.518641 55.66188399999999),2010,37037942.12,12257371.801,35.67,182189.30856
351,031,København Vaisenhus,13,Landemærket 3-5,1119,01-01-1753 00:00,,1084,101,1084,"Landemærket 3-5, 1119 Denmark",55.6827864,12.5776629,1753-01-01,,1753,2025,2008,POINT (12.5776629 55.6827864),2010,37037942.12,12257371.801,35.67,182189.30856
352,197,København Valby Apot,6,Valby Langgade 49,2500,"01Jan1902 0:00:00,000",,1084,101,1084,"Valby Langgade 49, 2500 Denmark",55.666526,12.516945,1902-01-01,,1902,2025,2008,POINT (12.516945 55.666526),2010,37037942.12,12257371.801,35.67,182189.30856
353,202,København Øresunds,6,Østerbrogade 151,2100,"01Jan1902 0:00:00,000",,1084,101,1084,"Østerbrogade 151, 2100 Denmark",55.714092,12.577286,1902-01-01,,1902,2025,2008,POINT (12.577286 55.714092),2010,37037942.12,12257371.801,35.67,182189.30856
354,320,København Østerbro,13,Østerbrogade 101,2100,"01Jan1929 0:00:00,000",,1084,101,1084,"Østerbrogade 101, 2100 Denmark",55.709432,12.577196,1929-01-01,,1929,2025,2008,POINT (12.577196 55.70943199999999),2010,37037942.12,12257371.801,35.67,182189.30856
635,343,Vanløse Løve Apotek,6,"Vanløse Torv 1, st. 123",2720,"01Jan1937 0:00:00,000",,1084,101,1084,"Vanløse Torv 1, st. 123, 2720 Denmark",55.708988,12.583695,1937-01-01,,1937,2025,2008,POINT (12.583695 55.708988),2010,37037942.12,12257371.801,35.67,182189.30856
143,111,Frederiksberg Apotek,6,Gammel Kongevej 162,1850,01-01-1867 00:00,,1084,147,1084,"Gammel Kongevej 162, 1850 Denmark",55.6759585,12.5433837,1867-01-01,,1867,2025,2008,POINT (12.5433837 55.67595849999999,2010,35441649.93,11725860.186,39.06,207434.50216
145,184,Frederiksberg Apoteke,6,Godthåbsvej 4,2000,"12Nov1901 0:00:00,000",,1084,147,1084,"Godthåbsvej 4, 2000 Denmark",55.685538,12.538161,1901-11-12,,1901,2025,2008,POINT (12.538161 55.685538),2010,35441649.93,11725860.186,39.06,207434.50216
146,327,Frederiksberg Dalgas,6,Dalgas Boulevard 91,2000,01.03.1994,,1084,147,1084,"Dalgas Boulevard 91, 2000 Denmark",55.681633,12.510563,1994-01-03,,1994,2025,2008,POINT (12.510563 55.681633),2010,35441649.93,11725860.186,39.06,207434.50216
148,262,Frederiksberg Gl. Kon,13,Gammel Kongevej 76,1850,"01Jan1916 0:00:00,000",,1084,147,1084,"Gammel Kongevej 76, 1850 Denmark",55.674336,12.551359,1916-01-01,,1916,2025,2008,POINT (12.551359 55.674336),2010,35441649.93,11725860.186,39.06,207434.50216
150,185,Frederiksberg Smalleg,6,Smallegade 46,2000,"01Jan1900 0:00:00,000",,1084,147,1084,"Smallegade 46, 2000 Denmark",55.679679,12.523739,1900-01-01,,1900,2025,2008,POINT (12.523739 55.67967900000001),2010,35441649.93,11725860.186,39.06,207434.50216
58,225,Ballerup Apotek,6,Centrumgaden 24-26,2750,"01Jan1907 0:00:00,000",,1084,151,1084,"Centrumgaden 24-26, 2750 Denmark",55.7281229,12.3598013,1907-01-01,,1907,2025,2008,POINT (12.3598013 55.7281229),2010,32268330.4,10619483.06,40.27,171160.70951
410,225-1,Maaløv Apotek,7,Stationsvej 7,2760,01.04.2000,,1084,151,1084,"Stationsvej 7, 2760 Denmark",55.748557,12.318699,2000-01-04,,2000,2025,2008,POINT (12.318699 55.748557),2010,32268330.4,10619483.06,40.27,171160.70951
529,360,Skovlunde Apotek,6,Torvestrædet 2,2740,"01Jan1966 0:00:00,000",,1084,151,1084,"Torvestrædet 2, 2740 Denmark",55.8697314,12.3554134,1966-01-01,,1966,2025,2008,POINT (12.3554134 55.8697314),2010,32268330.4,10619483.06,40.27,171160.70951
89,413,Brøndby Strand Apote,7,Brøndby Strand Centrum 16,2660,01.01.1992,,1084,153,1084,"Brøndby Strand Centrum 16, 2660 Denmark",55.621545,12.42262,1992-01-01,2016-08-26,1992,2016,2008,POINT (12.42262 55.621545),2010,,,40.67,155054.35383
91,354,Brøndbyøster Apotek,6,Nygårds Plads 29A,2605,"01Jan1957 0:00:00,000",,1084,153,1084,"Nygårds Plads 29A, 2605 Denmark",55.667523,12.437595,1957-01-01,,1957,2025,2008,POINT (12.437595 55.667523),2010,,,40.67,155054.35383
106,350-1,Dragør Apotek,7,Maglebytorv 18,2791,"01Sep2006 0:00:00,000",,1084,155,1084,"Maglebytorv 18, 2791 Denmark",55.59519,12.660578,2006-09-01,,2006,2025,2008,POINT (12.660578 55.59519),2010,,,42.64,210031.06187
99,159,Charlottenlund Apotek,6,"Lindegårdsvej 51, st",2920,01-01-1894 00:00,,1084,157,1084,"Lindegårdsvej 51, st, 2920 Denmark",55.75463,12.569751,1894-01-01,,1894,2025,2008,POINT (12.569751 55.75463000000001),2010,33925375.5,11112360.3,40.65,273870.93331
160,215,Gentofte Apotek,13,Gentoftegade 35,2820,"01Jan1904 0:00:00,000",,1084,157,1084,"Gentoftegade 35, 2820 Denmark",55.747369,12.541228,1904-01-01,,1904,2025,2008,POINT (12.541228 55.74736899999999),2010,33925375.5,11112360.3,40.65,273870.93331
209,182,Hellerup Apotek,13,Strandvejen 165,2900,"01Jan1900 0:00:00,000",,1084,157,1084,"Strandvejen 165, 2900 Denmark",55.732495,12.575353,1900-01-01,,1900,2025,2008,POINT (12.575353 55.73249499999999),2010,33925375.5,11112360.3,40.65,273870.93331
459,325,Ordrup Apotek,6,Ordrupvej 80,2920,"01Jan1930 0:00:00,000",,1084,157,1084,"Ordrupvej 80, 2920 Denmark",55.761535,12.574219,1930-01-01,,1930,2025,2008,POINT (12.574219 55.76153499999999),2010,33925375.5,11112360.3,40.65,273870.93331
57,353,Bagsværd Apotek,6,Bagsværd Torv 6,2880,"01Jan1956 0:00:00,000",,1084,159,1084,"Bagsværd Torv 6, 2880 Denmark",55.76157,12.452301,1956-01-01,,1956,2025,2008,POINT (12.452301 55.76156999999999),2010,42895845.3,13991064.57,39.12,186470.64278
96,358,Buddinge Apotek,13,Søborg Hovedgade 201,2860,"01Jan1961 0:00:00,000",,1084,159,1084,"Søborg Hovedgade 201, 2860 Denmark",55.741866,12.497438,1961-01-01,,1961,2025,2008,POINT (12.497438 55.741866),2010,42895845.3,13991064.57,39.12,186470.64278
581,312,Søborg Apotek,6,Søborg Hovedgade 86,2860,"01Jan1925 0:00:00,000",,1084,159,1084,"Søborg Hovedgade 86, 2860 Denmark",55.734786,12.513729,1925-01-01,,1925,2025,2008,POINT (12.513729 55.734786),2010,42895845.3,13991064.57,39.12,186470.64278
167,109,Glostrup Apotek,6,Hovedvejen 101,2600,01-01-1863 00:00,,1084,161,1084,"Hovedvejen 101, 2600 Denmark",55.665658,12.396538,1863-01-01,,1863,2025,2008,POINT (12.396538 55.66565799999999),2010,,,40.57,182127.83614
216,351,Herlev Apotek,6,Herlev Torv 13,2730,"01Jan1951 0:00:00,000",,1084,163,1084,"Herlev Torv 13, 2730 Denmark",55.724141,12.438964,1951-01-01,,1951,2025,2008,POINT (12.438964 55.724141),2010,,,40.75,173217.65312
0,359,Albertslund Apotek,6,Bytorvet 5,2620,"01Jan1966 0:00:00,000",,1084,165,1084,"Bytorvet 5, 2620 Denmark",55.656514,12.353695,1966-01-01,,1966,2025,2008,POINT (12.353695 55.656514),2010,,,37.55,156456.88469
155,355,Friheden Apotek,6,Strandmarksvej 20,2650,"01Jan1958 0:00:00,000",,1084,167,1084,"Strandmarksvej 20, 2650 Denmark",55.626891,12.484661,1958-01-01,,1958,2025,2008,POINT (12.484661 55.626891),2010,,,39.49,173233.17651
261,348,Hvidovre Apotek,6,Hvidovrevej 178,2650,"01Jan1950 0:00:00,000",,1084,167,1084,"Hvidovrevej 178, 2650 Denmark",55.65347,12.474295,1950-01-01,,1950,2025,2008,POINT (12.474295 55.65347),2010,,,39.49,173233.17651
207,252-1,Hedehusene Apotek,7,Hovedgaden 421,2640,01.01.1992,,1084,169,1084,"Hovedgaden 421, 2640 Denmark",55.649489,12.200141,1992-01-01,,1992,2025,2008,POINT (12.200141 55.649489),2010,,,38.37,173553.31022
617,252,Taastrup Apotek,6,Taastrup Hovedgade 60,2630,"01Jan1908 0:00:00,000",,1084,169,1084,"Taastrup Hovedgade 60, 2630 Denmark",55.65025,12.301525,1908-01-01,,1908,2025,2008,POINT (12.301525 55.65025),2010,,,38.37,173553.31022
376,059,Lyngby Svane Apotek,6,Lyngby Hovedgade 27,2800,01-01-1806 00:00,,1084,173,1084,"Lyngby Hovedgade 27, 2800 Denmark",55.771531,12.502527,1806-01-01,,1806,2025,2008,POINT (12.502527 55.771531),2010,,,41.23,223223.11573
666,349,Virum Apotek,13,Frederiksdalsvej 73,2830,"01Jan1950 0:00:00,000",,1084,173,1084,"Frederiksdalsvej 73, 2830 Denmark",55.795311,12.473014,1950-01-01,,1950,2025,2008,POINT (12.473014 55.795311),2010,,,41.23,223223.11573
497,339,Rødovre Apotek,6,"Rødovre Centrum 1C, st. 124",2610,"01Jan1937 0:00:00,000",,1084,175,1084,"Rødovre Centrum 1C, st. 124, 2610 Denmark",55.6806,12.4537,1937-01-01,,1937,2025,2008,POINT (12.4537 55.6806),2010,,,40.67,171087.09764
281,365-1,Ishøj Apotek,7,"Ishøj Nørregade 12, Ishøj Byce",2635,01.01.1991,,1084,183,1084,"Ishøj Nørregade 12, Ishøj Bycenter, 2635 Den",55.6154,12.3518,1991-01-01,,1991,2025,2008,POINT (12.3518 55.6154),2010,,,37.27,157474.52651
300,350,Kastrup Apotek,6,Skottegården 2,2770,"01Jan1950 0:00:00,000",,1084,185,1084,"Skottegården 2, 2770 Denmark",55.6377,12.635151,1950-01-01,,1950,2025,2008,POINT (12.635151 55.6377),2010,,,40.89,178658.0038
614,323,Tårnby Apotek,6,Kamillevej 4,2770,"01Jan1929 0:00:00,000",,1084,185,1084,"Kamillevej 4, 2770 Denmark",55.632714,12.622263,1929-01-01,,1929,2025,2008,POINT (12.622263 55.632714),2010,,,40.89,178658.0038
631,359-1,Vallensbæk Apotek,7,Vallensbæk Stationstorv 60,2665,01.01.1992,01-APR-2020,1084,187,1084,"Vallensbæk Stationstorv 60, 2665 Denmark",55.62323,12.388825,1992-01-01,2020-04-01,1992,2020,2008,POINT (12.388825 55.62323000000001),2010,,,38.81,197851.10943
130,278,Farum Apotek,6,Farum Bytorv 69,3520,01-01-1885 00:00,,1084,190,1084,"Farum Bytorv 69, 3520 Denmark",55.814654,12.381689,1885-01-01,,1885,2025,2008,POINT (12.381689 55.814654),2010,,,40.50,220115.04783
676,362,Værløse Apotek,6,Bymidten 13,3500,"01Jan1967 0:00:00,000",,1084,190,1084,"Bymidten 13, 3500 Denmark",55.784539,12.373718,1967-01-01,,1967,2025,2008,POINT (12.373718 55.784539),2010,,,40.50,220115.04783
2,346-1,Allerød Apotek,7,Allerød Stationsvej 9,3450,07.03.2008,,1084,201,1084,"Allerød Stationsvej 9, 3450 Denmark",55.871124,12.355782,2008-07-03,,2008,2025,2008,POINT (12.355782 55.871124),2010,,,39.62,224870.61617
140,154-2,Fredensborg Apotek,7,Jernbanegade 3,3480,01.01.1992,,1084,210,1084,"Jernbanegade 3, 3480 Denmark",55.979023,12.398907,1992-01-01,,1992,2025,2008,POINT (12.398907 55.979023),2010,27595711.15,9010020.36,40.70,203509.21018
253,154,Humlebæk Apotek,6,Humlebæk Center 23,3050,01-01-1893 00:00,,1084,210,1084,"Humlebæk Center 23, 3050 Denmark",55.964006,12.529982,1893-01-01,,1893,2025,2008,POINT (12.529982 55.964006),2010,27595711.15,9010020.36,40.70,203509.21018
421,079-1,Nivå Apotek,7,Nivå Center 75,2990,01.01.1992,,1084,210,1084,"Nivå Center 75, 2990 Denmark",55.93464,12.504554,1992-01-01,,1992,2025,2008,POINT (12.504554 55.93464),2010,27595711.15,9010020.36,40.70,203509.21018
124,154-1,Espergærde Apotek,7,Nørremarken 3,3060,01.01.1992,,1084,217,1084,"Nørremarken 3, 3060 Denmark",55.996762,12.5432234,1992-01-01,,1992,2025,2008,POINT (12.5432234 55.996762),2010,32806206.975,10927727.662,41.53,177165.96269
212,364,Helsingør Axeltorvs,6,Groskenstræde 2 A,3000,"01Jan1968 0:00:00,000",,1084,217,1084,"Groskenstræde 2 A, 3000 Denmark",56.0367464,12.6107202,1968-01-01,,1968,2025,2008,POINT (12.6107202 56.03674640000001,2010,32806206.975,10927727.662,41.53,177165.96269
213,238,Helsingør Stengades,6,Stengade 46,3000,"01Jan1912 0:00:00,000",,1084,217,1084,"Stengade 46, 3000 Denmark",56.03519,12.6142515,1912-01-01,,1912,2025,2008,POINT (12.6142515 56.03519),2010,32806206.975,10927727.662,41.53,177165.96269
242,113-1,Hornbæk Apotek,7,Sauntevej 2,3100,01.01.1992,,1084,217,1084,"Sauntevej 2, 3100 Denmark",56.0806998,12.4792214,1992-01-01,,1992,2025,2008,POINT (12.4792214 56.0806998),2010,32806206.975,10927727.662,41.53,177165.96269
221,044,Hillerød Frederiksbo,6,Slotsgade 26,3400,01-01-1792 00:00,,1084,219,1084,"Slotsgade 26, 3400 Denmark",55.930404,12.299802,1792-01-01,,1792,2025,2008,POINT (12.299802 55.930404),2010,,,39.15,196802.15755
222,367,Hillerød Krone Apote,6,Helsingørsgade 10,3400,"01Jan1998 0:00:00,000",,1084,219,1084,"Helsingørsgade 10, 3400 Denmark",55.9303626,12.3050612,1998-01-01,,1998,2025,2008,POINT (12.3050612 55.9303626),2010,,,39.15,196802.15755
273,079,Hørsholm Apotek,6,Hørsholm Midtpunkt 78,2970,01-01-1840 00:00,,1084,223,1084,"Hørsholm Midtpunkt 78, 2970 Denmark",55.882527,12.49756,1840-01-01,,1840,2025,2008,POINT (12.49756 55.882527),2010,,,43.75,256639.59306
70,346,Birkerød Apotek,6,Teglporten 27,3460,"01Jan1938 0:00:00,000",,1084,230,1084,"Teglporten 27, 3460 Denmark",55.838563,12.431699,1938-01-01,,1938,2025,2008,POINT (12.431699 55.838563),2010,35426138.1,11629301.68,41.74,251093.48644
241,283,Holte Apotek,6,"Holte Midtpunkt 20, 1. sal",2840,"01Jan1919 0:00:00,000",,1084,230,1084,"Holte Midtpunkt 20, 1. sal, 2840 Denmark",55.811887,12.471571,1919-01-01,,1919,2025,2008,POINT (12.471571 55.811887),2010,35426138.1,11629301.68,41.74,251093.48644
433,138,Nærum Apotek,6,Nærum Vænge Torv 35,2850,01-01-1873 00:00,,1084,230,1084,"Nærum Vænge Torv 35, 2850 Denmark",55.816,12.5385,1873-01-01,,1873,2025,2008,POINT (12.5385 55.816),2010,35426138.1,11629301.68,41.74,251093.48644
554,369,Stenløse Apotek,13,Egedal Centret 2,3660,"01Jun2004 0:00:00,000",,1084,240,1084,"Egedal Centret 2, 3660 Denmark",55.76822,12.194889,2004-06-01,,2004,2025,2008,POINT (12.194889 55.76821999999999),2010,,,38.39,208793.87688
153,068,Frederikssund Apotek,6,"Nygade 1, 1. sal 18",3600,01-01-1815 00:00,,1084,250,1084,"Nygade 1, 1. sal 18, 3600 Denmark",55.836515,12.06505,1815-01-01,,1815,2025,2008,POINT (12.06505 55.83651500000001),2010,,,41.07,178636.25458
523,130,Skibby Apotek,6,Hovedgaden 40,4050,01-01-1876 00:00,,1084,250,1084,"Hovedgaden 40, 4050 Denmark",55.751455,11.959362,1876-01-01,,1876,2025,2008,POINT (11.959362 55.75145500000001),2010,,,41.07,178636.25458
173,370,Greve Apotek,6,Greve Midtby Center 14 B,2670,"27Jun2005 0:00:00,000",,1085,253,1085,"Greve Midtby Center 14 B, 2670 Denmark",55.5822503,12.2952687,2005-06-27,,2005,2025,2008,POINT (12.2952687 55.58225030000001,2010,,,40.15,192961.01494
256,365,Hundige Apotek,6,Over Bølgen 19H,2670,"01Jan1976 0:00:00,000",,1085,253,1085,"Over Bølgen 19H, 2670 Denmark",55.5970596,12.3268903,1976-01-01,,1976,2025,2008,POINT (12.3268903 55.5970596),2010,,,40.15,192961.01494
75,180,Borup Apotek,6,Hovedgaden 15,4140,01-01-1899 00:00,,1085,259,1085,"Hovedgaden 15, 4140 Denmark",55.494647,11.97249,1899-01-01,,1899,2025,2008,POINT (11.97249 55.494647),2010,27191001.375,9068993.4675,39.37,176613.20925
355,368,Køge Boholte Apotek,6,Marksvinget 31,4600,"01Jan1999 0:00:00,000",,1085,259,1085,"Marksvinget 31, 4600 Denmark",55.4481913,12.1602655,1999-01-01,,1999,2025,2008,POINT (12.1602655 55.4481913),2010,27191001.375,9068993.4675,39.37,176613.20925
357,014,Køge Torvets Apotek,6,Brogade 1,4600,19.11.1979,,1085,259,1085,"Brogade 1, 4600 Denmark",55.4546886,12.1815115,1979-11-19,,1979,2025,2008,POINT (12.1815115 55.4546886),2010,27191001.375,9068993.4675,39.37,176613.20925
680,368-1,Ølby Apotek,7,Ølby Center 25,4600,01.01.1992,,1085,259,1085,"Ølby Center 25, 4600 Denmark",55.458,12.1821,1992-01-01,,1992,2025,2008,POINT (12.1821 55.458),2010,27191001.375,9068993.4675,39.37,176613.20925
154,080,Frederiksværk Apotek,6,Nørregade 4,3300,11-12-1857 00:00,,1084,260,1084,"Nørregade 4, 3300 Denmark",55.973217,12.021654,1857-11-12,,1857,2025,2008,POINT (12.021654 55.97321700000001),2010,,,42.35,159524.14578
254,415,Hundested Apotek,6,Nørregade 54,3390,01.01.1992,,1084,260,1084,"Nørregade 54, 3390 Denmark",55.9572481,11.8536231,1992-01-01,2019-12-31,1992,2019,2008,POINT (11.8536231 55.9572481),2010,,,42.35,159524.14578
292,170-1,Jyllinge Apotek,7,Jyllinge Center 31,4040,"01Dec2001 0:00:00,000",,1085,265,1085,"Jyllinge Center 31, 4040 Denmark",55.7535209,12.1086079,2001-12-01,,2001,2025,2008,POINT (12.1086079 55.75352090000001,2010,47938952.1,15929223.9,39.72,193773.46968
481,017,Roskilde Dom Apotek,6,Algade 51,4000,01-01-1753 00:00,,1085,265,1085,"Algade 51, 4000 Denmark",55.640674,12.089246,1753-01-01,,1753,2025,2008,POINT (12.089246 55.640674),2010,47938952.1,15929223.9,39.72,193773.46968
483,170,Roskilde Svane Apotek,6,Skomagergade 19,4000,01-01-1898 00:00,,1085,265,1085,"Skomagergade 19, 4000 Denmark",55.640778,12.077801,1898-01-01,,1898,2025,2008,POINT (12.077801 55.640778),2010,47938952.1,15929223.9,39.72,193773.46968
203,370-1,Havdrup Apotek,7,Møllemarken 8,4622,"27Jun2005 0:00:00,000",,1085,269,1085,"Møllemarken 8, 4622 Denmark",55.543764,12.115263,2005-06-27,,2005,2025,2008,POINT (12.115263 55.543764),2010,,,39.57,204818.00491
546,014-1,Solrød Apotek,7,Solrød Center 78,2680,01.01.1992,,1085,269,1085,"Solrød Center 78, 2680 Denmark",55.533005,12.21967,1992-01-01,,1992,2025,2008,POINT (12.21967 55.533005),2010,,,39.57,204818.00491
161,113,Gilleleje Apotek,6,Vesterbrogade 6 B,3250,01-01-1869 00:00,,1084,270,1084,"Vesterbrogade 6 B, 3250 Denmark",56.1256179,12.3056349,1869-01-01,,1869,2025,2008,POINT (12.3056349 56.1256179),2010,,,42.64,175492.98846
211,191,Helsinge Apotek,6,Østergade 35,3200,"01Jan1901 0:00:00,000",,1084,270,1084,"Østergade 35, 3200 Denmark",56.0239977,12.2077328,1901-01-01,,1901,2025,2008,POINT (12.2077328 56.02399770000001,2010,,,42.64,175492.98846
47,216,Asnæs Apotek,6,Asnæs Centret 7,4550,"01Jan1905 0:00:00,000",,1085,306,1085,"Asnæs Centret 7, 4550 Denmark",55.811989,11.500561,1905-01-01,,1905,2025,2008,POINT (11.500561 55.811989),2010,,,45.02,139512.48469
429,062,Nykøbing Apotek,6,Algade 20,4500,01-01-1809 00:00,,1085,306,1085,"Algade 20, 4500 Denmark",55.922181,11.668122,1809-01-01,,1809,2025,2008,POINT (11.668122 55.92218100000001),2010,,,45.02,139512.48469
235,026,Holbæk Elefant Apote,13,Ahlgade 32,4300,01-01-1753 00:00,,1085,316,1085,"Ahlgade 32, 4300 Denmark",55.71768,11.711049,1753-01-01,,1753,2025,2008,POINT (11.711049 55.71768),2010,51223195.45,16829258.82,39.95,167535.28008
236,239,Holbæk Løve Apotek,6,Labæk 4-6,4300,"01Jan1913 0:00:00,000",,1085,316,1085,"Labæk 4-6, 4300 Denmark",55.716936,11.7184847,1913-01-01,,1913,2025,2008,POINT (11.7184847 55.716936),2010,51223195.45,16829258.82,39.95,167535.28008
291,116,Jyderup Apotek,6,Sølystvej 1,4450,01-01-1870 00:00,,1085,316,1085,"Sølystvej 1, 4450 Denmark",55.660084,11.395909,1870-01-01,,1870,2025,2008,POINT (11.395909 55.660084),2010,51223195.45,16829258.82,39.95,167535.28008
125,206,Fakse Apotek,6,Rønnedevej 15,4640,01-01-1892 00:00,,1085,320,1085,"Rønnedevej 15, 4640 Denmark",55.255616,12.116181,1892-01-01,,1892,2025,2008,POINT (12.116181 55.255616),2010,22798501.25,7548379.26,41.15,165904.01759
199,100,Haslev Apotek,6,Jernbanegade 11,4690,01-01-1856 00:00,,1085,320,1085,"Jernbanegade 11, 4690 Denmark",55.328899,11.963527,1856-01-01,,1856,2025,2008,POINT (11.963527 55.328899),2010,22798501.25,7548379.26,41.15,165904.01759
296,067-1,Karise Apotek,7,Syrenvænget 20,4653,"01Jul2010 0:00:00,000",,1085,320,1085,"Syrenvænget 20, 4653 Denmark",55.303771,12.199332,2010-07-01,,2010,2025,2010,POINT (12.199332 55.303771),2010,22798501.25,7548379.26,41.15,165904.01759
183,254-1,Gørlev Apotek,7,Algade 29,4281,01.01.1991,,1085,326,1085,"Algade 29, 4281 Denmark",55.539444,11.226409,1991-01-01,,1991,2025,2008,POINT (11.226409 55.539444),2010,36532225.95,12079667.72,41.68,154794.93752
270,254,Høng Apotek,6,Centervej 35,4270,"01Jan1907 0:00:00,000",,1085,326,1085,"Centervej 35, 4270 Denmark",55.504303,11.288948,1907-01-01,,1907,2025,2008,POINT (11.288948 55.504303),2010,36532225.95,12079667.72,41.68,154794.93752
295,023,Kalundborg Svane Apot,6,Elmegade 15,4400,01-01-1753 00:00,,1085,326,1085,"Elmegade 15, 4400 Denmark",55.678817,11.097264,1753-01-01,,1753,2025,2008,POINT (11.097264 55.678817),2010,36532225.95,12079667.72,41.68,154794.93752
478,077,Ringsted Apotek,6,Sct. Hansgade 23,4100,01-01-1808 00:00,,1085,329,1085,"Sct. Hansgade 23, 4100 Denmark",55.4426,11.7901,1808-01-01,,1808,2025,2008,POINT (11.7901 55.4426),2010,,,39.07,171726.86686
318,043,Korsør Apotek,6,Algade 49,4220,01-01-1761 00:00,,1085,330,1085,"Algade 49, 4220 Denmark",55.3278702,11.1399915,1761-01-01,,1761,2025,2008,POINT (11.1399915 55.32787020000001,2010,39213946.05,12987892.44,40.79,154162.08899
530,058,Skælskør Apotek,6,Algade 21,4230,01-01-1805 00:00,,1085,330,1085,"Algade 21, 4230 Denmark",55.253746,11.294236,1805-01-01,,1805,2025,2008,POINT (11.294236 55.253746),2010,39213946.05,12987892.44,40.79,154162.08899
535,169,Slagelse Rådhusapote,6,Smedegade 8,4200,01-01-1897 00:00,,1085,330,1085,"Smedegade 8, 4200 Denmark",55.4058687,11.3606258,1897-01-01,,1897,2025,2008,POINT (11.3606258 55.40586870000001,2010,39213946.05,12987892.44,40.79,154162.08899
536,022,Slagelse Svane Apotek,6,"Jernbanegade 7, st. 4",4200,01-01-1753 00:00,,1085,330,1085,"Jernbanegade 7, st. 4, 4200 Denmark",55.4028,11.3546,1753-01-01,,1753,2025,2008,POINT (11.3546 55.4028),2010,39213946.05,12987892.44,40.79,154162.08899
556,067,Stevns Apotek,6,Nytorv 5,4660,01-01-1815 00:00,,1085,336,1085,"Nytorv 5, 4660 Denmark",55.309773,12.387836,1815-01-01,,1815,2025,2008,POINT (12.387836 55.309773),2010,,,42.62,167644.66988
105,207-1,Dianalund Apotek,7,Torvet 5,4293,01.11.2008,,1085,340,1085,"Torvet 5, 4293 Denmark",55.526943,11.49729,2008-01-11,,2008,2025,2008,POINT (11.49729 55.526943),2010,20679681.63,6785411.38,40.62,163343.75568
551,007,Sorø Apotek,6,Storgade 19 A,4180,01-01-1753 00:00,,1085,340,1085,"Storgade 19 A, 4180 Denmark",55.4312798,11.5558778,1753-01-01,,1753,2025,2008,POINT (11.5558778 55.4312798),2010,20679681.63,6785411.38,40.62,163343.75568
553,207,Stenlille Apotek,6,Hovedgaden 48,4295,"01Jan1903 0:00:00,000",,1085,340,1085,"Hovedgaden 48, 4295 Denmark",55.540055,11.590952,1903-01-01,,1903,2025,2008,POINT (11.590952 55.540055),2010,20679681.63,6785411.38,40.62,163343.75568
259,119,Hvalsø Apotek,6,Roskildevej 4,4330,01-01-1871 00:00,,1085,350,1085,"Roskildevej 4, 4330 Denmark",55.589584,11.863888,1871-01-01,,1871,2025,2008,POINT (11.863888 55.589584),2010,,,40.52,194230.48073
400,025,Maribo Apotek,6,Vestergade 1,4930,01-01-1753 00:00,,1085,360,1085,"Vestergade 1, 4930 Denmark",54.774378,11.500548,1753-01-01,,1753,2025,2008,POINT (11.500548 54.77437800000001),2010,38127238.8,12879597.84,45.11,128752.42769
413,013,Nakskov Løve Apotek,6,Nygade 17-19,4900,01-01-1753 00:00,,1085,360,1085,"Nygade 17-19, 4900 Denmark",54.830791,11.1401569,1753-01-01,,1753,2025,2008,POINT (11.1401569 54.830791),2010,38127238.8,12879597.84,45.11,128752.42769
493,081,Rødby Løve Apotek,13,Østergade 51,4970,01-01-1819 00:00,,1085,360,1085,"Østergade 51, 4970 Denmark",54.695624,11.393973,1819-01-01,,1819,2025,2008,POINT (11.393973 54.695624),2010,38127238.8,12879597.84,45.11,128752.42769
157,137-1,Fuglebjerg Apotek,7,Byagervej 6 A,4250,"01Aug2007 0:00:00,000",,1085,370,1085,"Byagervej 6 A, 4250 Denmark",55.3016809,11.5476596,2007-08-01,,2007,2025,2008,POINT (11.5476596 55.3016809),2010,30952347.18,10271864.634,40.62,160992.44289
168,137,Glumsø Apotek,13,Østergade 8,4171,01-01-1883 00:00,,1085,370,1085,"Østergade 8, 4171 Denmark",55.352931,11.692252,1883-01-01,,1883,2025,2008,POINT (11.692252 55.35293100000001),2010,30952347.18,10271864.634,40.62,160992.44289
437,012,Næstved Løve Apotek,6,"Apotekergaarden, Axeltorv 12",4700,01-01-1753 00:00,,1085,370,1085,"Apotekergaarden, Axeltorv 12, 4700 Denmark",55.2299,11.7609,1753-01-01,,1753,2025,2008,POINT (11.7609 55.2299),2010,30952347.18,10271864.634,40.62,160992.44289
438,188-1,Næstved Sct. Jørgen,7,Sct. Jørgens Park 34,4700,01.01.1991,,1085,370,1085,"Sct. Jørgens Park 34, 4700 Denmark",55.2158,11.757241,1991-01-01,,1991,2025,2008,POINT (11.757241 55.2158),2010,30952347.18,10271864.634,40.62,160992.44289
441,188,Næstved Svane Apotek,6,Torvestræde 8,4700,"01Jan1900 0:00:00,000",,1085,370,1085,"Torvestræde 8, 4700 Denmark",55.230064,11.760045,1900-01-01,,1900,2025,2008,POINT (11.760045 55.230064),2010,30952347.18,10271864.634,40.62,160992.44289
389,018,Løve Apotek Nykøbin,6,Langgade 5,4800,01-01-1753 00:00,,1085,376,1085,"Langgade 5, 4800 Denmark",54.76734,11.867126,1753-01-01,,1753,2025,2008,POINT (11.867126 54.76734),2010,22397352.775,7426748.33,43.79,141299.46526
430,136,Nykøbing F. Svane Ap,6,Slotsbryggen 1-3,4800,01-01-1882 00:00,,1085,376,1085,"Slotsbryggen 1-3, 4800 Denmark",54.7717368,11.8639389,1882-01-01,,1882,2025,2008,POINT (11.8639389 54.7717368),2010,22397352.775,7426748.33,43.79,141299.46526
432,075,Nysted Apotek,6,Adelgade 13,4880,01-01-1827 00:00,30-JUN-2013,1085,376,1085,"Adelgade 13, 4880 Denmark",54.668997,11.728762,1827-01-01,2013-06-30,1827,2013,2008,POINT (11.728762 54.668997),2010,22397352.775,7426748.33,43.79,141299.46526
442,195,Nørre Alslev Apotek,6,Apotekergade 1,4840,"01Jan1902 0:00:00,000",,1085,376,1085,"Apotekergade 1, 4840 Denmark",54.898671,11.879174,1902-01-01,,1902,2025,2008,POINT (11.879174 54.89867099999999),2010,22397352.775,7426748.33,43.79,141299.46526
504,056,Sakskøbing Apotek,6,Søndergade 9,4990,01-01-1804 00:00,01-DEC-2017,1085,376,1085,"Søndergade 9, 4990 Denmark",54.798908,11.636579,1804-01-01,2017-12-01,1804,2017,2008,POINT (11.636579 54.798908),2010,22397352.775,7426748.33,43.79,141299.46526
571,195-1,Stubbekøbing Apotek,7,Torvet 2,4850,"01Jan2006 0:00:00,000",,1085,376,1085,"Torvet 2, 4850 Denmark",54.890308,12.043139,2006-01-01,,2006,2025,2008,POINT (12.043139 54.890308),2010,22397352.775,7426748.33,43.79,141299.46526
467,086,Præstø Apotek,6,Svend Gønges Torv 12,4720,01-01-1816 00:00,,1085,390,1085,"Svend Gønges Torv 12, 4720 Denmark",55.121942,12.040149,1816-01-01,,1816,2025,2008,POINT (12.040149 55.121942),2010,33489949.15,11030728.05,43.45,142813.49705
552,028,Stege Apotek,6,Storegade 6,4780,01-01-1753 00:00,,1085,390,1085,"Storegade 6, 4780 Denmark",54.983005,12.283544,1753-01-01,,1753,2025,2008,POINT (12.283544 54.98300500000001),2010,33489949.15,11030728.05,43.45,142813.49705
673,032,Vordingborg Apotek,13,Voldgade 20,4760,01-01-1753 00:00,,1085,390,1085,"Voldgade 20, 4760 Denmark",55.00956,11.909083,1753-01-01,,1753,2025,2008,POINT (11.909083 55.00956),2010,33489949.15,11030728.05,43.45,142813.49705
4,175,Allinge Apotek,6,Kirkegade 13,3770,01-01-1898 00:00,01-MAY-2016,1084,400,1084,"Kirkegade 13, 3770 Denmark",55.277123,14.802304,1898-01-01,2016-05-01,1898,2016,2008,POINT (14.802304 55.277123),2010,28121129.31,9531855.55,44.86,134339.65125
416,082,Nexø Apotek,6,Strandgade 7,3730,01-01-1830 00:00,,1084,400,1084,"Strandgade 7, 3730 Denmark",55.063241,15.133632,1830-01-01,,1830,2025,2008,POINT (15.133632 55.063241),2010,28121129.31,9531855.55,44.86,134339.65125
502,042,Rønne Apotek,6,Store Torvegade 12,3700,01-01-1760 00:00,,1084,400,1084,"Store Torvegade 12, 3700 Denmark",55.103619,14.6995,1760-01-01,,1760,2025,2008,POINT (14.6995 55.10361899999999),2010,28121129.31,9531855.55,44.86,134339.65125
116,189,Ejby Apotek,6,Algade 4,5592,"01Jan1901 0:00:00,000",,1083,410,1083,"Algade 4, 5592 Denmark",55.429067,9.928937,1901-01-01,,1901,2025,2008,POINT (9.928936999999999 55.429067),2010,,,41.30,164676.71842
405,047,Middelfart Apotek,6,Jernbanegade 2C,5500,01-01-1799 00:00,,1083,410,1083,"Jernbanegade 2C, 5500 Denmark",55.50412,9.734367,1799-01-01,,1799,2025,2008,POINT (9.734367000000001 55.5041199,2010,,,41.30,164676.71842
48,024,Assens Apotek,6,Østergade 35,5610,01-01-1753 00:00,,1083,420,1083,"Østergade 35, 5610 Denmark",55.270081,9.897483,1753-01-01,,1753,2025,2008,POINT (9.897482999999999 55.270081),2010,28633859.2,9545172.73,41.30,152927.34282
276,024-1,Haarby Apotek,7,Algade 33,5683,01.05.1994,,1083,420,1083,"Algade 33, 5683 Denmark",55.22332,10.124086,1994-01-05,,1994,2025,2008,POINT (10.124086 55.22331999999999),2010,28633859.2,9545172.73,41.30,152927.34282
729,189-1,Aarup Apotek,7,Bredgade 60,5560,"01Jan2009 0:00:00,000",,1083,420,1083,"Bredgade 60, 5560 Denmark",55.37892,10.0475,2009-01-01,,2009,2025,2009,POINT (10.0475 55.37891999999999),2010,28633859.2,9545172.73,41.30,152927.34282
158,034,Faaborg Løve Apotek,6,Herregårdscentret 6,5600,01-01-1753 00:00,,1083,430,1083,"Herregårdscentret 6, 5600 Denmark",55.100625,10.240043,1753-01-01,,1753,2025,2008,POINT (10.240043 55.100625),2010,,,42.09,147821.65363
476,091,Ringe Apotek,13,Torvet 5,5750,01-01-1842 00:00,,1083,430,1083,"Torvet 5, 5750 Denmark",55.237205,10.47977,1842-01-01,,1842,2025,2008,POINT (10.47977 55.237205),2010,,,42.09,147821.65363
302,052,Kerteminde Apotek,6,Langegade 37,5300,01-01-1796 00:00,,1083,440,1083,"Langegade 37, 5300 Denmark",55.45269,10.6593833,1796-01-01,,1796,2025,2008,POINT (10.6593833 55.45269),2010,,,42.09,155393.81645
360,152,Langeskov Apotek,6,Langeskov Centret 27,5550,01-01-1891 00:00,,1083,440,1083,"Langeskov Centret 27, 5550 Denmark",55.360559,10.587606,1891-01-01,,1891,2025,2008,POINT (10.587606 55.36055899999999),2010,,,42.09,155393.81645
427,316,Nyborg Apotek,6,Kongegade 8,5800,"01Jan1924 0:00:00,000",,1083,450,1083,"Kongegade 8, 5800 Denmark",55.311506,10.790021,1924-01-01,,1924,2025,2008,POINT (10.790021 55.31150600000001),2010,,,42.17,147209.43465
622,417,Ullerslev Apoteksudsa,6,Ullerslev centret,5540,01.01.1992,,1083,450,1083,"Ullerslev centret, 5540 Denmark",55.3601932,10.6661058,1992-01-01,2011-03-04,1992,2011,2008,POINT (10.6661058 55.3601932),2010,,,42.17,147209.43465
448,177,Odense Albani Apotek,6,Albanigade 54 F,5000,01-01-1899 00:00,,1083,461,1083,"Albanigade 54 F, 5000 Denmark",55.3923896,10.3971025,1899-01-01,,1899,2025,2008,POINT (10.3971025 55.39238960000001,2010,36366012.705,12040317.831,38.63,153870.17225
449,282,Odense Apoteket Ørne,6,Vestergade 80,5000,"01Jan1919 0:00:00,000",,1083,461,1083,"Vestergade 80, 5000 Denmark",55.394452,10.382394,1919-01-01,,1919,2025,2008,POINT (10.382394 55.394452),2010,36366012.705,12040317.831,38.63,153870.17225
450,123,Odense Bellinge Apote,6,Elmegårdsvej 2,5250,01-01-1871 00:00,,1083,461,1083,"Elmegårdsvej 2, 5250 Denmark",55.336904,10.315616,1871-01-01,,1871,2025,2008,POINT (10.315616 55.336904),2010,36366012.705,12040317.831,38.63,153870.17225
451,357,Odense Bolbro Apotek,13,Middelfartvej 129,5200,"01Jan1960 0:00:00,000",,1083,461,1083,"Middelfartvej 129, 5200 Denmark",55.394098,10.347762,1960-01-01,,1960,2025,2008,POINT (10.347762 55.394098),2010,36366012.705,12040317.831,38.63,153870.17225
452,345,Odense Dalum Apotek,6,Dalumvej 34,5250,"01Jan1938 0:00:00,000",,1083,461,1083,"Dalumvej 34, 5250 Denmark",55.372132,10.370652,1938-01-01,,1938,2025,2008,POINT (10.370652 55.37213199999999),2010,36366012.705,12040317.831,38.63,153870.17225
453,151-1,Odense Rosengården A,7,Ørbækvej 75,5220,01.01.1996,,1083,461,1083,"Ørbækvej 75, 5220 Denmark",55.382488,10.428085,1996-01-01,,1996,2025,2008,POINT (10.428085 55.382488),2010,36366012.705,12040317.831,38.63,153870.17225
454,198,Odense Sct. Hans Apot,6,Skibhusvej 66,5000,"01Jan1902 0:00:00,000",,1083,461,1083,"Skibhusvej 66, 5000 Denmark",55.406309,10.392826,1902-01-01,,1902,2025,2008,POINT (10.392826 55.406309),2010,36366012.705,12040317.831,38.63,153870.17225
455,151,Odense Sct. Knuds Apo,6,Kongensgade 51,5000,01-01-1889 00:00,,1083,461,1083,"Kongensgade 51, 5000 Denmark",55.397363,10.380987,1889-01-01,,1889,2025,2008,POINT (10.380987 55.397363),2010,36366012.705,12040317.831,38.63,153870.17225
456,198-1,Odense Vollsmose Apot,7,"Vollsmose Allé 10, Center Øst",5240,01.01.1992,,1083,461,1083,"Vollsmose Allé 10, Center Øst, 5240 Denmark",55.3902,10.5201,1992-01-01,,1992,2025,2008,POINT (10.5201 55.3902),2010,36366012.705,12040317.831,38.63,153870.17225
590,417,Tarup Apotek,7,Rugvang 36-40,5210,01.01.1992,,1083,461,1083,"Rugvang 36-40, 5210 Denmark",55.4104024,10.3411862,1992-01-01,2016-08-31,1992,2016,2008,POINT (10.3411862 55.4104024),2010,36366012.705,12040317.831,38.63,153870.17225
220,117,Hesselager Apotek,6,Langgade 20,5874,01-01-1870 00:00,01-JUN-2012,1083,479,1083,"Langgade 20, 5874 Denmark",55.169293,10.734126,1870-01-01,2012-06-01,1870,2012,2008,POINT (10.734126 55.169293),2010,28861411.125,9578593.2525,41.61,148797.06742
575,035,Svendborg Løve Apote,6,Vestergade 16,5700,01-01-1753 00:00,,1083,479,1083,"Vestergade 16, 5700 Denmark",55.059434,10.604763,1753-01-01,,1753,2025,2008,POINT (10.604763 55.059434),2010,28861411.125,9578593.2525,41.61,148797.06742
576,161,Svendborg Sct. Nicola,6,Gerritsgade 7,5700,01-01-1896 00:00,,1083,479,1083,"Gerritsgade 7, 5700 Denmark",55.058854,10.608782,1896-01-01,,1896,2025,2008,POINT (10.608782 55.058854),2010,28861411.125,9578593.2525,41.61,148797.06742
650,161-1,Vester-Skerninge Apot,7,Fåborgvej 40,5762,01.01.2007,,1083,479,1083,"Fåborgvej 40, 5762 Denmark",55.074208,10.454324,2007-01-01,2016-05-29,2007,2016,2008,POINT (10.454324 55.074208),2010,28861411.125,9578593.2525,41.61,148797.06742
73,048,Bogense Apotek,13,Vestergade 9,5400,01-01-1799 00:00,31-OCT-2017,1083,480,1083,"Vestergade 9, 5400 Denmark",55.564572,10.088154,1799-01-01,2017-10-31,1799,2017,2008,POINT (10.088154 55.564572),2010,18665739.55,6251471.73,41.29,150878.88073
460,121,Otterup Apotek,6,Nørregade 2,5450,01-01-1871 00:00,,1083,480,1083,"Nørregade 2, 5450 Denmark",55.515298,10.39833,1871-01-01,,1871,2025,2008,POINT (10.39833 55.515298),2010,18665739.55,6251471.73,41.29,150878.88073
587,165,Søndersø Apotek,6,Odensevej 23,5471,01-01-1881 00:00,01-JUN-2015,1083,480,1083,"Odensevej 23, 5471 Denmark",55.484384,10.251017,1881-01-01,2015-06-01,1881,2015,2008,POINT (10.251017 55.484384),2010,18665739.55,6251471.73,41.29,150878.88073
485,027,Rudkøbing Apotek,6,Engdraget 1,5900,01-01-1753 00:00,,1083,482,1083,"Engdraget 1, 5900 Denmark",54.934778,10.715505,1753-01-01,,1753,2025,2008,POINT (10.715505 54.934778),2010,,,47.82,124851.16444
403,315,Marstal Apotek,6,Kirkestræde 23,5960,"01Jan1902 0:00:00,000",,1083,492,1083,"Kirkestræde 23, 5960 Denmark",54.853986,10.518279,1902-01-01,,1902,2025,2008,POINT (10.518279 54.853986),2010,,,48.69,124777.01486
169,415,Gram Apotek,7,Torvet 3,6510,01.01.1992,,1083,510,1083,"Torvet 3, 6510 Denmark",55.2883174,9.0479571,1992-01-01,2015-06-22,1992,2015,2008,POINT (9.0479571 55.2883174),2010,27439461.525,9111799.0125,41.02,151581.66349
184,291,Haderslev Hjorte Apot,6,Bispebroen 2 A,6100,01-01-1753 00:00,,1083,510,1083,"Bispebroen 2 A, 6100 Denmark",55.25049,9.4842702,1753-01-01,,1753,2025,2008,POINT (9.484270199999999 55.25049),2010,27439461.525,9111799.0125,41.02,151581.66349
186,292,Haderslev Løve Apote,13,Jomfrustien 40,6100,01-01-1802 00:00,,1083,510,1083,"Jomfrustien 40, 6100 Denmark",55.250568,9.496685,1802-01-01,,1802,2025,2008,POINT (9.496685000000001 55.2505680,2010,27439461.525,9111799.0125,41.02,151581.66349
672,311,Vojens Apotek,6,Rådhuscentret 11A,6500,"01Jan1922 0:00:00,000",,1083,510,1083,"Rådhuscentret 11A, 6500 Denmark",55.246032,9.291409,1922-01-01,,1922,2025,2008,POINT (9.291409 55.24603199999999),2010,27439461.525,9111799.0125,41.02,151581.66349
175,088,Grindsted Apotek,6,Borgergade 29,7200,01-01-1842 00:00,,1083,530,1083,"Borgergade 29, 7200 Denmark",55.756261,8.931128,1842-01-01,,1842,2025,2008,POINT (8.931127999999999 55.756261),2010,,,40.26,160193.23263
84,289-1,Broager Apotek,7,Storegade 6 A,6310,01.01.1992,,1083,540,1083,"Storegade 6 A, 6310 Denmark",54.8884033,9.6739573,1992-01-01,,1992,2025,2008,POINT (9.6739573 54.88840329999999),2010,32714360.16,10816022.568,41.62,149603.22517
178,289,Gråsten Apotek,6,Sundsnæs 13,6300,01-01-1828 00:00,,1083,540,1083,"Sundsnæs 13, 6300 Denmark",54.910857,9.588866,1828-01-01,,1828,2025,2008,POINT (9.588866000000001 54.9108569,2010,32714360.16,10816022.568,41.62,149603.22517
422,297,Nordborg Apotek,6,Storegade 28,6430,01-01-1835 00:00,11-JUL-2014,1083,540,1083,"Storegade 28, 6430 Denmark",55.057527,9.745282,1835-01-01,2014-07-11,1835,2014,2008,POINT (9.745282000000001 55.057527),2010,32714360.16,10816022.568,41.62,149603.22517
583,285,Sønderborg Jernbane,6,Jernbanegade 10,6400,01-01-1799 00:00,,1083,540,1083,"Jernbanegade 10, 6400 Denmark",54.910436,9.793249,1799-01-01,,1799,2025,2008,POINT (9.793249000000001 54.910436),2010,32714360.16,10816022.568,41.62,149603.22517
584,298,Sønderborg Løve Apo,6,Grundtvigs Allé 179,6400,01-01-1753 00:00,,1083,540,1083,"Grundtvigs Allé 179, 6400 Denmark",54.921095,9.808285,1753-01-01,,1753,2025,2008,POINT (9.808285 54.92109499999999),2010,32714360.16,10816022.568,41.62,149603.22517
385,302-1,Løgumkloster Apotek,7,Østergade 5B,6240,"01Jul2010 0:00:00,000",,1083,550,1083,"Østergade 5B, 6240 Denmark",55.05874,8.9538,2010-07-01,,2010,2025,2010,POINT (8.953799999999999 55.05874),2010,21655480.162,7111837.4025,42.02,138170.34301
532,295-1,Skærbæk Apotek,7,Storegade 40,6780,"01Jun2001 0:00:00,000",,1083,550,1083,"Storegade 40, 6780 Denmark",55.15857,8.762733,2001-06-01,,2001,2025,2008,POINT (8.762733000000001 55.15857),2010,21655480.162,7111837.4025,42.02,138170.34301
601,295,Toftlund Apotek,6,Søndergade 2,6520,01-12-1876 00:00,,1083,550,1083,"Søndergade 2, 6520 Denmark",55.192502,9.063822,1876-01-12,,1876,2025,2008,POINT (9.063822 55.192502),2010,21655480.162,7111837.4025,42.02,138170.34301
611,302,Tønder Løve Apotek,6,Storegade 28,6270,01-01-1753 00:00,,1083,550,1083,"Storegade 28, 6270 Denmark",54.935097,8.869037,1753-01-01,,1753,2025,2008,POINT (8.869036999999999 54.935097),2010,21655480.162,7111837.4025,42.02,138170.34301
77,253,Bramminge Apotek,6,"Storegade 2, st.",6740,"01Jan1907 0:00:00,000",,1083,561,1083,"Storegade 2, st., 6740 Denmark",55.464728,8.702538,1907-01-01,,1907,2025,2008,POINT (8.702538000000001 55.464728),2010,49650477.78,16456150.848,39.91,161462.35802
120,363,Esbjerg Jerne Apotek,6,Strandby Kirkevej 80,6705,"01Jan1967 0:00:00,000",,1083,561,1083,"Strandby Kirkevej 80, 6705 Denmark",55.478814,8.480168,1967-01-01,,1967,2025,2008,POINT (8.480167999999999 55.478814),2010,49650477.78,16456150.848,39.91,161462.35802
121,158,Esbjerg Krone Apotek,6,Kongensgade 36,6700,"01Jan1929 0:00:00,000",,1083,561,1083,"Kongensgade 36, 6700 Denmark",55.465863,8.452508,1929-01-01,,1929,2025,2008,POINT (8.452508 55.465863),2010,49650477.78,16456150.848,39.91,161462.35802
123,233,Esbjerg Neptun Apotek,6,Stormgade 2,6700,"01Jan1910 0:00:00,000",,1083,561,1083,"Stormgade 2, 6700 Denmark",55.466783,8.442996,1910-01-01,,1910,2025,2008,POINT (8.442996000000001 55.4667829,2010,49650477.78,16456150.848,39.91,161462.35802
475,008,Ribe Apotek,13,J. Lauritzens Plads 14-16,6760,01-01-1753 00:00,,1083,561,1083,"J. Lauritzens Plads 14-16, 6760 Denmark",55.3311167,8.7683738,1753-01-01,,1753,2025,2008,POINT (8.768373800000001 55.3311167,2010,49650477.78,16456150.848,39.91,161462.35802
127,363-1,Fanø Apotek,7,Hovedgaden 64,6720,01.03.2008,,1083,563,1083,"Hovedgaden 64, 6720 Denmark",55.444787,8.403412,2008-01-03,,2008,2025,2008,POINT (8.403411999999999 55.444787),2010,,,46.16,163369.57429
444,124,Nørre-Nebel Apotek,13,Bredgade 12,6830,"01Mar2003 0:00:00,000",,1083,573,1083,"Bredgade 12, 6830 Denmark",55.779635,8.286604,2003-03-01,,2003,2025,2008,POINT (8.286603999999999 55.779635),2010,32364247,10881382.16,40.53,155753.56028
636,051,Varde Apotek,6,Vestergade 3,6800,01-01-1800 00:00,,1083,573,1083,"Vestergade 3, 6800 Denmark",55.620822,8.47965,1800-01-01,,1800,2025,2008,POINT (8.479649999999999 55.620822),2010,32364247,10881382.16,40.53,155753.56028
681,098-1,Ølgod Apotek,7,Torvet 4,6870,"01Oct2010 0:00:00,000",,1083,573,1083,"Torvet 4, 6870 Denmark",55.807494,8.619919,2010-10-01,,2010,2025,2010,POINT (8.619918999999999 55.8074939,2010,32364247,10881382.16,40.53,155753.56028
95,253-1,Brørup Apotek,7,Søndergade 17,6650,01.01.1992,,1083,575,1083,"Søndergade 17, 6650 Denmark",55.481467,9.018186,1992-01-01,,1992,2025,2008,POINT (9.018186 55.481467),2010,20981661.262,6986793.7125,39.91,150920.7264
239,253-2,Holsted Apotek,7,Søndergade 16,6670,"01Jun2005 0:00:00,000",,1083,575,1083,"Søndergade 16, 6670 Denmark",55.509966,8.916999,2005-06-01,,2005,2025,2008,POINT (8.916999000000001 55.5099660,2010,20981661.262,6986793.7125,39.91,150920.7264
494,286,Rødding Apotek,6,Kongevej 2,6630,01-01-1839 00:00,,1083,575,1083,"Kongevej 2, 6630 Denmark",55.369002,9.059565,1839-01-01,,1839,2025,2008,POINT (9.059564999999999 55.369002),2010,20981661.262,6986793.7125,39.91,150920.7264
638,200,Vejen Apotek,6,Mindevej 1,6600,"01Jan1906 0:00:00,000",,1083,575,1083,"Mindevej 1, 6600 Denmark",55.474884,9.138007,1906-01-01,,1906,2025,2008,POINT (9.138007 55.474884),2010,20981661.262,6986793.7125,39.91,150920.7264
462,301-1,Padborg Apotek,7,Bovvej 9,6330,01.01.1992,,1083,580,1083,"Bovvej 9, 6330 Denmark",54.82629,9.362908,1992-01-01,,1992,2025,2008,POINT (9.362908000000001 54.82629),2010,29725612.2,9929411.6775,41.30,150320.09007
600,301,Tinglev Apotek,6,Jernbanegade 1,6360,01-01-1897 00:00,,1083,580,1083,"Jernbanegade 1, 6360 Denmark",54.936593,9.257234,1897-01-01,,1897,2025,2008,POINT (9.257234 54.936593),2010,29725612.2,9929411.6775,41.30,150320.09007
692,288,Aabenraa Løve Apotek,6,Madevej 9,6200,01-01-1753 00:00,,1083,580,1083,"Madevej 9, 6200 Denmark",55.043839,9.42051,1753-01-01,,1753,2025,2008,POINT (9.42051 55.043839),2010,29725612.2,9929411.6775,41.30,150320.09007
693,287,Aabenraa Svane Apotek,6,Opnørplads 1-3,6200,01-01-1851 00:00,,1083,580,1083,"Opnørplads 1-3, 6200 Denmark",55.0433499,9.4227116,1851-01-01,,1851,2025,2008,POINT (9.4227116 55.0433499),2010,29725612.2,9929411.6775,41.30,150320.09007
141,223,Fredericia Krone Apot,13,Prinsessegade 45-49,7000,"01Jan1907 0:00:00,000",,1083,607,1083,"Prinsessegade 45-49, 7000 Denmark",55.5686138,9.7577204,1907-01-01,,1907,2025,2008,POINT (9.7577204 55.56861379999999),2010,,,40.23,164367.62596
392,015-1,Løve Apoteket Centru,7,Jyllandsgade 23,7000,01-01-1753 00:00,,1083,607,1083,"Jyllandsgade 23, 7000 Denmark",55.565725,9.75506,1753-01-01,,1753,2025,2008,POINT (9.75506 55.565725),2010,,,40.23,164367.62596
247,166,Horsens Løve Apotek,6,Nørretorv 2,8700,01-01-1897 00:00,,1082,615,1082,"Nørretorv 2, 8700 Denmark",55.868006,9.845432,1897-01-01,,1897,2025,2008,POINT (9.845432000000001 55.8680060,2010,41922765.413,13851726.9,38.87,162102.83167
248,118,Horsens Svane Apotek,6,Grønlandsvej 1 D,8700,01-01-1870 00:00,,1082,615,1082,"Grønlandsvej 1 D, 8700 Denmark",55.8555396,9.8694629,1870-01-01,,1870,2025,2008,POINT (9.8694629 55.85553960000001),2010,41922765.413,13851726.9,38.87,162102.83167
249,019,Horsens Søndergades,6,Søndergade 12,8700,01-01-1753 00:00,,1082,615,1082,"Søndergade 12, 8700 Denmark",55.861753,9.846627,1753-01-01,,1753,2025,2008,POINT (9.846627 55.861753),2010,41922765.413,13851726.9,38.87,162102.83167
307,101,Kløver Apoteket Bræ,6,Søndergade 32,8740,01-01-1856 00:00,,1082,615,1082,"Søndergade 32, 8740 Denmark",55.969331,9.611604,1856-01-01,,1856,2025,2008,POINT (9.611604 55.969331),2010,41922765.413,13851726.9,38.87,162102.83167
101,291-1,Christiansfeld Apotek,7,Lindegade 35 C,6070,01.06.2008,,1083,621,1083,"Lindegade 35 C, 6070 Denmark",55.3555418,9.4845718,2008-01-06,,2008,2025,2008,POINT (9.484571800000001 55.3555418,2010,59560468.7,19598024.28,39.12,168928.3141
310,005,Kolding Løve Apotek,6,"Sundhedshuset, Jernbanegade 26",6000,01-01-1753 00:00,,1083,621,1083,"Sundhedshuset, Jernbanegade 26, 6000 Denmark",55.4904,9.4722,1753-01-01,,1753,2025,2008,POINT (9.472200000000001 55.4904),2010,59560468.7,19598024.28,39.12,168928.3141
625,304,Ulve Apoteket - Koldi,6,Søndergade 7,6000,"01Jan1921 0:00:00,000",,1083,621,1083,"Søndergade 7, 6000 Denmark",55.4884032,9.4731474,1921-01-01,,1921,2025,2008,POINT (9.4731474 55.4884032),2010,59560468.7,19598024.28,39.12,168928.3141
97,276,Børkop Apotek,13,Ny Boder 16,7080,"01Jan1907 0:00:00,000",,1083,630,1083,"Ny Boder 16, 7080 Denmark",55.641515,9.650983,1907-01-01,,1907,2025,2008,POINT (9.650983 55.64151500000001),2010,34170666.05,11307488.68,39.34,170238.11997
113,122,Egtved Apotek,13,Aftensang 10,6040,01-01-1871 00:00,,1083,630,1083,"Aftensang 10, 6040 Denmark",55.6193992,9.3069804,1871-01-01,,1871,2025,2008,POINT (9.3069804 55.61939920000001),2010,34170666.05,11307488.68,39.34,170238.11997
162,115,Give Apotek,6,Østergade 8-14,7323,01-01-1869 00:00,,1083,630,1083,"Østergade 8-14, 7323 Denmark",55.8463179,9.2395159,1869-01-01,,1869,2025,2008,POINT (9.239515900000001 55.8463179,2010,34170666.05,11307488.68,39.34,170238.11997
641,234,Vejle Gorms Apotek,6,Vestergade 29,7100,"01Jan1910 0:00:00,000",,1083,630,1083,"Vestergade 29, 7100 Denmark",55.7138989,9.5369305,1910-01-01,,1910,2025,2008,POINT (9.536930499999999 55.7138989,2010,34170666.05,11307488.68,39.34,170238.11997
642,036,Vejle Løve Apotek,6,Søndergade 29,7100,01-01-1753 00:00,,1083,630,1083,"Søndergade 29, 7100 Denmark",55.706083,9.532766,1753-01-01,,1753,2025,2008,POINT (9.532766000000001 55.7060829,2010,34170666.05,11307488.68,39.34,170238.11997
643,271,Vejle St. Thomas Apot,6,Nørretorv 1 B,7100,"01Jan1917 0:00:00,000",,1083,630,1083,"Nørretorv 1 B, 7100 Denmark",55.7113367,9.5366483,1917-01-01,,1917,2025,2008,POINT (9.536648300000001 55.7113367,2010,34170666.05,11307488.68,39.34,170238.11997
217,078,Herning Løve Apotek,6,Bredgade 45,7400,01-01-1832 00:00,,1082,657,1082,"Bredgade 45, 7400 Denmark",56.136107,8.969861,1832-01-01,,1832,2025,2008,POINT (8.969861 56.136107),2010,56284216.15,18738240.24,38.94,158781.66062
218,281,Herning Østergades A,6,Østergade 5,7400,"15Sep1920 0:00:00,000",,1082,657,1082,"Østergade 5, 7400 Denmark",56.136348,8.976014,1920-09-15,,1920,2025,2008,POINT (8.976013999999999 56.136348),2010,56284216.15,18738240.24,38.94,158781.66062
661,246,Vildbjerg Apotek,6,Søndergade 7,7480,"01Jan1914 0:00:00,000",,1082,657,1082,"Søndergade 7, 7480 Denmark",56.196415,8.766971,1914-01-01,,1914,2025,2008,POINT (8.766971 56.196415),2010,56284216.15,18738240.24,38.94,158781.66062
237,030,Holstebro Løveapotek,6,Store Torv 8,7500,01-01-1753 00:00,,1082,661,1082,"Store Torv 8, 7500 Denmark",56.357962,8.617337,1753-01-01,,1753,2025,2008,POINT (8.617336999999999 56.357962),2010,25652747.325,8548941.225,39.48,160476.71784
238,275,Holstebro Svane Apote,6,Nørregade 51,7500,"01Jan1917 0:00:00,000",,1082,661,1082,"Nørregade 51, 7500 Denmark",56.361775,8.618734,1917-01-01,,1917,2025,2008,POINT (8.618734 56.361775),2010,25652747.325,8548941.225,39.48,160476.71784
621,120,Ulfborg Apotek,13,Bredgade 9,6990,01-01-1871 00:00,,1082,661,1082,"Bredgade 9, 6990 Denmark",56.272171,8.322184,1871-01-01,,1871,2025,2008,POINT (8.322184 56.27217099999999),2010,25652747.325,8548941.225,39.48,160476.71784
662,213,Vinderup Apotek,6,Søndergade 14,7830,"01Jan1904 0:00:00,000",01-SEP-2012,1082,661,1082,"Søndergade 14, 7830 Denmark",56.481051,8.778564,1904-01-01,2012-09-01,1904,2012,2008,POINT (8.778563999999999 56.481051),2010,25652747.325,8548941.225,39.48,160476.71784
98,120-1,Bøvlingbjerg Apotek,7,"Fårevej 143, Lejlighed 1",7650,02.03.2009,,1082,665,1082,"Fårevej 143, Lejlighed 1, 7650 Denmark",56.438621,8.20251,2009-02-03,,2009,2025,2009,POINT (8.20251 56.438621),2010,,,42.13,156805.58915
364,064,Lemvig Apotek,6,Vasen 6,7620,01-01-1813 00:00,,1082,665,1082,"Vasen 6, 7620 Denmark",56.549513,8.310131,1813-01-01,,1813,2025,2008,POINT (8.310131 56.549513),2010,,,42.13,156805.58915
566,150,Struer Apotek,6,Østergade 11,7600,01-01-1878 00:00,,1082,671,1082,"Østergade 11, 7600 Denmark",56.492144,8.593388,1878-01-01,,1878,2025,2008,POINT (8.593388000000001 56.492144),2010,,,41.52,151397.05204
111,070,Ebeltoft Apotek,6,Bryggerivej 4,8400,01-01-1815 00:00,,1082,706,1082,"Bryggerivej 4, 8400 Denmark",56.199654,10.681064,1815-01-01,,1815,2025,2008,POINT (10.681064 56.199654),2010,29889415.1,9817823.22,41.98,157142.37787
244,104,Hornslet Apotek,6,Byvej 8,8543,01-01-1857 00:00,,1082,706,1082,"Byvej 8, 8543 Denmark",56.316491,10.3204,1857-01-01,,1857,2025,2008,POINT (10.3204 56.31649100000001),2010,29889415.1,9817823.22,41.98,157142.37787
314,070-1,Kolind Apotek,7,Drasbeksgade 16,8560,02.07.2008,,1082,706,1082,"Drasbeksgade 16, 8560 Denmark",56.362668,10.588453,2008-02-07,,2008,2025,2008,POINT (10.588453 56.36266800000001),2010,29889415.1,9817823.22,41.98,157142.37787
55,104-1,Auning Apotek,7,Centervej 4B,8963,29.12.2009,,1082,707,1082,"Centervej 4B, 8963 Denmark",56.4322538,10.3714639,2009-12-29,,2009,2025,2009,POINT (10.3714639 56.43225379999999,2010,,,42.43,147222.63235
172,037,Grenaa Apotek,6,Kannikegade 12,8500,01-01-1753 00:00,,1082,707,1082,"Kannikegade 12, 8500 Denmark",56.41217,10.876357,1753-01-01,,1753,2025,2008,POINT (10.876357 56.41217),2010,,,42.43,147222.63235
187,164,Hadsten Apotek,6,Vesselbjergvej 8,8370,01-01-1896 00:00,,1082,710,1082,"Vesselbjergvej 8, 8370 Denmark",56.328232,10.047822,1896-01-01,,1896,2025,2008,POINT (10.047822 56.32823199999999),2010,28131206.35,9346480.04,38.37,172496.76386
192,087,Hammel Frijsenborg Ap,13,Østergade 1,8450,01-01-1841 00:00,,1082,710,1082,"Østergade 1, 8450 Denmark",56.2572838,9.8686624,1841-01-01,,1841,2025,2008,POINT (9.868662400000002 56.2572838,2010,28131206.35,9346480.04,38.37,172496.76386
224,164-1,Hinnerup Apotek,7,Storegade 5,8382,"01Oct2006 0:00:00,000",,1082,710,1082,"Storegade 5, 8382 Denmark",56.264038,10.062066,2006-10-01,,2006,2025,2008,POINT (10.062066 56.264038),2010,28131206.35,9346480.04,38.37,172496.76386
447,096,Odder Apotek,6,Rosensgade 14,8300,01-01-1850 00:00,,1082,727,1082,"Rosensgade 14, 8300 Denmark",55.972531,10.147434,1850-01-01,,1850,2025,2008,POINT (10.147434 55.972531),2010,,,40.82,166091.19649
470,274,Randers Jernbane Apot,6,Vestertorv 2,8900,"01Jan1917 0:00:00,000",,1082,730,1082,"Vestertorv 2, 8900 Denmark",56.9545616,8.6851127,1917-01-01,,1917,2025,2008,POINT (8.685112699999999 56.9545616,2010,67379086.8,22393038.76,40.19,156159.19464
471,011,Randers Løve Apotek,6,Østervold 24,8900,01-01-1753 00:00,,1082,730,1082,"Østervold 24, 8900 Denmark",56.460735,10.039052,1753-01-01,,1753,2025,2008,POINT (10.039052 56.460735),2010,67379086.8,22393038.76,40.19,156159.19464
474,326,Randers Sønderbros A,6,Dytmærsken 10,8900,"01Jan1931 0:00:00,000",,1082,730,1082,"Dytmærsken 10, 8900 Denmark",56.458931,10.03876,1931-01-01,,1931,2025,2008,POINT (10.03876 56.45893100000001),2010,67379086.8,22393038.76,40.19,156159.19464
305,112,Kjellerup Apotek,6,Bryggerstræde 5,8620,01-01-1868 00:00,,1082,740,1082,"Bryggerstræde 5, 8620 Denmark",56.288676,9.431164,1868-01-01,,1868,2025,2008,POINT (9.431164000000001 56.288676),2010,43990285.088,14453272.613,39.12,168447.69123
511,204,Silkeborg Himmelbjerg,6,Borgergade 20,8600,"01Jan1903 0:00:00,000",,1082,740,1082,"Borgergade 20, 8600 Denmark",56.17723,9.55455,1903-01-01,,1903,2025,2008,POINT (9.554550000000001 56.17723),2010,43990285.088,14453272.613,39.12,168447.69123
513,344,Silkeborg Svane Apote,6,Torvet 9,8600,"01Jan1938 0:00:00,000",,1082,740,1082,"Torvet 9, 8600 Denmark",54.7740911,11.5022116,1938-01-01,,1938,2025,2008,POINT (11.5022116 54.7740911),2010,43990285.088,14453272.613,39.12,168447.69123
514,089,Silkeborg Ørne Apote,13,Vestergade 9,8600,01-01-1842 00:00,,1082,740,1082,"Vestergade 9, 8600 Denmark",56.5404659,9.8970593,1842-01-01,,1842,2025,2008,POINT (9.8970593 56.5404659),2010,43990285.088,14453272.613,39.12,168447.69123
508,096-1,Samsø Apotek,7,"Langgade 6, Tranebjerg",8305,"01Jan2005 0:00:00,000",,1082,741,1082,"Langgade 6, Tranebjerg, 8305 Denmark",55.8326137,10.5894103,2005-01-01,,2005,2025,2008,POINT (10.5894103 55.8326137),2010,,,48.04,126307.78661
159,129,Galten Apotek,13,Torvet 3,8464,01-01-1876 00:00,,1082,746,1082,"Torvet 3, 8464 Denmark",56.155132,9.90418,1876-01-01,,1876,2025,2008,POINT (9.90418 56.15513199999999),2010,,,38.24,184515.97091
519,060,Skanderborg Apotek,6,Adelgade 61,8660,01-01-1806 00:00,,1082,746,1082,"Adelgade 61, 8660 Denmark",56.033381,9.931795,1806-01-01,,1806,2025,2008,POINT (9.931794999999999 56.0333810,2010,,,38.24,184515.97091
379,178-1,Lystrup Apotek,7,Lystrup Centervej 85,8520,"03Dec2001 0:00:00,000",,1082,751,1082,"Lystrup Centervej 85, 8520 Denmark",56.237686,10.234262,2001-12-03,,2001,2025,2008,POINT (10.234262 56.237686),2010,48154777.738,15754101.988,36.85,167376.22575
714,366,Aarhus City Vest Apot,6,Gudrunsvej 7 st. 129,8220,"01Jan1998 0:00:00,000",,1082,751,1082,"Gudrunsvej 7 st. 129, 8220 Denmark",56.1531,10.1057,1998-01-01,,1998,2025,2008,POINT (10.1057 56.1531),2010,48154777.738,15754101.988,36.85,167376.22575
715,132,Aarhus Jernbane Apote,6,Banegårdspladsen 8,8000,01-01-1878 00:00,,1082,751,1082,"Banegårdspladsen 8, 8000 Denmark",56.150812,10.204054,1878-01-01,,1878,2025,2008,POINT (10.204054 56.150812),2010,48154777.738,15754101.988,36.85,167376.22575
716,006,Aarhus Løve Apotek,6,Store Torv 5,8000,01-01-1753 00:00,,1082,751,1082,"Store Torv 5, 8000 Denmark",56.157192,10.208629,1753-01-01,,1753,2025,2008,POINT (10.208629 56.157192),2010,48154777.738,15754101.988,36.85,167376.22575
718,241,Aarhus Marselisborg A,6,Rundhøj Torv 3,8270,"01Jan1913 0:00:00,000",,1082,751,1082,"Rundhøj Torv 3, 8270 Denmark",56.1112,10.2099,1913-01-01,,1913,2025,2008,POINT (10.2099 56.1112),2010,48154777.738,15754101.988,36.85,167376.22575
719,347,Aarhus Sct. Lukas Apo,6,Frederiks Allé 178,8000,"01Jan1939 0:00:00,000",,1082,751,1082,"Frederiks Allé 178, 8000 Denmark",56.146221,10.193331,1939-01-01,,1939,2025,2008,POINT (10.193331 56.146221),2010,48154777.738,15754101.988,36.85,167376.22575
720,179,Aarhus Sct. Pauls Apo,6,Jægergårdsgade 76,8000,01-01-1899 00:00,01-JUL-2011,1082,751,1082,"Jægergårdsgade 76, 8000 Denmark",56.148094,10.20175,1899-01-01,2011-07-01,1899,2011,2008,POINT (10.20175 56.14809399999999),2010,48154777.738,15754101.988,36.85,167376.22575
721,352,Aarhus Stjerne Apotek,6,Funch Thomsens Gade 3,8200,"01Jan1953 0:00:00,000",,1082,751,1082,"Funch Thomsens Gade 3, 8200 Denmark",56.174689,10.203284,1953-01-01,,1953,2025,2008,POINT (10.203284 56.174689),2010,48154777.738,15754101.988,36.85,167376.22575
723,317,Aarhus Trøjborg Apot,13,Tordenskjoldsgade 30,8200,"01Jan1924 0:00:00,000",,1082,751,1082,"Tordenskjoldsgade 30, 8200 Denmark",56.170728,10.216452,1924-01-01,,1924,2025,2008,POINT (10.216452 56.170728),2010,48154777.738,15754101.988,36.85,167376.22575
724,178,Aarhus Vejlby Apotek,6,Vejlbygade 16 A,8240,01-01-1899 00:00,,1082,751,1082,"Vejlbygade 16 A, 8240 Denmark",56.195078,10.2138928,1899-01-01,,1899,2025,2008,POINT (10.2138928 56.195078),2010,48154777.738,15754101.988,36.85,167376.22575
725,331,Aarhus Viby Apotek,6,"Viby Ringvej 10, ST. 26",8260,"01Jan1933 0:00:00,000",,1082,751,1082,"Viby Ringvej 10, ST. 26, 8260 Denmark",56.1725582,10.1535049,1933-01-01,,1933,2025,2008,POINT (10.1535049 56.1725582),2010,48154777.738,15754101.988,36.85,167376.22575
726,337,Aarhus Åbyhøj Apote,6,Haslevej 17,8230,"01Jan1936 0:00:00,000",,1082,751,1082,"Haslevej 17, 8230 Denmark",56.156458,10.164773,1936-01-01,,1936,2025,2008,POINT (10.164773 56.15645799999999),2010,48154777.738,15754101.988,36.85,167376.22575
78,115-1,Brande Apotek,7,Storegade 13,7330,"01May2009 0:00:00,000",,1082,756,1082,"Storegade 13, 7330 Denmark",55.943996,9.126554,2009-05-01,,2009,2025,2009,POINT (9.126553999999999 55.943996),2010,24319132.8,8203672.97,39.42,156496.33874
279,249,Ikast Apotek,13,Østergade 15,7430,"01Jan1914 0:00:00,000",,1082,756,1082,"Østergade 15, 7430 Denmark",56.13988,9.157542,1914-01-01,,1914,2025,2008,POINT (9.157541999999999 56.1398800,2010,24319132.8,8203672.97,39.42,156496.33874
445,156-1,Nørre-Snede Apotek,7,Bredgade 22,8766,"01Jun2009 0:00:00,000",,1082,756,1082,"Bredgade 22, 8766 Denmark",55.9685793,9.3977107,2009-06-01,,2009,2025,2009,POINT (9.397710699999999 55.9685792,2010,24319132.8,8203672.97,39.42,156496.33874
477,038,Ringkøbing Løve Apo,6,Torvegade 5,6950,01-01-1753 00:00,,1082,760,1082,"Torvegade 5, 6950 Denmark",56.0906611,8.2424758,1753-01-01,,1753,2025,2008,POINT (8.242475799999999 56.0906611,2010,27076898.137,9010698.4725,40.23,156552.16806
528,305,Skjern Apotek,13,Bredgade 44B,6900,"01Jan1921 0:00:00,000",,1082,760,1082,"Bredgade 44B, 6900 Denmark",55.946996,8.494403,1921-01-01,,1921,2025,2008,POINT (8.494403 55.946996),2010,27076898.137,9010698.4725,40.23,156552.16806
589,098,Tarm Apotek,6,Storegade 27,6880,09-12-1851 00:00,,1082,760,1082,"Storegade 27, 6880 Denmark",55.907132,8.520984,1851-09-12,,1851,2025,2008,POINT (8.520984 55.907132),2010,27076898.137,9010698.4725,40.23,156552.16806
658,038-1,Videbæk Apotek,7,Bredgade 32,6920,"01May2009 0:00:00,000",,1082,760,1082,"Bredgade 32, 6920 Denmark",56.091332,8.6306,2009-05-01,,2009,2025,2009,POINT (8.630599999999999 56.0913319,2010,27076898.137,9010698.4725,40.23,156552.16806
208,248,Hedensted Apotek,6,Bytorvet 21 B,8722,"01Jan1914 0:00:00,000",,1082,766,1082,"Bytorvet 21 B, 8722 Denmark",55.7685767,9.6999617,1914-01-01,,1914,2025,2008,POINT (9.699961699999999 55.7685767,2010,29548336.55,9828628.03,39.52,164822.50409
245,108,Hornsyld Apotek,6,Apotekerbakken 23,8783,01-01-1860 00:00,27-MAY-2015,1082,766,1082,"Apotekerbakken 23, 8783 Denmark",55.753975,9.85203,1860-01-01,2015-05-27,1860,2015,2008,POINT (9.852030000000001 55.753975),2010,29548336.55,9828628.03,39.52,164822.50409
620,156,Uldum Apotek,6,Søndergade 18,7171,01-01-1873 00:00,,1082,766,1082,"Søndergade 18, 7171 Denmark",55.846443,9.58943,1873-01-01,,1873,2025,2008,POINT (9.58943 55.84644300000001),2010,29548336.55,9828628.03,39.52,164822.50409
431,314,Nykøbing Mors Sct. C,6,Algade 3,7900,"01Jan1923 0:00:00,000",,1081,773,1081,"Algade 3, 7900 Denmark",56.794109,8.857267,1923-01-01,,1923,2025,2008,POINT (8.857267 56.794109),2010,,,42.73,133129.83195
687,314-1,Øster Jølby Apotek,7,Doktor Lunds Vej 4,7950,01.11.2007,,1081,773,1081,"Doktor Lunds Vej 4, 7950 Denmark",56.83329,8.718862,2007-01-11,,2007,2025,2008,POINT (8.718862 56.83329000000001),2010,,,42.73,133129.83195
60,143-1,Balling Apotek,7,"Vestergade 1, Balling",7860,"01Dec2003 0:00:00,000",,1082,779,1082,"Vestergade 1, Balling, 7860 Denmark",56.6157838,8.8821834,2003-12-01,,2003,2025,2008,POINT (8.882183400000001 56.6157838,2010,25554593.775,8466984.9975,41.00,149082.32983
484,143,Roslev Apotek,6,Jernbanegade 15,7870,01-01-1885 00:00,,1082,779,1082,"Jernbanegade 15, 7870 Denmark",56.70287,8.990748,1885-01-01,,1885,2025,2008,POINT (8.990748 56.70287),2010,25554593.775,8466984.9975,41.00,149082.32983
525,053,Skive Løve Apotek,6,Posthustorvet 1A,7800,01-01-1801 00:00,,1082,779,1082,"Posthustorvet 1A, 7800 Denmark",56.565328,9.026396,1801-01-01,,1801,2025,2008,POINT (9.026396 56.565328),2010,25554593.775,8466984.9975,41.00,149082.32983
527,273,Skive Svane Apotek,6,Sdr. Boulevard 7,7800,"01Jan1917 0:00:00,000",,1082,779,1082,"Sdr. Boulevard 7, 7800 Denmark",56.535863,9.0378215,1917-01-01,,1917,2025,2008,POINT (9.0378215 56.535863),2010,25554593.775,8466984.9975,41.00,149082.32983
257,277,Hurup Apotek,6,Sundsvej 1,7760,"15Dec1918 0:00:00,000",,1081,787,1081,"Sundsvej 1, 7760 Denmark",56.7484,8.420189,1918-12-15,,1918,2025,2008,POINT (8.420189000000001 56.7484),2010,34677746.85,11508760.8,41.52,145787.07624
594,247,Thisted Løve Apotek,6,Sydhavnsvej 11,7700,"01Jan1914 0:00:00,000",,1081,787,1081,"Sydhavnsvej 11, 7700 Denmark",56.951526,8.693209,1914-01-01,,1914,2025,2008,POINT (8.693209 56.951526),2010,34677746.85,11508760.8,41.52,145787.07624
595,039,Thisted Svane Apotek,6,Storegade 5,7700,01-01-1753 00:00,,1081,787,1081,"Storegade 5, 7700 Denmark",56.9547934,8.6944703,1753-01-01,,1753,2025,2008,POINT (8.694470300000001 56.9547934,2010,34677746.85,11508760.8,41.52,145787.07624
71,145,Bjerringbro Apotek,6,Nørregade 4,8850,01-01-1877 00:00,,1082,791,1082,"Nørregade 4, 8850 Denmark",56.3856312,9.6721143,1877-01-01,,1877,2025,2008,POINT (9.6721143 56.38563120000001),2010,34004233.275,11102708.355,39.53,163806.52288
193,131-1,Hammershøj Apotek,7,Randersvej 8,8830,01.01.1992,,1082,791,1082,"Randersvej 8, 8830 Denmark",56.499378,9.751857,1992-01-01,,1992,2025,2008,POINT (9.751857000000001 56.499378),2010,34004233.275,11102708.355,39.53,163806.52288
299,246-1,Karup Apotek,7,Herningvej 2,7470,"09Jan2006 0:00:00,000",,1082,791,1082,"Herningvej 2, 7470 Denmark",56.309049,9.165571,2006-01-09,,2006,2025,2008,POINT (9.165571 56.309049),2010,34004233.275,11102708.355,39.53,163806.52288
558,250,Stoholm Apotek,6,Johan Bittmannsvej 2 C,7850,"01Jan1914 0:00:00,000",01-SEP-2018,1082,791,1082,"Johan Bittmannsvej 2 C, 7850 Denmark",56.5476,8.9522,1914-01-01,2018-09-01,1914,2018,2008,POINT (8.952199999999999 56.5476),2010,34004233.275,11102708.355,39.53,163806.52288
653,131,Viborg Løve Apotek,6,Sct. Mathias Gade 66 st.,8800,01-01-1877 00:00,,1082,791,1082,"Sct. Mathias Gade 66 st., 8800 Denmark",56.4532,9.402,1877-01-01,,1877,2025,2008,POINT (9.402000000000001 56.4532),2010,34004233.275,11102708.355,39.53,163806.52288
656,003,Viborg Svane Apotek,6,Lille Sct. Peder Stræde 10-12,8800,01-01-1753 00:00,,1082,791,1082,"Lille Sct. Peder Stræde 10-12, 8800 Denmark",56.4478406,9.4056514,1753-01-01,,1753,2025,2008,POINT (9.405651400000002 56.4478406,2010,34004233.275,11102708.355,39.53,163806.52288
92,172,Brønderslev Apotek,6,Peder Møllers Plads 10,9700,01-01-1883 00:00,,1081,810,1081,"Peder Møllers Plads 10, 9700 Denmark",57.2685538,9.9482643,1883-01-01,,1883,2025,2008,POINT (9.948264300000002 57.2685537,2010,,,40.94,148324.76839
109,144,Dronninglund Apotek,6,Slotsgade 64,9330,01-01-1876 00:00,,1081,810,1081,"Slotsgade 64, 9330 Denmark",57.159268,10.289593,1876-01-01,,1876,2025,2008,POINT (10.289593 57.159268),2010,,,40.94,148324.76839
151,066,Frederikshavn Løve A,6,Hangaardsvej 7,9900,01-01-1810 00:00,,1081,813,1081,"Hangaardsvej 7, 9900 Denmark",57.438716,10.534169,1810-01-01,,1810,2025,2008,POINT (10.534169 57.43871600000001),2010,26979834.18,9030212.466,43.24,149634.03895
152,313,Frederikshavn Svane A,6,Søndergade 1,9900,"01Jan1923 0:00:00,000",,1081,813,1081,"Søndergade 1, 9900 Denmark",57.4269495,10.519816,1923-01-01,,1923,2025,2008,POINT (10.519816 57.4269495),2010,26979834.18,9030212.466,43.24,149634.03895
517,212,Skagen Apotek,6,Sct. Laurentiivej 44,9990,"01Jan1903 0:00:00,000",,1081,813,1081,"Sct. Laurentiivej 44, 9990 Denmark",57.7209,10.5839,1903-01-01,,1903,2025,2008,POINT (10.5839 57.7209),2010,26979834.18,9030212.466,43.24,149634.03895
580,069,Sæby Apotek,6,Søndergade 7,9300,01-01-1815 00:00,,1081,813,1081,"Søndergade 7, 9300 Denmark",57.334915,10.520444,1815-01-01,,1815,2025,2008,POINT (10.520444 57.334915),2010,26979834.18,9030212.466,43.24,149634.03895
690,069-1,Østervrå Apotek,7,Industrivej 10,9750,"01Aug2005 0:00:00,000",,1081,813,1081,"Industrivej 10, 9750 Denmark",57.340565,10.238498,2005-08-01,,2005,2025,2008,POINT (10.238498 57.34056500000001),2010,26979834.18,9030212.466,43.24,149634.03895
128,107,Farsø Apotek,6,Nørregade 11,9640,01-01-1860 00:00,01-MAY-2018,1081,820,1081,"Nørregade 11, 9640 Denmark",56.773242,9.339891,1860-01-01,2018-05-01,1860,2018,2008,POINT (9.339891 56.773242),2010,20243362.275,6719528.5875,41.24,143820.51595
380,084,Løgstør Apotek,13,Østerbrogade 1 B,9670,01-01-1832 00:00,01-MAY-2018,1081,820,1081,"Østerbrogade 1 B, 9670 Denmark",56.967231,9.252521,1832-01-01,2018-05-01,1832,2018,2008,POINT (9.252521 56.96723100000001),2010,20243362.275,6719528.5875,41.24,143820.51595
710,260,Aalestrup Apotek,13,Borgergade 5,9620,"01Jan1905 0:00:00,000",01-JUN-2016,1081,820,1081,"Borgergade 5, 9620 Denmark",56.694251,9.496357,1905-01-01,2016-06-01,1905,2016,2008,POINT (9.496357000000001 56.694251),2010,20243362.275,6719528.5875,41.24,143820.51595
727,259,Aars Apotek,6,Søndergade 34,9600,"01Jan1905 0:00:00,000",,1081,820,1081,"Søndergade 34, 9600 Denmark",56.802114,9.519024,1905-01-01,,1905,2025,2008,POINT (9.519024 56.802114),2010,20243362.275,6719528.5875,41.24,143820.51595
533,220,Skørping Apotek,6,Sverriggårdsvej 10,9520,"01Jan1906 0:00:00,000",,1081,840,1081,"Sverriggårdsvej 10, 9520 Denmark",56.836407,9.889342,1906-01-01,,1906,2025,2008,POINT (9.889341999999999 56.8364069,2010,,,39.54,166213.80078
572,416,Støvring Apotek,6,Hobrovej 84,9530,01.01.2000,,1081,840,1081,"Hobrovej 84, 9530 Denmark",56.890056,9.836933,2000-01-01,2020-01-27,2000,2020,2008,POINT (9.836933 56.89005600000001),2010,,,39.54,166213.80078
189,218,Hadsund Apotek,6,Storegade 23-25,9560,"01Jan1905 0:00:00,000",,1081,846,1081,"Storegade 23-25, 9560 Denmark",56.7153131,10.1131185,1905-01-01,,1905,2025,2008,POINT (10.1131185 56.7153131),2010,31335031.9,10378645.76,41.01,153599.34439
234,054,Hobro Apotek,6,Adelgade 18,9500,01-01-1803 00:00,,1081,846,1081,"Adelgade 18, 9500 Denmark",56.639388,9.793265,1803-01-01,,1803,2025,2008,POINT (9.793265 56.639388),2010,31335031.9,10378645.76,41.01,153599.34439
399,218-1,Mariager Apotek,7,Østergade 10,9550,12.10.2007,,1081,846,1081,"Østergade 10, 9550 Denmark",56.651484,9.983627,2007-12-10,,2007,2025,2008,POINT (9.983627 56.651484),2010,31335031.9,10378645.76,41.01,153599.34439
85,105-3,Brovst Apotek,7,Østergade 16,9460,"01Nov2009 0:00:00,000",,1081,849,1081,"Østergade 16, 9460 Denmark",57.097293,9.524836,2009-11-01,,2009,2025,2009,POINT (9.524836000000001 57.0972930,2010,26560737.75,8869021.75,41.53,149632.80921
135,039-1,Fjerritslev Apotek,7,Østergade 11-13,9690,"01Jul2010 0:00:00,000",,1081,849,1081,"Østergade 11-13, 9690 Denmark",57.08752,9.2860061,2010-07-01,,2010,2025,2010,POINT (9.2860061 57.08752),2010,26560737.75,8869021.75,41.53,149632.80921
694,105,Aabybro Apotek,6,Østergade 36,9440,07.05.2008,,1081,849,1081,"Østergade 36, 9440 Denmark",57.159459,9.732615,2008-07-05,,2008,2025,2008,POINT (9.732614999999999 57.159459),2010,26560737.75,8869021.75,41.53,149632.80921
190,144-1,Hals Apotek,7,Havnegade 7A,9370,"01Feb2006 0:00:00,000",,1081,851,1081,"Havnegade 7A, 9370 Denmark",56.993303,10.307272,2006-02-01,,2006,2025,2008,POINT (10.307272 56.993303),2010,38399474.115,12746052.471,39.10,161992.82399
417,057,Nibe Apotek,13,Mellemgade 9,9240,01-01-1804 00:00,30-SEP-2013,1081,851,1081,"Mellemgade 9, 9240 Denmark",56.982515,9.638064,1804-01-01,2013-09-30,1804,2013,2008,POINT (9.638064 56.982515),2010,38399474.115,12746052.471,39.10,161992.82399
562,176,Storvorde Sejlflod Ap,13,Rødhøjvej 2,9280,01-01-1899 00:00,,1081,851,1081,"Rødhøjvej 2, 9280 Denmark",57.000115,10.101044,1899-01-01,,1899,2025,2008,POINT (10.101044 57.000115),2010,38399474.115,12746052.471,39.10,161992.82399
697,181,Aalborg Budolfi Apote,6,Algade 60,9000,"01Jan1900 0:00:00,000",,1081,851,1081,"Algade 60, 9000 Denmark",57.048407,9.916179,1900-01-01,,1900,2025,2008,POINT (9.916179 57.048407),2010,38399474.115,12746052.471,39.10,161992.82399
698,063,Aalborg Løve Apotek,6,Nytorv 3,9000,01-01-1813 00:00,,1081,851,1081,"Nytorv 3, 9000 Denmark",57.048682,9.922587,1813-01-01,,1813,2025,2008,POINT (9.922587 57.04868199999999),2010,38399474.115,12746052.471,39.10,161992.82399
699,092,Aalborg Nørresundby,6,Torvet 3A,9400,01-01-1844 00:00,,1081,851,1081,"Torvet 3A, 9400 Denmark",57.0483,9.9352,1844-01-01,,1844,2025,2008,POINT (9.9352 57.0483),2010,38399474.115,12746052.471,39.10,161992.82399
700,255,Aalborg Reberbane Apo,6,Reberbansgade 25,9000,"01Jan1920 0:00:00,000",,1081,851,1081,"Reberbansgade 25, 9000 Denmark",57.049627,9.911455,1920-01-01,,1920,2025,2008,POINT (9.911455 57.049627),2010,38399474.115,12746052.471,39.10,161992.82399
703,010,Aalborg Svane Apotek,6,Østerågade 9,9000,01-01-1753 00:00,31-DEC-2013,1081,851,1081,"Østerågade 9, 9000 Denmark",57.048437,9.921128,1753-01-01,2013-12-31,1753,2013,2008,POINT (9.921128 57.048437),2010,38399474.115,12746052.471,39.10,161992.82399
704,306,Aalborg Vejgaard Apot,6,Hadsundvej 33 B,9000,"01Jan1922 0:00:00,000",,1081,851,1081,"Hadsundvej 33 B, 9000 Denmark",57.0204119,9.967827,1922-01-01,,1922,2025,2008,POINT (9.967827 57.02041189999999),2010,38399474.115,12746052.471,39.10,161992.82399
706,361,Aalborg Aalborghus Ap,6,Grønlands Torv 10,9210,"01Jan1966 0:00:00,000",,1081,851,1081,"Grønlands Torv 10, 9210 Denmark",57.022597,9.941768,1966-01-01,,1966,2025,2008,POINT (9.941768 57.022597),2010,38399474.115,12746052.471,39.10,161992.82399
225,356,Hirtshals Apotek,6,Jørgen Fibigersgade 18,9850,"01Jan1959 0:00:00,000",,1081,860,1081,"Jørgen Fibigersgade 18, 9850 Denmark",57.590496,9.959974,1959-01-01,,1959,2025,2008,POINT (9.959974000000001 57.5904959,2010,24483385.075,8065314.575,41.43,148226.57566
232,045,Hjørring Løve Apote,6,Østergade 7 A,9800,01-01-1794 00:00,,1081,860,1081,"Østergade 7 A, 9800 Denmark",57.4577455,9.9949392,1794-01-01,,1794,2025,2008,POINT (9.994939199999999 57.4577454,2010,24483385.075,8065314.575,41.43,148226.57566
233,236,Hjørring Svane Apote,6,Strømgade 5,9800,"01Jan1911 0:00:00,000",30-JUN-2019,1081,860,1081,"Strømgade 5, 9800 Denmark",57.4613334,9.9857512,1911-01-01,2019-06-30,1911,2019,2008,POINT (9.985751199999999 57.4613334,2010,24483385.075,8065314.575,41.43,148226.57566
386,160-1,Løkken Apotek,7,Jyllandsgade 13,9480,01.03.1994,,,860,,"Jyllandsgade 13, 9480 Denmark",57.368501,9.712002,1994-01-03,2012-06-30,1994,2012,2008,POINT (9.712002 57.368501),2010,24483385.075,8065314.575,41.43,148226.57566
516,356-1,Sindal Apotek,7,Vestergade 2 A,9870,"01Jan2005 0:00:00,000",,1081,860,1081,"Vestergade 2 A, 9870 Denmark",57.470677,10.1987474,2005-01-01,,2005,2025,2008,POINT (10.1987474 57.470677),2010,24483385.075,8065314.575,41.43,148226.57566
674,160,Vrå Apotek,6,Jernbanegade 6,9760,"01Jan1907 0:00:00,000",31-AUG-2013,1081,860,1081,"Jernbanegade 6, 9760 Denmark",57.353965,9.942166,1907-01-01,2013-08-31,1907,2013,2008,POINT (9.942166 57.353965),2010,24483385.075,8065314.575,41.43,148226.57566
